Date,SharesOutstanding,Volatility,RSI,P/E Ratio,% Change Adj Close,% Change Open,% Change Volume,% Change Market Cap,% Change Volatility,% Change RSI,Log Open,Log Adjusted Close,Log Volume,Log Market Cap
2014-12-08 00:00:00-05:00,40923900.0,,,0.6126194000244141,,,,,,,1.8207062930803437,1.8125736762480587,12.369041473808313,29.896266276232392
2014-12-09 00:00:00-05:00,40923900.0,,,0.609156322479248,-0.005652902185317665,-0.017445038366949994,0.1151231945624469,0.1151231945624469,,,1.8031072968704416,1.8069047359413364,12.478006361013815,30.005231163437895
2014-12-10 00:00:00-05:00,40923900.0,,,0.602229642868042,-0.011370939372367772,-0.0012683660138471664,0.4350476190476191,0.4350476190476191,,,1.801838125799612,1.7954686531390693,12.839204393680133,30.36642919610421
2014-12-11 00:00:00-05:00,40923900.0,,,0.6006899833679199,-0.0025565986635756044,-0.005080048984057894,-0.237589593841253,-0.237589593841253,,,1.7967451294994339,1.7929087807962842,12.567934116156206,30.095158918580285
2014-12-12 00:00:00-05:00,40923900.0,,,0.5929941654205322,-0.012811630226026383,-0.010848101447006986,0.5717270194986073,0.5717270194986073,,,1.785837758367803,1.7800143738727514,13.020109143365572,30.54733394578965
2014-12-15 00:00:00-05:00,40923900.0,,,0.589915418624878,-0.0051918669275117235,-0.0025810815422475653,-0.1433318564466105,-0.1433318564466105,,,1.7832533400917667,1.774808982371977,12.865404477595389,30.392629280019467
2014-12-16 00:00:00-05:00,40923900.0,0.09587961507355382,,0.5929941654205322,0.005218963089371309,-0.01099568878498891,0.14765968450995604,0.14765968450995604,,,1.772196751888676,1.7800143738727514,13.003129289480631,30.53035409190471
2014-12-17 00:00:00-05:00,40923900.0,0.07061286879855705,,0.6071546077728273,0.04495902979650457,0.007518525667987719,-0.030869761153672792,-0.030869761153672792,-0.26352573751587804,,1.7796871543181134,1.8239920525845936,12.971773018771827,30.498997821195903
2014-12-18 00:00:00-05:00,40923900.0,0.0772822156348607,,0.6114221096038819,-0.01328562406488798,0.02879574210121416,-0.19204836084631483,-0.19204836084631483,0.09444945304983743,,1.8080760901066593,1.8106173850717258,12.758519943986984,30.285744746411062
2014-12-19 00:00:00-05:00,40923900.0,0.08676543833256742,,0.6137498378753662,0.003807072454400595,0.0019083797255756707,0.1562589928057554,0.1562589928057554,0.12270899093411858,,1.8099826511890535,1.8144172289664147,12.903709731362971,30.43093453378705
2014-12-22 00:00:00-05:00,40923900.0,0.10215423293416193,,0.6079302310943604,-0.009482050213083015,0.0044440139993568994,-0.3292682926829268,-0.3292682926829268,0.17736088121413118,,1.8144168197163641,1.804889937904081,12.504323669331189,30.031548471755265
2014-12-23 00:00:00-05:00,40923900.0,0.10064372738885101,,0.6149136066436768,0.011487133213864409,-0.015170464913806914,0.15732838589981446,0.15732838589981446,-0.014786519382749774,,1.7991301061033633,1.8163115949484567,12.650437902595895,30.177662705019973
2014-12-24 00:00:00-05:00,40923900.0,0.10108385916254321,,0.6118102073669434,-0.005046886657253169,0.012837392990979302,-0.43475472907983326,-0.43475472907983326,0.004373166466616452,,1.8118857982393313,1.8112519297460272,12.07994236838596,29.60716717081004
2014-12-26 00:00:00-05:00,40923900.0,0.0786183684824428,55.299230147642106,0.6201180934906005,0.07552650408126205,0.006443706182108322,1.0,1.0,-0.22224607238209837,,1.818308832501755,1.8840622426652507,13.15676480412166,30.68398960654574
2014-12-29 00:00:00-05:00,40923900.0,0.050529246391943054,56.281704474747166,0.6217081069946289,-0.055180832951503445,0.007096701285727036,0.5391304347826087,0.5391304347826087,-0.35728446968182326,0.017766510030645444,1.8253804707098351,1.8273005152450124,13.587982408332241,31.115207210756317
2014-12-30 00:00:00-05:00,40923900.0,0.05278448825449887,59.577986071569384,0.6225031852722168,0.001278861042091517,-0.0038435360308090027,-0.1919648462021344,-0.1919648462021344,0.04463240644957289,0.05856755099343536,1.821529529313132,1.8285785592408395,13.374832694100364,30.902057496524442
2014-12-31 00:00:00-05:00,40923900.0,0.05734078723197348,70.94104590233896,0.6328384399414063,0.016602733791104995,0.004501498423316708,1.0,1.0,0.08631890027059752,0.1907258130061571,1.8260209262954903,1.845044974419084,14.296824978355877,31.824049780779955
2015-01-02 00:00:00-05:00,40923900.0,0.08492043426189515,71.27947606841529,0.6316457748413086,-0.0018846280896087642,0.017925492089102546,-0.8194907922382895,-0.8194907922382895,0.4809778233135791,0.004770583260673034,1.8437876512630498,1.84315856818351,12.584851488375833,30.11207629079991
2015-01-05 00:00:00-05:00,40923900.0,0.06658468004046565,71.41993838635304,0.6240930080413818,-0.011957282231206734,-0.008176091298102817,-0.38719616569667925,-0.38719616569667925,-0.2159168683108934,0.001970585723763296,1.8355779524195577,1.831129222622656,12.095141084822892,29.622365887246968
2015-01-06 00:00:00-05:00,40923900.0,0.05497073473014973,75.01181856131186,0.6252857208251953,0.0019111138379144244,-0.0031702877860528833,-0.25474860335195526,-0.25474860335195526,-0.1744236857976602,0.05029240091930909,1.832402628624633,1.8330385126058792,11.80110741246366,29.328332214887737
2015-01-07 00:00:00-05:00,40923900.0,0.04911519901077461,75.18685164438153,0.6288632392883301,0.005721413977618939,0.0050889066114929715,-0.20164917541229388,-0.20164917541229388,-0.10652096516664433,0.0023334067407871917,1.8374786305129807,1.838743621457236,11.575900264131617,29.103125066555695
2015-01-08 00:00:00-05:00,40923900.0,0.05134024126121278,71.23265868915252,0.6332361221313476,0.006953630884779072,0.0050636539601782715,0.5427230046948357,0.5427230046948357,0.045302519286342546,-0.05259154850546932,1.8425295072921084,1.8456731873457684,12.00944930402536,29.536674106449436
2015-01-09 00:00:00-05:00,40923900.0,0.04628410197208749,65.44278625839566,0.6300557613372803,-0.005022393200443065,0.005037347255484992,0.08642726719415705,0.08642726719415705,-0.09848296706282089,-0.0812811502098062,1.8475542095609216,1.8406381395398779,12.092343880201831,29.619568682625907
2015-01-12 00:00:00-05:00,40923900.0,0.040696165033719395,70.35432611726162,0.642378854751587,0.019558734592238558,0.0025066655612240307,1.0,1.0,-0.1207312381633332,0.07505089773337481,1.8500577386762815,1.8600080600871296,13.517239283958224,31.044464086382302
2015-01-13 00:00:00-05:00,40923900.0,0.0679542327421816,77.9256243031392,0.6459561824798584,0.0055688752856830614,0.013749512355918592,-0.45856353591160226,-0.45856353591160226,0.6697945048600313,0.10761666842289519,1.8637135840937316,1.865561486515474,12.903709731362971,30.43093453378705
2015-01-14 00:00:00-05:00,40923900.0,0.07460482179882329,68.69884622029957,0.6399937629699707,-0.00923037765038126,-0.0018491224054744126,-0.41214534594325536,-0.41214534594325536,0.09786865053533944,-0.11840492989759632,1.8618627499509552,1.856288244958719,12.3724341827454,29.899658985169477
2015-01-15 00:00:00-05:00,40923900.0,0.06436037488385829,72.5440901908519,0.6411862850189209,0.001863333860342875,-0.0024706619228360704,-0.05122777307366644,-0.05122777307366644,-0.1373161501891903,0.055972467983255836,1.8593890309065033,1.8581498449660216,12.31984765978902,29.847072462213095
2015-01-16 00:00:00-05:00,40923900.0,0.05228409606188894,71.15371898284486,0.6463538646697998,0.008059404531284509,0.0006190320148351525,0.5493083444890674,0.5493083444890674,-0.18763530889559976,-0.01916587835548278,1.8600078714000552,1.866176945945464,12.757656261768332,30.284881064192408
2015-01-20 00:00:00-05:00,40923900.0,0.05576501865085232,68.15220829468578,0.6443657875061035,-0.0030758339546896885,0.013613073889979121,-0.23905529953917048,-0.23905529953917048,0.06657708272976537,-0.04218346884837809,1.8735291198124393,1.8630963718911808,12.484461671070362,30.01168647349444
2015-01-21 00:00:00-05:00,40923900.0,0.045652067081505286,71.42802306946744,0.6523162841796875,0.012338483556606716,-0.007936091705854187,0.45003785011355024,0.45003785011355024,-0.18134938020311175,0.04806615745475562,1.8655613697236735,1.8753593567514566,12.856051330688741,30.38327613311282
2015-01-22 00:00:00-05:00,40923900.0,0.04140056527173106,65.99983046537245,0.6519190788269043,-0.000608915279928568,0.009846632706353331,-0.5199686765857479,-0.5199686765857479,-0.09312835281223464,-0.07599527987517996,1.8753598402410536,1.8747502560073273,12.122147410592412,29.64937221301649
2015-01-23 00:00:00-05:00,40923900.0,0.04634047174878946,67.34689547683746,0.6519190788269043,0.0,-0.0006093984750045189,0.16204458945078848,0.16204458945078848,0.11931978330816273,0.020410128358916868,1.8747502560073273,1.8747502560073273,12.27232844130724,29.799553243731317
2015-01-26 00:00:00-05:00,40923900.0,0.04722562355712959,77.86249826021347,0.6531116962432861,0.001829394866810663,0.0006098546278414663,-0.1609733270940571,-0.1609733270940571,0.019101053030674997,0.1561408689876822,1.8753599247494068,1.8765779795693556,12.096815659593224,29.6240404620173
2015-01-27 00:00:00-05:00,40923900.0,0.038774050579816,77.51913692291669,0.6535090446472168,0.0006083927239646236,-0.0018284587044411493,-0.17847183491355267,-0.17847183491355267,-0.1789615962844744,-0.004409842285682641,1.8735297923738787,1.8771861872974966,11.900226602450722,29.427451404874798
2015-01-28 00:00:00-05:00,40923900.0,0.024443611689333553,71.65325920741562,0.6507263660430909,-0.004258056758232209,0.0036629184374539214,0.2634080108621859,0.2634080108621859,-0.3695883890434243,-0.07567005965680407,1.8771860186624778,1.8729190391987787,12.134039442630343,29.66126424505442
2015-01-29 00:00:00-05:00,40923900.0,0.0251116445586826,72.09261237838325,0.6558940410614014,0.00794139485961498,-0.0012164832444379048,0.5475550779150995,0.5475550779150995,0.027329548425143457,0.0061316564777023075,1.8759687949016866,1.8808290671375358,12.570715759118084,30.09794056154216
2015-01-30 00:00:00-05:00,40923900.0,0.014040070005701573,73.80942180688561,0.6539064407348633,-0.0030303680199954552,0.0042629631405024515,-0.22638888888888886,-0.22638888888888886,-0.44089404527482134,0.023813943923845615,1.880222697355941,1.8777940982551502,12.314029787035267,29.841254589459343
2015-02-02 00:00:00-05:00,40923900.0,0.022369171370199885,66.66650511081923,0.6554966449737549,0.002431852845958371,0.003032512624322914,-0.3877917414721723,-0.3877917414721723,0.5932378799476017,-0.09677513413876959,1.883250621188561,1.880222998932168,11.823347024391499,29.350571826815575
2015-02-03 00:00:00-05:00,40923900.0,0.029198643836036074,59.37533581073145,0.6531116962432861,-0.003638384343773726,0.0024184726612193064,1.0,1.0,0.3053073514799205,-0.1093678045364419,1.8856661740514613,1.8765779795693556,12.604177399232046,30.131402201656122
2015-02-04 00:00:00-05:00,40923900.0,0.029198788784825496,74.73647925168694,0.6586767196655273,0.008520783587633307,-0.010253495877832308,-0.5765614506380121,-0.5765614506380121,4.9642301962471436e-06,0.2587125315791332,1.875359748967657,1.8850626661852312,11.744830521953011,29.27205532437709
2015-02-05 00:00:00-05:00,40923900.0,0.029199018362686804,76.47031844257378,0.6626519680023193,0.006035203944676493,0.01035972017190434,0.04916732751784303,0.04916732751784303,7.862581663964363e-06,0.023199369414337312,1.8856661749974553,1.8910797312312952,11.792827350103048,29.320052152527126
2015-02-06 00:00:00-05:00,40923900.0,0.041546393506871,59.632482328976515,0.6547013282775879,-0.01199821340408913,0.007840142832258756,-0.015117157974300799,-0.015117157974300799,0.4228695290648128,-0.2201878644750489,1.893475743610092,1.8790089582908476,11.777594763112937,29.304819565537013
2015-02-09 00:00:00-05:00,40923900.0,0.03667897704190799,58.55917678360311,0.6519190788269043,-0.004249646870280843,-0.010771414145752223,1.0,1.0,-0.11715617299388514,-0.01799867292882873,1.882645897809809,1.8747502560073273,12.729320789294722,30.256545591718798
2015-02-10 00:00:00-05:00,40923900.0,0.03712723709504821,55.340295416880664,0.6566893100738526,0.007317213749185036,-0.003024784175067019,-0.6951111111111111,-0.6951111111111111,0.012221171071048476,-0.05496800917501532,1.8796165297292053,1.882040828827299,11.541512921822141,29.06873772424622
2015-02-11 00:00:00-05:00,40923900.0,0.037208239550565084,58.33317598449466,0.6590741634368896,0.0036316311632496046,0.0030337526191823727,0.24295432458697763,0.24295432458697763,0.0021817528546359544,0.05408139846505167,1.8826456898069892,1.8856658815402882,11.759003987566935,29.28622878999101
2015-02-12 00:00:00-05:00,40923900.0,0.040267474244015854,60.17687560110316,0.6610617637634277,0.0030157460826159,0.007259574220409348,-0.0109460516028147,-0.0109460516028147,0.08221928074004548,0.03160636439714115,1.8898790401580676,1.8886770893825178,11.747997587149712,29.275222389573788
2015-02-13 00:00:00-05:00,40923900.0,0.032023942198153424,60.86953800643168,0.6630495071411133,0.0030068950991346544,-0.001201018030233314,-0.12332015810276675,-0.12332015810276675,-0.20471937216393699,0.011510441484533063,1.888677300327692,1.8916794728143946,11.616384173338458,29.143608975762536
2015-02-17 00:00:00-05:00,40923900.0,0.032047438930234554,55.64504817026512,0.6590741634368896,-0.005995545824872495,-0.00180421599236813,0.133453561767358,0.133453561767358,0.000733723909934092,-0.08583094282093162,1.8868714547773056,1.8856658815402882,11.74165339457834,29.268878197002415
2015-02-18 00:00:00-05:00,40923900.0,0.02422609760399974,61.290300736750865,0.6618567943572998,0.004222030045753167,-0.001204753064038444,-0.0023866348448687846,-0.0023866348448687846,-0.24405511289876947,0.10145112192574901,1.8856659754148957,1.8898790238246697,11.739263907180957,29.266488709605035
2015-02-19 00:00:00-05:00,40923900.0,0.031992548291509035,55.49742590494869,0.6608555316925049,0.01737345213230146,0.008779749658266,0.2113237639553429,0.2113237639553429,0.3205819944449926,-0.09451535988839832,1.8944074071887556,1.9071032830557773,11.930977688583864,29.458202491007942
2015-02-20 00:00:00-05:00,40923900.0,0.024759345651864936,58.4401986715075,0.6612558841705323,-0.017969181142033164,-0.008434075583832357,0.11454904542462141,0.11454904542462141,-0.22609023119186233,0.053025392053298814,1.8859375635337123,1.8889706957013963,12.039427568121226,29.566652370545302
2015-02-23 00:00:00-05:00,40923900.0,0.023793228699104375,60.96458021297958,0.6656616687774658,0.006662752971128727,0.00789808720951668,-0.284111045481394,-0.284111045481394,-0.039020294249488385,0.04319597809140974,1.8938046241127267,1.895611350635483,11.70519735261735,29.23242215504143
2015-02-24 00:00:00-05:00,40923900.0,0.02949662740707574,64.91062888888416,0.6664626598358154,0.0012033005593077295,0.002411049639390317,0.07425742574257432,0.07425742574257432,0.239706799783169,0.06472690637939404,1.8962127718354427,1.8968139278089151,11.776827008756605,29.304051811180685
2015-02-25 00:00:00-05:00,40923900.0,0.034736683812515004,58.72989385984255,0.6656616687774658,-0.001201854367275379,0.0018039916958096924,0.3894009216589862,0.3894009216589862,0.1776493404863726,-0.09521915185295726,1.8980151382925508,1.895611350635483,12.105699671383386,29.632924473807464
2015-02-26 00:00:00-05:00,40923900.0,0.03200879941330137,46.88114117663227,0.6600547313690186,-0.008423103915153773,-0.006602116985972684,0.5876174682144832,0.5876174682144832,-0.07853036328789753,-0.20174994205654506,1.8913911309304845,1.8871525719108777,12.567934116156206,30.095158918580285
2015-02-27 00:00:00-05:00,40923900.0,0.02733276160926166,65.69493678194101,0.6676642417907714,0.011528605220312738,-0.0018131615633439901,-0.2754178272980501,-0.2754178272980501,-0.14608601040176994,0.40130839679061414,1.8895763236000511,1.8986152291369782,12.245774012381725,29.772998814805803
2015-03-02 00:00:00-05:00,40923900.0,0.02901367419604194,68.30955899920879,0.6664626598358154,-0.001799679958497169,0.007263858968504344,-0.379625180201826,-0.379625180201826,0.061498088294550834,0.03979944795359813,1.8968139278089151,1.8968139278089151,11.768342576834733,29.295567379258813
2015-03-03 00:00:00-05:00,40923900.0,0.021372241041445073,67.68720183042606,0.6704679489135742,0.0060097726686525466,-0.005408530598233319,0.08520526723470168,0.08520526723470168,-0.2633735080557055,-0.009110835700021691,1.8913907181570677,1.9028057138216365,11.850111732325098,29.377336534749176
2015-03-04 00:00:00-05:00,40923900.0,0.028881543325438866,58.528021339838325,0.666062307357788,-0.006570995023587711,0.010272039332635874,-0.4775160599571735,-0.4775160599571735,0.35135773873370346,-0.1353162819986835,1.9016103586170447,1.8962130347676134,11.200950699949402,28.72817550237348
2015-03-05 00:00:00-05:00,40923900.0,0.029522860896417456,55.27713956635181,0.6652608394622803,-0.0012032926749558914,-0.009570097069375838,0.6256830601092895,0.6256830601092895,0.02220510045990909,-0.055544023171576584,1.8919941738907715,1.8950090175547476,11.686878772093667,29.214103574517743
2015-03-06 00:00:00-05:00,40923900.0,0.027721329244138615,52.92521417929371,0.6652608394622803,0.0,0.003019392875707183,-0.10504201680672265,-0.10504201680672265,-0.06102158116043055,-0.04254788517475605,1.8950090175547476,1.8950090175547476,11.575900264131617,29.103125066555695
2015-03-09 00:00:00-04:00,40923900.0,0.026839662090637,55.22273324399959,0.6628580570220948,-0.0036117899892134098,-0.0018056067962333167,0.31737089201877944,0.31737089201877944,-0.031804649255339434,0.04341067108245644,1.8932017786856792,1.8913906893041055,11.851538266090552,29.37876306851463
2015-03-10 00:00:00-04:00,40923900.0,0.02683993715044137,44.55923774179898,0.657651138305664,-0.007855254471557438,-0.0036191069486679606,0.27441197434069853,0.27441197434069853,1.0248258843104097e-05,-0.19309974128017804,1.8895761069255022,1.8835044197936908,12.09402314172155,29.62124794414563
2015-03-11 00:00:00-04:00,40923900.0,0.035351700893826415,43.43407862076928,0.65564866065979,-0.0030448934537437022,-0.005447824220915054,-0.3260626398210291,-0.3260626398210291,0.31713053930325885,-0.025250861057128038,1.884113389194103,1.880454881220215,11.699405031912846,29.226629834336926
2015-03-12 00:00:00-04:00,40923900.0,0.04362221981462304,43.43394256879454,0.6560489177703858,0.0006104749915800678,-0.001826265210789435,-0.0954356846473029,-0.0954356846473029,0.23394967460366045,-3.1323785160131123e-06,1.8822854543278713,1.8810651699477399,11.59910316121128,29.126327963635358
2015-03-13 00:00:00-04:00,40923900.0,0.034197990247136156,34.78195601591233,0.6544469356536865,-0.002441863820374257,0.0012196186189132874,0.041284403669724856,0.041284403669724856,-0.21604195310408514,-0.19919873815687872,1.8835043298161596,1.8786203199156348,11.639558115903595,29.166782918327673
2015-03-16 00:00:00-04:00,40923900.0,0.04190642162095137,27.522440749648837,0.6468372821807862,-0.011627609601838174,-0.006089825387592285,0.6255506607929515,0.6255506607929515,0.22540597614389757,-0.20871498034619873,1.8773958858140485,1.8669245810258326,12.125404742462718,29.652629544886796
2015-03-17 00:00:00-04:00,40923900.0,0.057131261685406894,25.861656651083067,0.6432328224182129,-0.0055724366264432446,-0.011029104100989895,0.14146341463414625,0.14146341463414625,0.3633056575950586,-0.06034290758122385,1.8663055102147517,1.8613365604537475,12.257715878682012,29.78494068110609
2015-03-18 00:00:00-04:00,40923900.0,0.06340260710841229,37.17118386276367,0.6482784748077393,0.027277296459412792,-0.0027711965342859246,-0.6011396011396011,-0.6011396011396011,0.10977081965279423,0.43730869078748547,1.863530466806744,1.8882484612446244,11.33857207782545,28.86579688024953
2015-03-19 00:00:00-04:00,40923900.0,0.06020179567543781,22.98818846496438,0.6454533576965332,-0.02319251866620664,0.0018792705737620263,0.19761904761904758,0.19761904761904758,-0.05048390876894704,-0.38155888308973507,1.8654079737607614,1.864782764052782,11.518907536647776,29.046132339071853
2015-03-20 00:00:00-04:00,40923900.0,0.05799342744725129,26.64662510607367,0.6470673561096192,0.0025005655231942203,-0.0012510799072267265,0.07455268389662018,0.07455268389662018,-0.03668276341942289,0.15914419036041072,1.864156110599724,1.8672802083641222,11.590812003627299,29.11803680605138
2015-03-23 00:00:00-04:00,40923900.0,0.049703982578037306,20.526231321326065,0.6478746891021728,0.001247679990237227,0.004380566803170227,-0.04902867715078629,-0.04902867715078629,-0.14293766094017746,-0.22968739044377373,1.8685271106484986,1.8685271106484986,11.540540632003202,29.06776543442728
2015-03-24 00:00:00-04:00,40923900.0,0.030429760523871068,22.392690494222265,0.6466637134552002,-0.0018691510369864828,-0.0012460838298433696,-0.03891050583657585,-0.03891050583657585,-0.3877802351935262,0.09093043645849441,1.8672802498106547,1.8666562105688895,11.50085288373596,29.028077686160035
2015-03-25 00:00:00-04:00,40923900.0,0.011314853340272287,22.649248813916714,0.6462602138519287,-0.0006239713082331066,-0.0006235818831428208,0.7682186234817814,0.7682186234817814,-0.6281648903744679,0.011457235108065511,1.866656473419464,1.8660320445095426,12.070825496122147,29.598050298546227
2015-03-26 00:00:00-04:00,40923900.0,0.011280026564801501,31.415759549831478,0.6507000923156738,0.006870109545011216,-0.0006248635620004217,-0.3531768746422439,-0.3531768746422439,-0.003077969676091974,0.3870552532642153,1.8660314145488628,1.872878662384166,11.635143097694478,29.162367900118554
2015-03-27 00:00:00-04:00,40923900.0,0.011279756709596347,32.40162096610182,0.6494892597198486,-0.0018608151591252842,0.0031232712656759087,-0.5017699115044247,-0.5017699115044247,-2.392327745004419e-05,0.031381110321607064,1.8691498185347626,1.8710161137577372,10.938449814127782,28.46567461655186
2015-03-30 00:00:00-04:00,40923900.0,0.012642774259529461,34.96537317315038,0.6470673561096192,-0.0037289355812814007,0.0006227349508365343,0.3818827708703374,0.3818827708703374,0.12083749543760236,0.07912419596941556,1.8697723596666507,1.8672802083641222,11.261896710166482,28.78912151259056
2015-03-31 00:00:00-04:00,40923900.0,0.008852596457234034,33.05520406960959,0.6430308818817139,-0.006238105183011933,-0.0012443609390592192,1.0,1.0,-0.2997900401044169,-0.054630307935840894,1.8685272238676478,1.861022564906049,12.428415876673615,29.95564067909769
2015-04-01 00:00:00-04:00,40923900.0,0.01757249521779979,37.14951838273753,0.6458565711975097,0.004394329098980521,-0.006853439266446215,-0.48959167333867093,-0.48959167333867093,0.9850103077318244,0.12386292653059705,1.8616501919305661,1.8654072671330402,11.755871643580617,29.283096446004695
2015-04-02 00:00:00-04:00,40923900.0,0.017572514491456345,36.037511372384344,0.6430308818817139,-0.004375103454559048,0.005646118938268163,0.23921568627450984,0.23921568627450984,1.09680818338731e-06,-0.02993328201180423,1.8672804312832818,1.861022564906049,11.970350312009105,29.497575114433182
2015-04-06 00:00:00-04:00,40923900.0,0.01893255192554324,53.807201889581165,0.6498932361602783,0.010671889129932666,-0.0031190296148241314,-0.259493670886076,-0.259493670886076,0.07739572129806116,0.49308872451203145,1.8641565273575365,1.871637911349634,11.669929213779893,29.19715401620397
2015-04-07 00:00:00-04:00,40923900.0,0.02023995203821135,59.116511786674195,0.6498932361602783,0.0,0.005632049760077473,-0.14102564102564108,-0.14102564102564108,0.06905567288603076,0.09867284881284788,1.869772776424463,1.871637911349634,11.517913006481267,29.045137808905345
2015-04-08 00:00:00-04:00,40923900.0,0.021950101806642863,48.80917389647302,0.6474709510803223,-0.003727204631744585,0.0012440511203037907,-0.14726368159203984,-0.14726368159203984,0.08449376585492363,-0.1743563275078861,1.8710160543543641,1.8679037433828047,11.358608104585871,28.88583290700995
2015-04-09 00:00:00-04:00,40923900.0,0.02195040956372481,56.62605161020362,0.6498932361602783,0.003741148658352067,-0.001242505380093628,0.03617269544924162,0.03617269544924162,1.4020758749122564e-05,0.16015181347487317,1.869772776424463,1.871637911349634,11.394141928980261,28.92136673140434
2015-04-10 00:00:00-04:00,40923900.0,0.027461798784356777,51.190484561178,0.6478746891021728,-0.00310596717398004,0.004355615447509065,1.0,1.0,0.251083662226516,-0.095990571379449,1.8741189336333632,1.8685271106484986,12.541830341213517,30.069055143637595
2015-04-13 00:00:00-04:00,40923900.0,0.020027923470777625,53.409238872907444,0.6502967834472656,0.003738522874615402,-0.004336913645251239,-0.37348105789849895,-0.37348105789849895,-0.27069877585053725,0.04334310039745359,1.8697725882986354,1.8722586626150028,12.074254070909326,29.601478873333402
2015-04-14 00:00:00-04:00,40923900.0,0.020544409430831998,57.777874029389984,0.652315092086792,0.0031036731088029956,0.00311151721543812,-0.2070735881346264,-0.2070735881346264,0.025788293070321044,0.08179549547369769,1.872879274762433,1.8753575292729563,11.842229212112828,29.369454014536906
2015-04-15 00:00:00-04:00,40923900.0,0.016697568907758132,58.09814542056667,0.6521118640899658,0.018850969650013427,0.0034192821879768243,0.1287769784172661,0.1287769784172661,-0.1872451255425588,0.005543149459147134,1.8762927244964918,1.8940330212475867,11.963363938721123,29.490588741145203
2015-04-16 00:00:00-04:00,40923900.0,0.0183322531223512,52.832260192363115,0.6525181770324707,-0.018196616267232346,-7.716296985815774e-07,-0.4149139579349904,-0.4149139579349904,0.0978995339754849,-0.09063775082809156,1.8762919528664954,1.8756688103417716,11.427367576608582,28.954592379032658
2015-04-17 00:00:00-04:00,40923900.0,0.017535323758535646,51.51160483168902,0.6504844665527344,-0.0031167108462560877,-0.0031146501036829477,-0.2549019607843137,-0.2549019607843137,-0.0434714357529743,-0.02499713916962043,1.8731724421448046,1.872547232436825,11.133128103610641,28.66035290603472
2015-04-20 00:00:00-04:00,40923900.0,0.015292835698380584,58.89225236806789,0.6529251575469971,0.0037521126479733713,0.0024998582469815123,0.3099415204678362,0.3099415204678362,-0.12788404086713767,0.1432812578931424,1.8756691809438621,1.876292323468586,11.403110598963021,28.9303354013871
2015-04-21 00:00:00-04:00,40923900.0,0.016288299629315203,65.28039437831177,0.6521118640899658,-0.001245615133113831,0.0006237379963232037,-0.1674107142857143,-0.1674107142857143,0.06509348237096613,0.10847168775816085,1.8762927244964918,1.8750459319121255,11.219895786191852,28.74712058861593
2015-04-22 00:00:00-04:00,40923900.0,0.009682714878978342,60.71285073912451,0.6517048835754394,-0.0006240961665285871,-0.001246267101533416,0.5911528150134049,0.5911528150134049,-0.4055417017530991,-0.06996807667425398,1.875045680158284,1.8744216409165189,11.684354580597759,29.211579383021835
2015-04-23 00:00:00-04:00,40923900.0,0.007373763233708295,70.20054729062355,0.6537387847900391,0.0031208930082602393,-1.574137916682261e-07,0.33782645324347094,0.33782645324347094,-0.23846118305960817,0.15627163666332322,1.8750455227444798,1.8775376740470082,11.975400827795172,29.50262563021925
2015-04-24 00:00:00-04:00,40923900.0,0.012364238200654595,62.14166533336381,0.65495924949646,0.001866899646795206,0.004366817338398166,-0.6013853904282116,-0.6013853904282116,0.6767880672019584,-0.11479799329621654,1.8794028332025363,1.8794028332025363,11.055640608132267,28.582865410556344
2015-04-27 00:00:00-04:00,40923900.0,0.019489088449579015,56.62101597774112,0.6529251575469971,-0.0031056771104870373,0.0024843942564254373,0.4818325434439179,0.4818325434439179,0.5762466019578312,-0.08883973942453482,1.8818841464534508,1.876292323468586,11.448920134994315,28.976144937418393
2015-04-28 00:00:00-04:00,40923900.0,0.017167452054779535,67.79896665869272,0.6557730197906494,0.004361697831266831,-0.003097620882465457,0.39978678038379534,0.39978678038379534,-0.11912493500175114,0.19741699239988697,1.8787817180128576,1.8806445366652729,11.785240060290887,29.312464862714965
2015-04-29 00:00:00-04:00,40923900.0,0.01658342849468621,64.75199971352733,0.6561792850494385,0.0006195211552295632,-7.216361801454241e-07,-0.22619954303122625,-0.22619954303122625,-0.034019233502430524,-0.04494120036525262,1.8787809963764173,1.8812638659964935,11.52879881412652,29.056023616550597
2015-04-30 00:00:00-04:00,40923900.0,0.018407838674165018,65.96466028271774,0.654552412033081,-0.002479311757357383,0.003107953521640505,0.56496062992126,0.56496062992126,0.11001405288800203,0.018727770177838776,1.8818841301942062,1.878781475656177,11.976659481202368,29.503884283626444
2015-05-01 00:00:00-04:00,40923900.0,0.015221084565177408,64.61937367718755,0.6561792850494385,0.002485474022323464,-0.0018591388864298564,-0.17798742138364776,-0.17798742138364776,-0.17311940665039327,-0.02039405038644071,1.8800232609641114,1.8812638659964935,11.780659899612314,29.30788470203639
2015-05-04 00:00:00-04:00,40923900.0,0.009643201946696146,52.426868437166384,0.6533318519592285,-0.004339413259587199,0.0018624311278223615,-0.3259372609028309,-0.3259372609028309,-0.3664576328051069,-0.18868188510972006,1.8818839599174513,1.8769150101564471,11.386227811924272,28.913452614348348
2015-05-05 00:00:00-04:00,40923900.0,0.011843030473049267,50.0,0.6521118640899658,-0.0018673326053278982,-0.00433644704562719,0.724177071509648,0.724177071509648,0.22812220863079657,-0.04629054737600791,1.877538083214654,1.8750459319121255,11.930977688583864,29.458202491007942
2015-05-06 00:00:00-04:00,40923900.0,0.018299844186963867,41.269746757717286,0.6480436325073242,-0.006238548639686092,-0.0037338545398669654,0.10862409479921009,0.10862409479921009,0.5451994511546792,-0.1746050648456543,1.873797240439131,1.8687878422135846,12.034097380790364,29.56132218321444
2015-05-07 00:00:00-04:00,40923900.0,0.03232487050177236,49.20613655604864,0.6500775814056396,0.003138598693495309,-0.005621580581779528,-0.30106888361045125,-0.30106888361045125,0.7664014060184952,0.1923052701273793,1.868159799304385,1.871921525787906,11.675894293248367,29.203119095672445
2015-05-08 00:00:00-04:00,40923900.0,0.0323249318184345,44.82753045274393,0.6504844665527344,0.0006259024441590544,0.007537847728529945,-0.09175870858113844,-0.09175870858113844,1.8968880985958947e-06,-0.08898496020546598,1.8756693794211547,1.872547232436825,11.579649097013137,29.106873899437215
2015-05-11 00:00:00-04:00,40923900.0,0.03002470035687495,43.33238905549439,0.6488571166992189,-0.0025017505216377023,-0.002494011917261063,-0.08980355472404111,-0.08980355472404111,-0.07115966939944962,-0.03335319572925577,1.873172252275483,1.8700423473082568,11.485554268174097,29.012779070598175
2015-05-12 00:00:00-04:00,40923900.0,0.03068721199812896,47.61893243625428,0.6504844665527344,0.0025080249744258154,-0.0037498370687190086,0.3247687564234327,0.3247687564234327,0.022065553806678073,0.09892238748411164,1.8694153669423306,1.872547232436825,11.766792188927278,29.294016991351356
2015-05-13 00:00:00-04:00,40923900.0,0.021356651629440032,43.593478570126166,0.6506894588470459,0.019531584453725825,0.0034529013034607647,0.14429790535298692,0.14429790535298692,-0.3040537005856976,-0.08453473566457725,1.8728623206690835,1.8918905233264687,11.901583454762012,29.428808257186088
2015-05-14 00:00:00-04:00,40923900.0,0.016874014502566786,44.57069613224854,0.6523294925689698,-0.0163753602129868,-2.111117658465389e-08,-0.24542372881355934,-0.24542372881355934,-0.20989419149835054,0.022416599779950808,1.872862299557907,1.8753796049897418,11.619984537263637,29.147209339687713
2015-05-15 00:00:00-04:00,40923900.0,0.01827238900896716,52.191830722057404,0.6539695262908937,0.0025141186173649466,0.002520455447215131,0.20844564240790664,0.20844564240790664,0.08287147709797571,0.17098980386565454,1.8753795839844511,1.8778905684980016,11.809319478024031,29.33654428044811
2015-05-18 00:00:00-04:00,40923900.0,0.017643017621546013,39.5211640835712,0.6506894588470459,-0.005015627352624841,0.002514181897820267,0.112267657992565,0.112267657992565,-0.03444384787956756,-0.2427710709356532,1.8778906106144688,1.8728623206690835,11.915720344522514,29.44294514694659
2015-05-19 00:00:00-04:00,40923900.0,0.016892729984479184,34.35641832808675,0.6478192806243896,-0.004410980051439473,-0.0043888568464566236,-0.125,-0.125,-0.04252603795796028,-0.13068303718390262,1.873492094463238,1.8684415835423893,11.782188951897991,29.30941375432207
2015-05-20 00:00:00-04:00,40923900.0,0.023165334775830517,35.425836510576914,0.6469990253448487,-0.001266179170756443,-0.00629757897511396,0.11229946524064172,0.11229946524064172,0.3713197805869459,0.031127173161001664,1.867174602089493,1.867174602089493,11.888618414744723,29.4158432171688
2015-05-21 00:00:00-04:00,40923900.0,0.023519969614223476,29.133407882056076,0.6453593730926513,-0.002534242229071837,0.001901796583785531,0.1923076923076923,0.1923076923076923,0.015308858767841604,-0.17762258420184773,1.8690745925477155,1.8646371432329587,12.064509081208387,29.591733883632465
2015-05-22 00:00:00-04:00,40923900.0,0.031647154030234007,31.071170070242275,0.6441288471221924,-0.001906729834204035,-0.005060916189956188,-0.33640552995391704,-0.33640552995391704,0.34554400151502307,0.06651340605366363,1.864000826548546,1.8627285932754007,11.654425027243928,29.181649829668004
2015-05-26 00:00:00-04:00,40923900.0,0.038443035350865955,27.780057663573032,0.6400289058685302,-0.006365094921582215,-0.0019068637321355553,1.0,1.0,0.21473909831321714,-0.10592174028944057,1.8620921424372525,1.8563431547652778,12.721885810807203,30.24911061323128
2015-05-27 00:00:00-04:00,40923900.0,0.04766579289268917,42.809296003111044,0.6441288471221924,0.006405868885090982,-0.006369692100729463,-0.5465671641791046,-0.5465671641791046,0.2399071108107873,0.5410081764965269,1.8557020772883528,1.8627285932754007,11.930977688583864,29.458202491007942
2015-05-28 00:00:00-04:00,40923900.0,0.03738704880359053,36.413225945032686,0.6428991794586182,-0.0019090398901835393,0.005769738365037691,-0.36866359447004604,-0.36866359447004604,-0.21564194079891552,-0.14940843824232808,1.861455234461843,1.8608177288461176,11.47106126087153,28.998286063295605
2015-05-29 00:00:00-04:00,40923900.0,0.028095601615676584,33.317697456123256,0.6412591457366943,-0.002550996757073043,2.1222737567327954e-08,0.32950990615224196,0.32950990615224196,-0.24852047661546428,-0.08501110265765144,1.86145525568458,1.8582634727525995,11.755871643580617,29.283096446004695
2015-06-01 00:00:00-04:00,40923900.0,0.025978706336602184,44.943465767116315,0.6457693099975585,0.0070332942474962135,-0.0012745979782978756,-0.19215686274509802,-0.19215686274509802,-0.0753461452091928,0.348936727284449,1.8601798447153812,1.8652721487503037,11.542484267211773,29.06970906963585
2015-06-02 00:00:00-04:00,40923900.0,0.018852954381355595,44.96589814558974,0.6474091053009033,0.0025392896162113043,0.0044667239030899974,0.8932038834951457,0.8932038834951457,-0.27429202451112444,0.0004991243574685722,1.8646366224142252,1.867808219818037,12.180754837545884,29.70797963996996
2015-06-03 00:00:00-04:00,40923900.0,0.022062462093385964,38.37178481594683,0.6424891948699951,-0.007599384053490477,0.0019063744941376637,-0.3943589743589744,-0.3943589743589744,0.17023897937208043,-0.14664698363841444,1.8665411820826323,1.8601798133169059,11.679287002185454,29.20651180460953
2015-06-04 00:00:00-04:00,40923900.0,0.02213492250274105,34.939264390815396,0.6420790672302246,-0.00063834169203969,-0.005707212349940205,0.25994919559695173,0.25994919559695173,0.0032843301463081342,-0.08945428109731612,1.8608176213642076,1.859541267798063,11.910358401381128,29.437583203805207
2015-06-05 00:00:00-04:00,40923900.0,0.019926591842715953,29.76125205602345,0.6400289058685302,-0.0031930045166216336,-0.0038267014926409715,-0.14919354838709675,-0.14919354838709675,-0.09976681236411067,-0.14820038215095066,1.8569835793166842,1.8563431547652778,11.748787788692212,29.27601259111629
2015-06-08 00:00:00-04:00,40923900.0,0.02476322396046347,32.05064740649732,0.6392089366912842,-0.001281143976041843,-0.0012803237278705693,-0.08767772511848337,-0.08767772511848337,0.24272249644715438,0.07692537081989159,1.855702435274136,1.8550611894226916,11.657025808943985,29.184250611368064
2015-06-09 00:00:00-04:00,40923900.0,0.029172016422562962,30.863419361786143,0.6351085662841797,-0.006414757635162416,-0.0012824475244789246,0.7393939393939395,0.7393939393939395,0.17803790286509114,-0.03704224846548654,1.8544191647100852,1.8486257688170726,12.210562550803026,29.7377873532271
2015-06-10 00:00:00-04:00,40923900.0,0.04089491657942836,31.645008707839125,0.6351085662841797,0.0,-0.006418509753492896,-0.4270781483325037,-0.4270781483325037,0.40185429718181487,0.025324133301338536,1.8479799677546827,1.8486257688170726,11.653556594709974,29.18078139713405
2015-06-11 00:00:00-04:00,40923900.0,0.04186203424551622,31.24937306741215,0.6330588340759278,-0.003227372951752683,0.0006465400602617688,-0.1876629018245004,-0.1876629018245004,0.02364884799824618,-0.012502307838802018,1.8486262988979636,1.8453931766646718,11.44571671527678,28.972941517700857
2015-06-12 00:00:00-04:00,40923900.0,0.039681431696635364,30.86408408235937,0.6314188480377197,-0.0025905744457415114,-0.005810113648798798,0.8802139037433154,0.8802139037433154,-0.05209021941198222,-0.012329494874077085,1.8427992408744873,1.8427992408744873,12.077102264233213,29.60432706665729
2015-06-15 00:00:00-04:00,40923900.0,0.04434972186493169,29.411136925236704,0.6256783008575441,-0.009091504312891185,-0.004546072382586197,0.027303754266211566,0.027303754266211566,0.11764419701349027,-0.04707566092826676,1.8382428036801282,1.8336661566283001,12.104039919965022,29.631264722389098
2015-06-16 00:00:00-04:00,40923900.0,0.05366136562540325,23.07646429961264,0.6269083023071289,0.0019658687985488754,-0.005870888833137244,-0.007751937984496138,-0.007751937984496138,0.2099594624027279,-0.2153834665326554,1.8323546134294455,1.835630095635513,12.096257779522967,29.623482581947044
2015-06-17 00:00:00-04:00,40923900.0,0.05176833722501716,21.53805261458632,0.6233943462371826,0.014333904810294396,0.0016267334998931737,0.1612723214285714,0.1612723214285714,-0.03527730571750365,-0.06666583169121543,1.8339800252315717,1.8498622412836176,12.245774012381725,29.772998814805803
2015-06-18 00:00:00-04:00,40923900.0,0.049935209915667245,21.792649562299474,0.6221546173095703,-0.021606936763811868,-0.005943833598707093,0.3003363767419509,0.3003363767419509,-0.03541020259897498,0.011820796999109096,1.828018456743533,1.828018456743533,12.508396994718824,30.035621797142902
2015-06-19 00:00:00-04:00,40923900.0,0.05066894695502671,22.8195287074889,0.6271153450012207,0.007973464398773444,-0.0019932880328714653,-0.3584626755358463,-0.3584626755358463,0.01469378101340979,0.04712043582648584,1.826023179468209,1.835960301044984,12.064509081208387,29.591733883632465
2015-06-22 00:00:00-04:00,40923900.0,0.037277103181146784,19.95988050616259,0.6275291442871094,0.0006598455757573785,0.011984619657364526,-0.32430875576036866,-0.32430875576036866,-0.264300811022704,-0.12531583092633425,1.8379365522509614,1.8366199290183671,11.672490034641568,29.199714837065645
2015-06-23 00:00:00-04:00,40923900.0,0.029654191212711525,26.67253621038246,0.6287686347961425,0.0019751919417883013,-0.0019747374423852992,0.0008525149190110604,0.0008525149190110604,-0.20449314238265737,0.33630740936286396,1.8359598624438977,1.8385931728334128,11.673342186376134,29.20056698880021
2015-06-24 00:00:00-04:00,40923900.0,0.029320396777814225,24.28091295677713,0.6254618167877197,-0.005259196826023271,0.001978069049773934,0.8560477001703577,0.8560477001703577,-0.011256231286261409,-0.08966613578630656,1.8379359776911688,1.83332009775139,12.291791520932712,29.819016323356788
2015-06-25 00:00:00-04:00,40923900.0,0.030697910595878508,22.015717386823695,0.6200877666473389,-0.008592131439743467,-0.008552562227782556,0.11289582377237273,0.11289582377237273,0.046981418038196665,-0.09329120259957879,1.829346632426756,1.8246908411411118,12.398756989359676,29.92598179178375
2015-06-26 00:00:00-04:00,40923900.0,0.03489149582455279,19.52061459302422,0.614713716506958,-0.008666595971465463,-0.003981305987200479,0.035051546391752675,0.035051546391752675,0.13660816476667015,-0.11333279538248353,1.8253573799422362,1.8159864718242122,12.43320821811392,29.960433020537998
2015-06-29 00:00:00-04:00,40923900.0,0.06304334259403876,19.504320566084132,0.6105797767639161,-0.006724983731504541,-0.015989396867483574,0.02031872509960153,0.02031872509960153,0.8068397786968997,-0.0008347087056321811,1.809238773495472,1.809238773495472,12.453323272187617,29.980548074611693
2015-06-30 00:00:00-04:00,40923900.0,0.06924429825570734,39.892978910081176,0.6242215633392334,0.02234234918100153,0.00744727738413653,0.027723545490042856,0.027723545490042856,0.09836019802438156,1.0,1.8166584568250888,1.8313351888129952,12.480669478433299,30.007894280857375
2015-07-01 00:00:00-04:00,40923900.0,0.06507539990191853,47.727637020335315,0.6304224491119385,0.009933789758133083,0.01612905743777815,-0.07180851063829785,-0.07180851063829785,-0.06020565532188338,0.1963919046485214,1.832658822951565,1.8412199628224426,12.406152257245832,29.93337705966991
2015-07-02 00:00:00-04:00,40923900.0,0.0684884915232681,46.718274399619574,0.6275291442871094,-0.004589469852961048,0.006614463550288274,-0.7584936553417929,-0.7584936553417929,0.052448261962181775,-0.021148388726759726,1.8392515069252164,1.8366199290183671,10.985292722887856,28.512517525311935
2015-07-06 00:00:00-04:00,40923900.0,0.06336588479977581,49.43749430597611,0.6250482559204101,-0.003953423341823581,-0.00788517836891045,0.452542372881356,0.452542372881356,-0.07479514601007009,0.058204630656877976,1.8313350761416995,1.8326586702404684,11.358608104585871,28.88583290700995
2015-07-07 00:00:00-04:00,40923900.0,0.06336581658143245,47.58387299006276,0.6242215633392334,-0.0013226060121700467,-0.0019866879424610406,0.6172695449241541,0.6172695449241541,-1.0765784077548801e-06,-0.0374942407970964,1.8293464121170753,1.8313351888129952,11.83934736573794,29.366572168162016
2015-07-08 00:00:00-04:00,40923900.0,0.06352616663390696,48.48528541754599,0.6217412948608398,-0.0039733784028951336,-0.0006633621762131003,-0.38095238095238093,-0.38095238095238093,0.0025305450339845326,0.018943654033194868,1.8286828298188214,1.8273538955694055,11.359774285476053,28.88699908790013
2015-07-09 00:00:00-04:00,40923900.0,0.042071931292072755,53.237457833174965,0.6258751392364502,0.00664881745796797,0.0019918706598225366,0.31585081585081576,0.31585081585081576,-0.337722807445193,0.09801267280792869,1.8306727193346335,1.8339807071288594,11.634257750137753,29.161482552561832
2015-07-10 00:00:00-04:00,40923900.0,0.028811089108297702,47.69208518446548,0.6246347904205323,-0.0019817831675358333,0.009277392256887174,-0.32506643046944195,-0.32506643046944195,-0.31519451987395875,-0.10416298738543217,1.839907340918011,1.8319969576307387,11.241116741674738,28.768341544098814
2015-07-13 00:00:00-04:00,40923900.0,0.02975627897245413,50.364279477673826,0.6279417514801026,0.005294231301692154,-0.009849224160991987,1.0,1.0,0.03280646075556404,0.05603014174936405,1.8300092922955011,1.8372772237581168,11.956970055045868,29.484194857469944
2015-07-14 00:00:00-04:00,40923900.0,0.025226204536516438,45.833553619176314,0.6238082885742189,-0.0065825578505344096,0.005305726064646299,-0.45734445157152026,-0.45734445157152026,-0.15223927830933626,-0.08995911200329898,1.8353009925850179,1.8306729053275692,11.345689545594315,28.87291434801839
2015-07-15 00:00:00-04:00,40923900.0,0.025887785356375873,47.301736894752935,0.6223491191864013,0.017699076486171084,-0.00561547727518974,0.710401891252955,0.710401891252955,0.02622593576856791,0.03203293569107735,1.8296696892422235,1.8482171770909765,11.882417912619575,29.409642715043653
2015-07-16 00:00:00-04:00,40923900.0,0.024934487040183747,57.571832493667124,0.6290187835693359,-0.009183813036611532,0.0020069194261449486,-0.042156185210780905,-0.042156185210780905,-0.03682425140153367,0.21711878406844343,1.831674597495968,1.8389909328568301,11.83934736573794,29.366572168162016
2015-07-17 00:00:00-04:00,40923900.0,0.024305988187158737,60.07341613670148,0.6261005878448487,-0.004639282324651939,0.004672467312509143,-0.461038961038961,-0.461038961038961,-0.025206006925754587,0.04345152020842025,1.8363361827173947,1.8343408556620278,11.221235371120908,28.748460173544984
2015-07-20 00:00:00-04:00,40923900.0,0.0245585095754687,59.16485251350228,0.6210987091064453,-0.007988937936667106,-0.00597961033494343,1.0,1.0,0.010389266478923576,-0.015124221022019047,1.830338622922954,1.8263198351761094,11.941455846009388,29.468680648433466
2015-07-21 00:00:00-04:00,40923900.0,0.01706695346213664,45.14028714461932,0.6198482036590576,-0.0020133763426859463,2.866396875411681e-08,0.20716612377850163,0.20716612377850163,-0.3050492983016899,-0.2370421757695137,1.8303386515869222,1.8243044292666295,12.12973141227345,29.65695621469753
2015-07-22 00:00:00-04:00,40923900.0,0.03253551905550886,31.913851861438246,0.6144291400909424,-0.008742565576742356,-0.010026835664804667,0.008094981111710808,0.008094981111710808,0.9063460346153474,-0.2930073360146459,1.820261208633901,1.8155234232541086,12.13779380477688,29.665018607200956
2015-07-23 00:00:00-04:00,40923900.0,0.03723871065012825,31.306156432394346,0.6106775760650635,-0.006105771652242353,7.370862564748393e-08,0.10653104925053536,0.10653104925053536,0.14455560357267627,-0.01904174499782596,1.8202612823425237,1.809398935153668,12.23902374566986,29.766248548093937
2015-07-24 00:00:00-04:00,40923900.0,0.057429031018782634,29.137316142804536,0.6048417091369629,-0.00955637992425451,-0.01080367213521971,-0.14078374455732945,-0.14078374455732945,0.5421863436237111,-0.06927839558565485,1.8093988267734833,1.7997966000194683,12.087289109540206,29.614513911964284
2015-07-27 00:00:00-04:00,40923900.0,0.09261262137855922,28.399830705461085,0.602757453918457,-0.0034459515390892204,-0.017064885395463136,-0.18806306306306309,-0.18806306306306309,0.6126446804973864,-0.02531068523020341,1.79218665823656,1.7963446975142805,11.878956503832987,29.406181306257064
2015-07-28 00:00:00-04:00,40923900.0,0.09338724547381114,31.108682510802268,0.6035911083221437,0.0013830677634381061,0.00486113238981245,0.4680998613037448,0.4680998613037448,0.008364130976118211,0.09538267440517845,1.797036013473761,1.797726809720465,12.262925457122957,29.790150259547033
2015-07-29 00:00:00-04:00,40923900.0,0.08916717596716962,29.943695580638064,0.6069261074066162,0.005525262116175211,3.376052502002125e-07,-0.1270666036844591,-0.1270666036844591,-0.04518892794439433,-0.0374489318138006,1.7970363510789542,1.8032368635699692,12.127029438189721,29.6542542406138
2015-07-30 00:00:00-04:00,40923900.0,0.0699352612267522,30.203571304937483,0.6060922145843506,-0.001373961034282778,0.004146168099520509,-0.17532467532467533,-0.17532467532467533,-0.21568379318751107,0.008678812660233515,1.8011739475084083,1.801861957785759,11.934263922234683,29.46148872465876
2015-07-31 00:00:00-04:00,40923900.0,0.057249060051575484,34.87910369637848,0.6127616882324218,0.011004057612990614,0.002064683080135188,0.3254593175853018,0.3254593175853018,-0.18139921053621355,0.15480064738823351,1.8032365020597543,1.8128059112809165,12.216022976383341,29.74324777880742
2015-08-03 00:00:00-04:00,40923900.0,0.04125548742062916,37.66822538251454,0.6123449325561523,-0.0006801268491045676,0.007555083421555198,-0.2638613861386139,-0.2638613861386139,-0.2793683008338962,0.07996540594664592,1.8107631887751918,1.8121255530406235,11.909686132448247,29.436910934872323
2015-08-04 00:00:00-04:00,40923900.0,0.04294575641197429,42.60886518402985,0.6152628421783447,0.004765140474032981,-4.9927812217909207e-08,-0.4586415601882986,-0.4586415601882986,0.040970767697194654,0.13116200063432615,1.8107631388473784,1.8168793761710358,11.296012463406655,28.82323726583073
2015-08-05 00:00:00-04:00,40923900.0,0.04989705915994476,32.673339094408774,0.6144291400909424,-0.0013550340281408557,0.008179961871821462,0.35155279503105596,0.35155279503105596,0.16186238941252595,-0.23317978657044813,1.8189098261643257,1.8155234232541086,11.59726661340398,29.124491415828057
2015-08-06 00:00:00-04:00,40923900.0,0.04853524124058326,34.02098207230985,0.6131786823272705,-0.002035153742035778,-0.0033805693298243344,0.9917279411764706,0.9917279411764706,-0.02729254874513143,0.041245952059172586,1.815523529799269,1.8134861957726325,12.28626918752445,29.813493989948526
2015-08-07 00:00:00-04:00,40923900.0,0.039008358655324385,33.00022535121043,0.6069261074066162,-0.010196986785194762,-0.008819414332277509,-0.4928472542685741,-0.4928472542685741,-0.19628794133391203,-0.03000374060131039,1.8066649942450475,1.8032368635699692,11.607326140391713,29.13455094281579
2015-08-10 00:00:00-04:00,40923900.0,0.033840555306965454,35.999556157006026,0.6081762313842773,0.0020597630624308305,-0.0006850693996037771,-0.21656050955414008,-0.21656050955414008,-0.13247938458578434,0.09088819163732098,1.805979690078175,1.8052945082289042,11.363264690415821,28.8904894928399
2015-08-11 00:00:00-04:00,40923900.0,0.03772524215991136,39.1302617868751,0.6060922145843506,-0.003426665976707599,-0.005479095552418101,0.07897793263646924,0.07897793263646924,0.11479382704297159,0.08696511746464397,1.800485529227047,1.801861957785759,11.439278924801929,28.96650372722601
2015-08-12 00:00:00-04:00,40923900.0,0.051713361245248585,40.90885455935191,0.6040079593658447,-0.0034388417609607647,-0.006198396400514117,0.24865446716899897,0.24865446716899897,0.3707893782641285,0.04545312735611118,1.794267843015658,1.7984171896179189,11.661345470088502,29.188570272512578
2015-08-13 00:00:00-04:00,40923900.0,0.05586668742670039,49.333237751113046,0.6044248104095459,0.0006901416400850735,0.0027719947672040224,-0.1586206896551724,-0.1586206896551724,0.08031437294812105,0.20593055666075344,1.7970360028906,1.799107093219776,11.488632772401184,29.01585757482526
2015-08-14 00:00:00-04:00,40923900.0,0.045645236969433706,55.405486876419296,0.6060922145843506,0.0027586626923452595,-0.0006910563284161508,0.30122950819672134,0.30122950819672134,-0.18296145570967826,0.1230863693954336,1.7963447076726957,1.801861957785759,11.751942365440728,29.279167167864806
2015-08-17 00:00:00-04:00,40923900.0,0.030523429343847972,47.56104706315623,0.6019237995147705,-0.006877526173865722,-0.0006914990936484067,0.21732283464566926,0.21732283464566926,-0.3312899358089003,-0.14158236404924862,1.7956529693832735,1.7949606724298286,11.948596415135459,29.475821217559535
2015-08-18 00:00:00-04:00,40923900.0,0.02450878549628326,44.87130600571988,0.6035911083221437,0.0027699665783562644,-1.1364806240532488e-07,-0.20957309184993533,-0.20957309184993533,-0.19705006864757713,-0.05655344496231651,1.7956528557352047,1.797726809720465,11.713414325719633,29.24063912814371
2015-08-19 00:00:00-04:00,40923900.0,0.012735066655017693,41.88335822519864,0.6004377365112304,0.015485032930767417,0.003123530346333947,0.17266775777414067,0.17266775777414067,-0.4803876896736088,-0.0665892760094916,1.7987715179950694,1.8130931730295397,11.872695613816264,29.39992041624034
2015-08-20 00:00:00-04:00,40923900.0,0.01718364088664908,24.789584213330926,0.5966536045074463,-0.026567351027318886,-0.009046390578223318,1.0,1.0,0.34931691777825313,-0.408128066521262,1.78968396036202,1.7861665320520073,12.626097904969669,30.153322707393745
2015-08-21 00:00:00-04:00,40923900.0,0.025924062340797194,23.256295902150228,0.594130563735962,-0.0042286525253915075,-0.002809346870602858,-0.2112352168199737,-0.2112352168199737,0.5086478186901024,-0.06185211893776543,1.786870659870032,1.7819289134904306,12.388810782209344,29.916035584633423
2015-08-24 00:00:00-04:00,40923900.0,0.10614434970605353,10.43002616132533,0.5773115158081055,-0.0283086731342288,-0.03873247710000016,0.05372761349437738,0.05372761349437738,1.0,-0.5515181693073921,1.7473681308263824,1.753211823581395,12.441144767709657,29.968369570133735
2015-08-25 00:00:00-04:00,40923900.0,0.11109052095461125,25.282799257993034,0.5865621566772461,0.016023655540963633,0.020513201773593392,-0.30276679841897236,-0.30276679841897236,0.046598535506177985,1.0,1.767673770584298,1.7691084554793994,12.080509422554828,29.607734224978906
2015-08-26 00:00:00-04:00,40923900.0,0.10615472306629078,33.92112463658172,0.593289566040039,0.011469218199998465,0.013639290559587014,0.01984126984126977,0.01984126984126977,-0.04443041445756746,0.34166807600854265,1.7812208832354608,1.7805124008080933,12.100156419938624,29.6273812223627
2015-08-27 00:00:00-04:00,40923900.0,0.09943502832075027,42.518112642822665,0.597914743423462,0.007795817840340558,0.001416348708031645,-0.06170094496942746,-0.06170094496942746,-0.06330094932605346,0.25344053590044147,1.7826362298677418,1.788277988272556,12.036469861143994,29.56369466356807
2015-08-28 00:00:00-04:00,40923900.0,0.09105567271282414,44.090440349124776,0.6008584499359131,0.004923288052066654,0.007779992228411636,-0.5053317535545023,-0.5053317535545023,-0.08426965576855483,0.0369801858212897,1.7903861140162092,1.7931891965738387,11.332601910838946,28.859826713263026
2015-08-31 00:00:00-04:00,40923900.0,0.09159934081225878,39.277326986657876,0.5911872863769532,-0.01609557718625987,-4.44889128092818e-07,1.0,1.0,0.005970721902734066,-0.10916455640621525,1.7903856691269822,1.7769626786395565,12.179728670190572,29.70695347261465
2015-09-01 00:00:00-04:00,40923900.0,0.0891776249187129,43.98532657361514,0.5953922271728516,0.007112705047613854,-0.017543498294073423,-0.12525667351129366,-0.12525667351129366,-0.026438136694776126,0.11986558017444837,1.7726864598353318,1.7840502077096658,12.045903893377352,29.57312869580143
2015-09-02 00:00:00-04:00,40923900.0,0.05097130908606617,49.60854024321294,0.6038014888763428,0.014123902395269061,0.012856787055533836,0.47828638497652576,0.47828638497652576,-0.4284293943404808,0.12784294462805978,1.7854613000389064,1.798075297125169,12.436787462340702,29.96401226476478
2015-09-03 00:00:00-04:00,40923900.0,0.053265574213235356,43.17401852740745,0.594130563735962,-0.016016729535361374,-0.01904098234325058,0.5978562921794364,0.5978562921794364,0.0450109123800464,-0.12970592733145003,1.7662367036605469,1.7819289134904306,12.905450375840756,30.432675178264834
2015-09-04 00:00:00-04:00,40923900.0,0.053675003275799424,44.87832583682986,0.593289566040039,-0.001415509901787515,0.012221379031687851,-0.6236024844720497,-0.6236024844720497,0.007686560571468215,0.039475299440576705,1.778384004586538,1.7805124008080933,11.928340903931561,29.45556570635564
2015-09-08 00:00:00-04:00,40923900.0,0.0566956503253753,46.22884580469955,0.5970739364624024,0.0063786229170055275,0.010653539673498136,-0.18745874587458744,-0.18745874587458744,0.05627660671122503,0.03009292219990467,1.7889811951644978,1.7868707664068355,11.720752312172545,29.247977114596623
2015-09-09 00:00:00-04:00,40923900.0,0.05497626942938167,44.39252385974023,0.5903462409973145,-0.011267776156749898,-0.0007028728296928355,0.4776604386677499,0.4776604386677499,-0.030326504522412923,-0.039722426831012236,1.7882780752038898,1.7755390279310421,12.111212364506214,29.63843716693029
2015-09-10 00:00:00-04:00,40923900.0,0.04992839613309911,45.89355466074999,0.5895051479339599,-0.0014247453527163056,-0.00984558917585221,-0.10720175920835628,-0.10720175920835628,-0.09181913121199825,0.03381269345604965,1.7783836977176921,1.7741132666636046,11.997817706709714,29.52504250913379
2015-09-11 00:00:00-04:00,40923900.0,0.05119459951415205,48.543566927439,0.5916074752807617,0.003566257825177166,-0.007102321080047602,-0.18842364532019706,-0.18842364532019706,0.025360385654638273,0.057742580331338056,1.7712560350948128,1.7776731804698083,11.789040901050544,29.31626570347462
2015-09-14 00:00:00-04:00,40923900.0,0.04931826362055851,55.24850351550116,0.5853004455566406,-0.01066083507671689,0.004291996298403822,-0.34597875569044,-0.34597875569044,-0.036651051310106486,0.13812204196046074,1.775538847047179,1.7669551115536952,11.364425456651784,28.891650259075863
2015-09-15 00:00:00-04:00,40923900.0,0.047385137444475076,49.37504385501727,0.5857212543487549,0.0007189620225114268,-0.007834183365364678,0.47911832946635724,0.47911832946635724,-0.03919696344048906,-0.10630984165636215,1.7676738152468237,1.7676738152468237,11.755871643580617,29.283096446004695
2015-09-16 00:00:00-04:00,40923900.0,0.049959147049087854,46.37743829516969,0.5886877536773681,0.023844959056748216,0.0036174842195739743,0.1215686274509804,0.1215686274509804,0.054321032784360845,-0.06071094475682126,1.7712847721073675,1.7912389232297727,11.870599909242044,29.39782471166612
2015-09-17 00:00:00-04:00,40923900.0,0.04006062808377203,48.137797333798034,0.5954688549041748,-0.007035159126266177,0.001441939308039375,-0.09999999999999998,-0.09999999999999998,-0.1981322650602888,0.03795722884529584,1.7727256728191978,1.7841789006908746,11.765239393584219,29.292464196008297
2015-09-18 00:00:00-04:00,40923900.0,0.023700392740538673,47.81935003123094,0.5980117797851563,0.004270458244857611,0.005759567332314086,-0.2175602175602176,-0.2175602175602176,-0.4083868907152918,-0.006615327667755744,1.7784687172563785,1.7884402664059098,11.519901078706654,29.047125881130732
2015-09-21 00:00:00-04:00,40923900.0,0.04041971348413081,56.795861442109015,0.5988595008850097,0.0014175658883477382,0.01002153052469823,0.13207547169811318,0.13207547169811318,0.705444881299133,0.1877171355322791,1.7884403652335212,1.7898568284962548,11.643953727376633,29.17117852980071
2015-09-22 00:00:00-04:00,40923900.0,0.04425991381934102,49.317513330609316,0.5946212768554688,-0.007077159205585937,-0.0035435235246861208,-0.15000000000000002,-0.15000000000000002,0.09500810382334635,-0.1316706520795048,1.784890548558334,1.7827545074127678,11.481434797878858,29.008659600302934
2015-09-23 00:00:00-04:00,40923900.0,0.04501447033992971,43.91294842640844,0.5975880146026611,0.004989289590983548,-0.003556266021304877,1.0,1.0,0.01704830523775125,-0.10958713323541569,1.7813279439908556,1.7877313917436197,12.240474072247506,29.767698874671584
2015-09-24 00:00:00-04:00,40923900.0,0.036867036000896074,52.563397166642076,0.5963165760040283,-0.0021276173008225596,0.0007138833729756211,0.5391304347826087,0.5391304347826087,-0.18099589482021572,0.19699084325277094,1.7820415726703034,1.785601507849575,12.671691676458085,30.19891647888216
2015-09-25 00:00:00-04:00,40923900.0,0.032619895985110135,54.086335663972385,0.5967401981353759,0.0007103980476048655,0.005705776428270859,-0.7489014438166981,-0.7489014438166981,-0.11520155880398708,0.02897336510618076,1.7877311328113483,1.7863116536839276,11.289781913656018,28.817006716080098
2015-09-28 00:00:00-04:00,40923900.0,0.02153114100981104,39.53872933846468,0.5869924068450928,-0.016335067288481553,-0.002127578811612185,1.0,1.0,-0.33993839159881845,-0.2689700854553927,1.7856012874885783,1.7698416982283893,12.101822624156375,29.629047426580453
2015-09-29 00:00:00-04:00,40923900.0,0.04031367537486274,47.0378652792274,0.5878399848937989,0.0014439335821421206,-0.017057625927372366,0.6964483906770256,0.6964483906770256,0.8723427316969921,0.18966557768125591,1.7683965044251981,1.7712845903408583,12.630359507878925,30.157584310303005
2015-09-30 00:00:00-04:00,40923900.0,0.04162906866682302,44.364252948711794,0.5844493865966797,-0.005767893277507596,0.005061383499051386,-0.2122996401701014,-0.2122996401701014,0.032628959769331445,-0.05683957625722247,1.7734451221795544,1.7654999985257065,12.391721992416803,29.91894679484088
2015-10-01 00:00:00-04:00,40923900.0,0.05011296757312291,38.56968802606651,0.5810590267181397,-0.005800946936196705,-0.007193851289310049,-0.4651162790697675,-0.4651162790697675,0.20379747080580923,-0.1306133776070615,1.766225270371104,1.7596821607432207,11.766016092652391,29.29324089507647
2015-10-02 00:00:00-04:00,40923900.0,0.0738484999642021,39.61836947210533,0.57597336769104,-0.008752396560851583,-0.01376782582547642,0.6195652173913044,0.6195652173913044,0.47364052740331575,0.027189264412252667,1.75236178903795,1.7508912369913532,12.248173821548809,29.775398623972887
2015-10-05 00:00:00-04:00,40923900.0,0.07597184970129026,49.20630526775421,0.5848735809326172,0.01545247357053392,0.007347499634571486,0.260306807286673,0.260306807286673,0.028752780870531458,0.2420073295141436,1.7596824272928178,1.766225536920701,12.479529010717972,30.00675381314205
2015-10-06 00:00:00-04:00,40923900.0,0.06140235634674963,52.59254876108548,0.5916543960571289,0.011593642362336398,0.006564015946063151,-0.4648155192088247,-0.4648155192088247,-0.19177489309297668,0.0688172679274568,1.7662249938975922,1.7777524879798843,11.854385243102481,29.381610045526557
2015-10-07 00:00:00-04:00,40923900.0,0.04914632028015976,55.86205986830774,0.6026736736297608,0.01862451736362636,0.011594051838264452,0.5060412224591329,0.5060412224591329,-0.19960204780054258,0.06216681230025212,1.7777523497397123,1.7962056928263868,12.263869744256391,29.79109454668047
2015-10-08 00:00:00-04:00,40923900.0,0.08357989120983877,62.35319889898764,0.6158124446868897,0.021800804700821352,0.01862521780684734,0.4709768758848514,0.4709768758848514,0.7006337551497168,0.11619942132428474,1.7962062422223048,1.8177722582732474,12.64979646575543,30.177021268179505
2015-10-09 00:00:00-04:00,40923900.0,0.12833488101767,63.0060040217581,0.6179315567016601,0.003441164648512407,0.016877615884032693,0.15880654475457168,0.15880654475457168,0.5354755690632294,0.010469472846581729,1.812943013683703,1.8212075156627123,12.797187100524967,30.324411902949045
2015-10-12 00:00:00-04:00,40923900.0,0.15262892365113426,68.60494247903672,0.6217459201812744,0.006172792825105411,0.002766192098166975,-0.563953488372093,-0.563953488372093,0.1893019453543523,0.0888635701344449,1.8157053869133697,1.8273613348424091,11.967180737247824,29.494405539671902
2015-10-13 00:00:00-04:00,40923900.0,0.14964118014123945,63.79336097814258,0.6179315567016601,-0.006134923215100674,0.004827622262774334,0.0107936507936508,0.0107936507936508,-0.019575211817151605,-0.07013461897973883,1.820521393576605,1.8212075156627123,11.97791655239242,29.505141354816498
2015-10-14 00:00:00-04:00,40923900.0,0.13093546285311056,64.91253464959578,0.6179315567016601,0.017801324241660144,-0.001388367930152401,-0.5923366834170855,-0.5923366834170855,-0.12500380757805718,0.01754373267520215,1.8191320609707113,1.8388522519168546,11.080602902692181,28.607827705116257
2015-10-15 00:00:00-04:00,40923900.0,0.0983517357295139,64.32470556345427,0.6175042152404785,-0.01816945157134542,0.0020771418254705853,0.5808936825885977,0.5808936825885977,-0.24885333899304718,-0.009055709953627145,1.821207048519743,1.820515708791112,11.538593211718807,29.065818014142884
2015-10-16 00:00:00-04:00,40923900.0,0.05424896098312476,76.1096837476459,0.6222019195556641,0.007607566392653808,-0.0006907061841886497,0.48732943469785583,0.48732943469785583,-0.44841887557206117,0.18321075986218283,1.8205161036881412,1.8280944835810433,11.935575397832494,29.46280020025657
2015-10-19 00:00:00-04:00,40923900.0,0.02939988085116562,77.40007466051543,0.6268993377685547,0.007549668468148196,0.007607035122568773,-0.13106159895150726,-0.13106159895150726,-0.4580563329072598,0.016954359147622,1.8280943512190058,1.8356157959322923,11.7950923567339,29.322317159157976
2015-10-20 00:00:00-04:00,40923900.0,0.03761751085251854,73.83437792965073,0.6200665950775146,-0.01089926608530356,0.005490633559486202,0.16515837104072406,0.16515837104072406,0.27951235731035684,-0.04606838877745545,1.8335699661993128,1.824656697698199,11.947949375319936,29.475174177744016
2015-10-21 00:00:00-04:00,40923900.0,0.0325186305945102,75.0960485568538,0.6179315567016601,-0.0034432404403071937,-0.00887336595198207,0.08543689320388359,0.08543689320388359,-0.13554539209143257,0.01708784799954821,1.8246569974884328,1.8212075156627123,12.029931947811301,29.55715675023538
2015-10-22 00:00:00-04:00,40923900.0,0.03173844571023267,80.80131565907354,0.6183585166931153,0.0006909502951006896,-0.00275496821757093,-0.3416815742397138,-0.3416815742397138,-0.023991935392545072,0.07597293348797685,1.8218982273615572,1.8218982273615572,11.611865412825132,29.139090215249208
2015-10-23 00:00:00-04:00,40923900.0,0.028631511760723406,78.70781788625385,0.620493745803833,0.003453060082582171,0.003453060082582171,0.638586956521739,0.638586956521739,-0.09789181164935146,-0.025909204024013976,1.825345339321057,1.825345339321057,12.105699671383386,29.632924473807464
2015-10-26 00:00:00-04:00,40923900.0,0.026943695575251135,68.19034539501665,0.6140881538391113,-0.010323378773823721,0.002064805678772208,-0.16030956329463797,-0.16030956329463797,-0.05894960069092858,-0.13362678287481855,1.8274080162184267,1.814968304881299,11.930977688583864,29.458202491007942
2015-10-27 00:00:00-04:00,40923900.0,0.036971936456198104,60.252589084410864,0.6132336616516113,-0.0013914813079489718,-0.013050108412319239,-0.1823568136932192,-0.1823568136932192,0.3721924801643881,-0.11640586749668924,1.814272006979473,1.813575854564225,11.729648448481516,29.256873250905592
2015-10-28 00:00:00-04:00,40923900.0,0.04416420091568806,53.83432415923188,0.6192126750946045,0.009749975933953214,-0.0006952686908869854,-0.15056360708534622,-0.15056360708534622,0.1945330742416176,-0.10652264114637988,1.8135764964772207,1.8232786061919415,11.566466231898259,29.093691034322337
2015-10-29 00:00:00-04:00,40923900.0,0.03326272595089894,48.56946633161548,0.6166502952575683,-0.004138125623227351,0.007660042205506867,0.41516587677725125,0.41516587677725125,-0.2468396289021655,-0.09779741660810926,1.82120734952479,1.8191318948327886,11.913712983527281,29.44093778595136
2015-10-30 00:00:00-04:00,40923900.0,0.03193060956420627,49.564577264041596,0.621348237991333,0.007618487771585913,7.113314886009192e-07,0.05492297387809786,0.05492297387809786,-0.04004832281813242,0.020488405732767223,1.8212080608560257,1.8267215084850994,11.967180737247824,29.494405539671902
2015-11-02 00:00:00-05:00,40923900.0,0.03639264630472433,54.08187563589713,0.621348237991333,0.0,0.0069108103628210404,0.4501587301587302,0.4501587301587302,0.1397416711242474,0.09113965297819182,1.8280951010202964,1.8267215084850994,12.338853756763992,29.866078559188068
2015-11-03 00:00:00-05:00,40923900.0,0.03742785752151358,52.99977557371064,0.620493745803833,-0.0013752226774833565,-0.0013732703773219335,-0.6059544658493871,-0.6059544658493871,0.02844561530703693,-0.020008552763067122,1.8267208868430493,1.825345339321057,11.407564949312402,28.934789751736478
2015-11-04 00:00:00-05:00,40923900.0,0.03886190098569908,49.07429041682778,0.6166502952575683,-0.006194180960334306,0.0020617474164734695,0.6822222222222223,0.6822222222222223,0.03831486916827176,-0.07406607130672482,1.8287805117751683,1.8191318948327886,11.927680619985486,29.454905422409563
2015-11-05 00:00:00-05:00,40923900.0,0.03274899014959211,45.544704410080435,0.6183585166931153,0.002770162357310424,-0.006172768917612426,-0.4828269484808454,-0.4828269484808454,-0.15729829681662988,-0.07192332230925202,1.8225886125542434,1.8218982273615572,11.268302881978894,28.795527684402973
2015-11-06 00:00:00-05:00,40923900.0,0.02292148849426682,34.65411551408688,0.6136610507965088,-0.007596670490976232,-0.0027605308319637034,1.0,1.0,-0.3000856396009418,-0.239118664552868,1.819824264430256,1.8142725551985155,11.963363938721123,29.490588741145203
2015-11-09 00:00:00-05:00,40923900.0,0.03221499221720542,37.634856565200586,0.6102445125579834,-0.0055674679598629595,-0.005536646415206015,0.21606118546845132,0.21606118546845132,0.40544939850931216,0.0860140565383074,1.814272233978027,1.8086895311232598,12.158981037996323,29.6862058404204
2015-11-10 00:00:00-05:00,40923900.0,0.054170348782889746,39.32628108463451,0.6098176956176757,-0.0006994195466314412,-0.009742160068953898,-0.2295597484276729,-0.2295597484276729,0.6815260552494682,0.04494303084438789,1.8044823085895711,1.8079898668686682,11.898187865760873,29.42541266818495
2015-11-11 00:00:00-05:00,40923900.0,0.05766444157025275,34.69437978733221,0.6055469989776612,-0.0070032350171290725,0.002810548664000212,-0.11904761904761907,-0.11904761904761907,0.06450194369925577,-0.11778132001177366,1.8072889150464575,1.8009619941045147,11.771436160121729,29.298660962545807
2015-11-12 00:00:00-05:00,40923900.0,0.06783612992326733,30.20913173287059,0.6042659759521485,-0.002115480759834365,-0.009810593867214501,-0.21158301158301163,-0.21158301158301163,0.17639446556717941,-0.1292788077479713,1.7974298802197939,1.7988442725544678,11.533708004152757,29.060932806576833
2015-11-13 00:00:00-05:00,40923900.0,0.06132840699542131,36.585385780111324,0.6046927452087403,0.0007062606096914781,0.0007072609099241234,0.6748285994123409,0.6748285994123409,-0.09593299227428242,0.21107041750235833,1.7981368911385862,1.7995502838795012,12.049418835484797,29.576643637908873
2015-11-16 00:00:00-05:00,40923900.0,0.0553912583627499,37.500418709036296,0.6046927452087403,0.0,-0.002121689244489633,-0.37836257309941523,-0.37836257309941523,-0.09680911218050503,0.02501088643494387,1.796012947922756,1.7995502838795012,11.57402056433004,29.101245366754117
2015-11-17 00:00:00-05:00,40923900.0,0.03932782168628403,21.622098760588713,0.6012769222259522,-0.005648857225182935,0.007088065339424077,0.4788334901222955,0.4788334901222955,-0.2899994900146262,-0.4234171375964253,1.8030760110026294,1.7938854115203962,11.965274158977243,29.49249896140132
2015-11-18 00:00:00-05:00,40923900.0,0.025182530753000507,27.80885856767938,0.6029981136322021,0.021156959357687688,-0.0034750439142022804,0.29325699745547085,0.29325699745547085,-0.3596764409206227,0.2861313268241781,1.7995949150986363,1.8148216698940747,12.222437999616439,29.749662802040515
2015-11-19 00:00:00-05:00,40923900.0,0.023465766799948773,13.069328691919722,0.5995550155639648,-0.023523033292068174,-0.0007115223155805817,0.08755533694048201,0.08755533694048201,-0.06817281272841025,-0.5300300204658726,1.7988831395309162,1.7910175533497952,12.306370366845538,29.833595169269614
2015-11-20 00:00:00-05:00,40923900.0,0.022245887748497978,12.521386379295649,0.5982638359069824,-0.0021535632651957792,-0.007834622786840106,-0.17412935323383083,-0.17412935323383083,-0.051985475772027945,-0.04192581926283978,1.7910176648392968,1.788861667832554,12.115053247143004,29.642278049567082
2015-11-23 00:00:00-05:00,40923900.0,0.026155333570846293,11.70131337729103,0.5952509880065918,-0.005035985328819104,0.0007177869125407632,0.5224534501642935,0.5224534501642935,0.17573791014981088,-0.06549378616417634,1.7917351942660176,1.783812959195381,12.535376392672774,30.062601195096853
2015-11-24 00:00:00-05:00,40923900.0,0.03910490639685509,12.683699556141093,0.5939599990844726,-0.002168814412963016,-0.007890575268910904,-0.13021582733812953,-0.13021582733812953,0.4951025683129835,0.08395520632381315,1.7838133236739606,1.7816417894983738,12.39586621716283,29.923091019586906
2015-11-25 00:00:00-05:00,40923900.0,0.048909018357922676,7.485633950738318,0.5939599990844726,0.0,-0.0021691781009897104,-0.3101736972704715,-0.3101736972704715,0.25071309112904694,-0.40982251135758074,1.7816417894983738,1.7816417894983738,12.024550768906783,29.55177557133086
2015-11-27 00:00:00-05:00,40923900.0,0.04227410933133526,19.106584538683308,0.59697265625,0.005072154977054044,0.004347500926912717,-0.4988009592326139,-0.4988009592326139,-0.13565819248369027,1.0,1.7859798673444949,1.7867011244292723,11.333798799072794,28.86102360149687
2015-11-30 00:00:00-05:00,40923900.0,0.036350859067566396,20.385805695729232,0.5952509880065918,-0.002883998497055451,-0.0021645620985151215,1.0,1.0,-0.1401153178022917,0.06695184869153392,1.783812959195381,1.783812959195381,12.533215786862868,30.060440589286944
2015-12-01 00:00:00-05:00,40923900.0,0.02296693844799325,34.35737303827534,0.6004156589508056,0.008676459255464009,0.00433810443887217,-0.06849315068493156,-0.06849315068493156,-0.3681871890481616,0.6853576233915106,1.7881416811841044,1.7924519942952157,12.462264050890584,29.98948885331466
2015-12-02 00:00:00-05:00,40923900.0,0.02798785672143633,48.62581760722205,0.6047201156616211,0.007169127997656233,0.006480065141413416,-0.061532507739938125,-0.061532507739938125,0.21861504461347936,0.41529498058687864,1.7946008409668555,1.799595546260564,12.398756989359676,29.92598179178375
2015-12-03 00:00:00-05:00,40923900.0,0.03043387836705441,43.06609096983206,0.5995550155639648,-0.008541306901962642,-0.0007156487344720519,-0.3261855670103093,-0.3261855670103093,0.08739581847811273,-0.11433692863118539,1.7938849360335882,1.7910175533497952,12.00395646140804,29.531181263832117
2015-12-04 00:00:00-05:00,40923900.0,0.029700725982179994,40.274865021641155,0.5978335857391357,-0.0028711790913964474,-0.0028629571996821035,0.12301101591187269,0.12301101591187269,-0.024090008379217043,-0.06481261441039932,1.791017872733009,1.788142244516999,12.119969946476761,29.64719474890084
2015-12-07 00:00:00-05:00,40923900.0,0.02376109589433953,35.12977677239323,0.5926686763763428,-0.008639376384997344,-0.002153750994011383,0.07465940054495923,0.07465940054495923,-0.19998265670018156,-0.12774936046299057,1.7888617990817761,1.7794653323731078,12.191973721150672,29.71919852357475
2015-12-08 00:00:00-05:00,40923900.0,0.041496657149379404,37.07809780836174,0.5913773059844971,-0.0021789077832513604,-0.014388682080066939,0.004563894523326617,0.004563894523326617,0.7464117536457953,0.05546067225509965,1.774368596092115,1.777284047316425,12.196527232686643,29.72375203511072
2015-12-09 00:00:00-05:00,40923900.0,0.041112157168825984,33.3335880195599,0.5905166149139405,-0.0014554009121533484,0.010219172353433281,0.06966178697627456,0.06966178697627456,-0.009265806138776367,-0.10098980287919168,1.7845359057338148,1.7758275862796349,12.263869744256391,29.79109454668047
2015-12-10 00:00:00-05:00,40923900.0,0.045278403679342556,38.271535706030306,0.5913773059844971,0.0014575221912800362,-0.005057947854661071,-0.09438414346389812,-0.09438414346389812,0.10133855281317383,0.14813729873822346,1.7794651231644008,1.777284047316425,12.16472968199579,29.69195448441987
2015-12-11 00:00:00-05:00,40923900.0,0.04802011231789044,27.67850783828061,0.5767436027526857,-0.024745121403415893,-0.005809632327749115,0.7076602397081813,0.7076602397081813,0.06055223717612512,-0.2767860675651067,1.77363854927473,1.7522276191146777,12.699853834686905,30.227078637110985
2015-12-14 00:00:00-05:00,40923900.0,0.072848957893418,27.43357105460791,0.5733003616333008,-0.005970141849776844,-0.018991910721131156,0.9752822703692401,0.9752822703692401,0.5170509683767917,-0.00884934928948522,1.7544639757759144,1.746239584718478,13.380565144533602,30.907789946957678
2015-12-15 00:00:00-05:00,40923900.0,0.08839665342829388,43.971487433821906,0.5866429328918457,0.023273265030799406,-0.005956846416649952,-0.14135640352232348,-0.14135640352232348,0.21342371921947056,0.6028349844172469,1.7484893165757445,1.7692461572596685,13.22816379629054,30.755388598714617
2015-12-16 00:00:00-05:00,40923900.0,0.07880487851537342,53.86708537690719,0.5996604442596436,0.040940596095488724,0.029281024533974964,-0.21482547679021236,-0.21482547679021236,-0.10850834891279193,0.22504578581696566,1.7773498406447878,1.8093708809948097,12.986314532941053,30.51353933536513
2015-12-17 00:00:00-05:00,40923900.0,0.09350686033524061,54.94292325442972,0.6044329643249512,-0.010197942233253099,0.015406367430650159,-0.28024747937671857,-0.28024747937671857,0.1865618232886317,0.019972082580576034,1.792638735015698,1.7991205835005613,12.657466685526737,30.184691487950815
2015-12-18 00:00:00-05:00,40923900.0,0.1077878679673268,56.98508644347482,0.6057348728179932,0.002153933636786398,0.005780670014116751,0.28907991085641505,0.28907991085641505,0.15272684358009614,0.03716881207045075,1.7984027610682711,1.8012722007479283,12.911395402020252,30.43862020444433
2015-12-21 00:00:00-05:00,40923900.0,0.1274986595477856,52.82185430685392,0.6044329643249512,-0.002149304178221234,0.00646519917424504,-0.2583353914546802,-0.2583353914546802,0.18286651320010927,-0.07305827535684328,1.8048471504869867,1.7991205835005613,12.612537253971421,30.139762056395497
2015-12-22 00:00:00-05:00,40923900.0,0.13847832847650263,56.793518104412406,0.6152806758880616,0.017946922493258466,-0.0007137473933858107,0.18281718281718273,0.18281718281718273,0.08611595578855402,0.07518978365443596,1.8041331482546625,1.8169083612649495,12.780436290100152,30.307661092524228
2015-12-23 00:00:00-05:00,40923900.0,0.13797135320099993,65.5716708761892,0.6252608299255371,0.016220489978936437,0.015714798943366137,-0.01745495495495497,-0.01745495495495497,-0.0036610441581746977,0.15456258151922442,1.8197257483031986,1.8329987045721094,12.762827201184564,30.29005200360864
2015-12-24 00:00:00-05:00,40923900.0,0.10325593634823552,67.14473927446974,0.6256947517395021,0.0006939852829364046,0.009142068246049018,-0.5309455587392551,-0.5309455587392551,-0.25161322294339006,0.02399006121486158,1.8288262807998534,1.8336924491586128,12.005790763359226,29.533015565783305
2015-12-28 00:00:00-05:00,40923900.0,0.09550955835917829,62.07167623033307,0.6138891220092774,-0.0012875762949663416,0.004175710814804168,0.6499694563225413,0.6499694563225413,-0.07502113934575338,-0.07555414018958873,1.8329932975285095,1.8324040432250637,12.506547539780707,30.033772342204784
2015-12-29 00:00:00-05:00,40923900.0,0.08068875451202856,65.44002468437424,0.6200103282928466,-0.00780745502617064,-0.01748285042188691,-0.012587930396149583,-0.012587930396149583,-0.15517613212505743,0.05426546629000373,1.8153558171787878,1.8245659504491434,12.493879710170106,30.02110451259418
2015-12-30 00:00:00-05:00,40923900.0,0.06850106654919863,63.34019407520598,0.6160757064819335,-0.006346058495100837,0.007830089762536518,0.1811023622047243,0.1811023622047243,-0.1510456820970395,-0.03208786395323071,1.823155410876322,1.8181996701268348,12.66032791780777,30.187552720231846
2015-12-31 00:00:00-05:00,40923900.0,0.058071942908412846,64.00239103956454,0.6186986446380616,0.0042574932407351,-0.004944281979660792,0.43619047619047624,0.43619047619047624,-0.15224760965284256,0.010454609020810857,1.8181988654953387,1.822448125885488,13.022322023224103,30.54954682564818
2016-01-04 00:00:00-05:00,40923900.0,0.046207884375249766,73.74135723143065,0.6169495582580566,-0.0028270409110530137,-0.00638770736619465,-0.5822281167108754,-0.5822281167108754,-0.20429932147912244,0.15216566183981706,1.811790669429297,1.8196170813468857,12.14950229404178,29.676727096465857
2016-01-05 00:00:00-05:00,40923900.0,0.045966178315606794,77.93598271074079,0.6208847999572754,0.006378546911241623,0.010000105759762956,-0.36878306878306877,-0.36878306878306877,-0.0052308402107332785,0.05688294380242653,1.821741104995096,1.8259753714216007,11.689396608086007,29.216621410510086
2016-01-06 00:00:00-05:00,40923900.0,0.04260740803636836,74.61016248088899,0.6230713367462158,0.003521646510094678,-0.004950038795709433,0.5582564962279966,0.5582564962279966,-0.07307047055721927,-0.04267374470911045,1.8167787741765768,1.8294908314547598,12.132964173709535,29.66018897613361
2016-01-07 00:00:00-05:00,40923900.0,0.02364402632853471,69.41053644753889,0.6235084056854248,0.0007014749570914969,0.0021319490972397936,1.0,1.0,-0.4450724083391109,-0.0696905871861887,1.818908453895234,1.8301920604932906,12.92586175703654,30.45308655946062
2016-01-08 00:00:00-05:00,40923900.0,0.039548623708752166,64.8325837367058,0.6217594623565674,-0.0028050036100712994,0.013475190636581535,-0.42380720545277506,-0.42380720545277506,0.6726687392080533,-0.06595472308866457,1.832293661607247,1.8273831154884501,12.374548795502076,29.90177359792615
2016-01-11 00:00:00-05:00,40923900.0,0.041304613670313114,59.05653591323183,0.6169495582580566,-0.007735956410346301,-0.006298451688199647,0.4258555133079849,0.4258555133079849,0.044400785587194624,-0.0890917420001539,1.8259752909892206,1.8196170813468857,12.729320789294722,30.256545591718798
2016-01-12 00:00:00-05:00,40923900.0,0.04077215724278784,60.3250138064392,0.6169495582580566,0.0,-0.003521140239892029,0.21066666666666656,0.21066666666666656,-0.0128909673813985,0.021479043319964974,1.8224479369442932,1.8196170813468857,12.92049196136566,30.447716763789735
2016-01-13 00:00:00-05:00,40923900.0,0.03190279203813266,42.067141943434805,0.6055814266204834,-0.01842635509728041,-0.002119876761180972,-0.420704845814978,-0.420704845814978,-0.21753485232190095,-0.30265839509937287,1.8203258100638249,1.8010188462798975,12.374548795502076,29.90177359792615
2016-01-14 00:00:00-05:00,40923900.0,0.06100561284807733,31.92777544068052,0.6064557552337647,0.0014437837338583392,-0.019830228566765085,-0.14152936206168143,-0.14152936206168143,0.9122342889349229,-0.24102817625186168,1.8002963238990175,1.8024615887601303,12.221945994686465,29.74917079711054
2016-01-15 00:00:00-05:00,40923900.0,0.09043727569964519,28.681609557859417,0.6016462802886963,-0.007930463028114176,-0.009392774035383966,0.3991141732283465,0.3991141732283465,0.48244188489445583,-0.10167215967965704,1.790859159577641,1.7944995123600505,12.557785297639091,30.08501010006317
2016-01-19 00:00:00-05:00,40923900.0,0.10544839233267267,30.080827211000226,0.5924642562866211,-0.015261498828961884,0.0007295450284103833,-0.24023918396060495,-0.24023918396060495,0.1659837331111289,0.04878448855243511,1.7915884386174366,1.77912035825904,12.283033686666302,29.81025848909038
2016-01-20 00:00:00-05:00,40923900.0,0.11954170159201463,18.54784805139076,0.5859054088592529,-0.011070452534093667,-0.017493061670147636,0.6472222222222221,0.6472222222222221,0.1336512482322143,-0.383399667792114,1.7739405652671165,1.7679881722306607,12.782124054213872,30.30934885663795
2016-01-21 00:00:00-05:00,40923900.0,0.11586022402422774,25.202552094324005,0.5894033432006835,0.005970134920312509,0.0029674182851722186,0.07869589657110732,0.07869589657110732,-0.030796596658389963,0.35878577528212285,1.7769035894572482,1.773940556509602,12.857876862555736,30.385101664979814
2016-01-22 00:00:00-05:00,40923900.0,0.0958762900083004,34.2853648618964,0.5994596004486084,0.017061758070993527,0.005176905147590727,-0.30797290255341325,-0.30797290255341325,-0.1724831294279947,0.3603925798299601,1.7820671405001793,1.7908583974658157,12.489746696584415,30.016971499008495
2016-01-25 00:00:00-05:00,40923900.0,0.05472022868999415,33.566343436962626,0.5963992595672607,-0.005105166184772858,0.00515140337072828,-0.4612198795180723,-0.4612198795180723,-0.4292621388952702,-0.020971671960617444,1.7872053207847562,1.7857401553981345,11.871298965544542,29.39852376796862
2016-01-26 00:00:00-05:00,40923900.0,0.04185249358032182,37.08589996092735,0.6038322925567627,0.012463182792841199,0.0021960098252227223,0.42837176799440946,0.42837176799440946,-0.23515499510376225,0.10485373631996664,1.7893989229046547,1.7981263120618165,12.227834137311687,29.755058939735765
2016-01-27 00:00:00-05:00,40923900.0,0.050705331198671905,34.45906164499145,0.6029581069946289,-0.0014477290680038335,0.008766119229630442,0.23238747553816053,0.23238747553816053,0.21152473511190029,-0.07083118701995805,1.7981268427888017,1.7966775340215448,12.436787462340702,29.96401226476478
2016-01-28 00:00:00-05:00,40923900.0,0.06403494390697322,40.85341646545301,0.6103910446166992,0.012327452829382857,0.0050684443339046314,-0.611750694720127,-0.611750694720127,0.26288385053779995,0.18556381152621904,1.8031824857957117,1.808929622538848,11.49067985602291,29.017904658446987
2016-01-29 00:00:00-05:00,40923900.0,0.0706597600918978,42.94483781593962,0.6117031097412109,0.002149548451084504,0.006484733713937985,1.0,1.0,0.1034562659186331,0.05119330355773766,1.8096462840823524,1.8110768640160373,12.487862392277117,30.015087194701195
2016-02-01 00:00:00-05:00,40923900.0,0.06177861752207303,47.77084221889107,0.6138891220092774,0.0035736491007725135,-0.005011126666061627,-0.11769143719351183,-0.11769143719351183,-0.12568882994046737,0.11237682218374112,1.8046225596173262,1.8146441428051898,12.36264895257227,29.889873754996348
2016-02-02 00:00:00-05:00,40923900.0,0.050327099373318744,45.454545454545475,0.6103910446166992,-0.005698223453005302,-0.0007195966278552568,-0.5575032064985037,-0.5575032064985037,-0.18536378132227949,-0.048487668560082686,1.8039027039555435,1.808929622538848,11.547326891687561,29.074551694111637
2016-02-03 00:00:00-05:00,40923900.0,0.05104489734662084,55.86211201800277,0.6130144596099854,0.004297925102970002,0.012238926070930134,0.08212560386473422,0.08212560386473422,0.014262653366481137,0.22896646439606028,1.8160673399107259,1.8132183379406965,11.626254150277232,29.15347895270131
2016-02-04 00:00:00-05:00,40923900.0,0.03756395284408589,54.86114897819462,0.6125771045684816,-0.000713449796570953,-0.003556367484724987,0.07499999999999996,0.07499999999999996,-0.26409974754170773,-0.01791846035977962,1.8125046335177035,1.8125046335177035,11.698574811856858,29.225799614280934
2016-02-05 00:00:00-05:00,40923900.0,0.03044264530635708,52.317898013498535,0.6047069549560546,-0.012847606535949185,-0.0007134067435843328,-0.05315614617940201,-0.05315614617940201,-0.1895782258934977,-0.04635796026997063,1.8117909721784342,1.799573782723288,11.643953727376633,29.17117852980071
2016-02-08 00:00:00-05:00,40923900.0,0.03998264866628522,56.8345493075655,0.6007717609405517,-0.006507605019672513,-0.015000004469516326,1.0,1.0,0.313376293811628,0.08633090138486876,1.796677329830806,1.79304491092801,12.626097904969669,30.153322707393745
2016-02-09 00:00:00-05:00,40923900.0,0.06503503448201854,64.00045716918052,0.6012091159820556,0.0007279886804585356,-0.01160243167625108,-0.30256241787122207,-0.30256241787122207,0.6265814459875536,0.12608365772087038,1.7850070647453555,1.7937726347532423,12.265755647691348,29.792980450115426
2016-02-10 00:00:00-05:00,40923900.0,0.06696605833350767,55.384829627342846,0.5955248832702636,-0.009454668202272698,0.012472375695758098,-0.25011775788977864,-0.25011775788977864,0.02969205547239362,-0.13461821872713964,1.797402301108269,1.7842729874426926,11.97791655239242,29.505141354816498
2016-02-11 00:00:00-05:00,40923900.0,0.09085800849603648,42.24185667829002,0.5915898323059082,-0.0066077020035612,-0.02101425439104021,-0.37625628140703515,-0.37625628140703515,0.3567770114755886,-0.23730276029529018,1.776164104396362,1.7776433579292368,11.505900850033264,29.03312565245734
2016-02-12 00:00:00-05:00,40923900.0,0.08642136300311787,46.90269244651878,0.5933386325836182,0.0029561026613549313,0.005181036057346544,-0.25679758308157097,-0.25679758308157097,-0.048830538621283504,0.11033690596806012,1.781331765065416,1.7805950999107505,11.209114010588564,28.73633881301264
2016-02-16 00:00:00-05:00,40923900.0,0.07434944550106266,43.39613711959949,0.5977108955383301,0.007368916693783145,0.0014724812310733526,0.4905149051490514,0.4905149051490514,-0.13968672886609856,-0.07476234612581512,1.7828031632590393,1.7879369987847695,11.608235644774552,29.135460447198632
2016-02-17 00:00:00-05:00,40923900.0,0.05038664036125717,47.774233904782854,0.6007965087890625,0.0235659302112039,0.011818472553678294,0.28181818181818175,0.28181818181818175,-0.3222997155972467,0.10088678568595544,1.794552343087745,1.8112295392545392,11.856515169360305,29.383739971784383
2016-02-18 00:00:00-05:00,40923900.0,0.05211843311419865,42.63870643482238,0.6038820266723632,-0.012936461720522874,0.0036630222303164484,-0.06737588652482274,-0.06737588652482274,0.03437007787232971,-0.1074957576545531,1.798208672790404,1.798208672790404,11.786762130599957,29.313986933024033
2016-02-19 00:00:00-05:00,40923900.0,0.05336314855665543,40.06101419489472,0.6030004024505615,-0.0014599279045608426,-0.0036497588356745325,-0.5863117870722434,-0.5863117870722434,0.023882441740515015,-0.0604542786462795,1.7945522373346308,1.7967476781527378,10.904119432844034,28.43134423526811
2016-02-22 00:00:00-05:00,40923900.0,0.05564060719005295,42.40430684603486,0.6069676399230957,0.006579162230093916,0.005128456341124243,1.0,1.0,0.04267849058755502,0.05849309355325216,1.7996675879325905,1.8033052921562225,11.766016092652391,29.29324089507647
2016-02-23 00:00:00-05:00,40923900.0,0.045865176081561855,46.49129892392056,0.6074083328247071,0.000726056666986663,-0.000728986571967738,-0.4045031055900621,-0.4045031055900621,-0.1756887928109936,0.09638153248737447,1.798938335520708,1.80403108537158,11.247656987355347,28.774881789779425
2016-02-24 00:00:00-05:00,40923900.0,0.03721772740229084,47.06695757747942,0.6104939937591553,0.005080043798705525,0.0021883346378659407,0.3507170795306389,0.3507170795306389,-0.18854061878871442,0.012382072922954457,1.8011242792417792,1.8090982692819304,11.54829260880752,29.075517411231598
2016-02-25 00:00:00-05:00,40923900.0,0.0256661005337841,55.01122324741336,0.6175464153289795,0.01155199173442889,0.005822069292214849,0.12644787644787647,0.12644787644787647,-0.31037969469881466,0.16878647099414623,1.8069294657852335,1.8205840462138423,11.667361818274648,29.194586620698725
2016-02-26 00:00:00-05:00,40923900.0,0.054335506500746235,70.12614735479337,0.6241582870483399,0.010706679781855799,0.014471904880807518,0.39588688946015416,0.39588688946015416,1.0,0.27476073453957817,1.8212976521229562,1.8312338153553442,12.000891794590137,29.528116597014215
2016-02-29 00:00:00-05:00,40923900.0,0.08159595533670444,79.41014776224901,0.6307703495025635,0.010593566714450331,0.009272713192151283,0.48741559238796817,0.48741559238796817,0.5017059854882151,0.13238999656553996,1.830527637641345,1.8417716634027685,12.397931906804617,29.925156709228695
2016-03-01 00:00:00-05:00,40923900.0,0.10395957553116796,81.49103800464279,0.6369414806365967,0.009783483226343481,0.010600905457256449,0.03508047874535691,0.03508047874535691,0.27407755816057766,0.02620433661229149,1.8410727474766946,1.8515075982315272,12.432411087740903,29.95963589016498
2016-03-02 00:00:00-05:00,40923900.0,0.12333590160080998,90.56477939837194,0.6369414806365967,0.0,0.008391600276818956,-0.19617224880382778,-0.19617224880382778,0.18638327417788303,0.11134649423918486,1.849429334020376,1.8515075982315272,12.21404081517935,29.74126561760343
2016-03-03 00:00:00-05:00,40923900.0,0.12252334156338224,95.4499946347759,0.6356192111968995,-0.0020759669135941294,0.000693636732980174,-0.2564484126984127,-0.2564484126984127,-0.006588187436758597,0.053941667708537366,1.8501227302985832,1.8494294735117465,11.917723684090689,29.444948486514768
2016-03-04 00:00:00-05:00,40923900.0,0.10420940764103917,95.75992704935177,0.6409085750579834,0.008321592185868365,-0.0006931901199052071,0.2808539026017345,0.2808539026017345,-0.14947302031318765,0.0032470658145322684,1.8494292998113202,1.8577166321454601,12.165250651009918,29.692475453433996
2016-03-07 00:00:00-05:00,40923900.0,0.0795413229057852,95.49563246216475,0.642231035232544,0.002063414699110533,0.0076284304029323735,-0.12968749999999996,-0.12968749999999996,-0.2367164855233217,-0.0027599706404414226,1.8570287808711998,1.8597779209283891,12.026347714583485,29.553572517007563
2016-03-08 00:00:00-05:00,40923900.0,0.057745440927752655,91.66654980858631,0.6404677391052246,-0.0027455791305397437,-0.0013766431793764689,-0.058647516457211224,-0.058647516457211224,-0.27401960618443877,-0.04009694008881004,1.8556511892480558,1.8570285657823185,11.96591008904637,29.493134891470447
2016-03-09 00:00:00-05:00,40923900.0,0.039822088268709296,91.8180575483674,0.6444347858428955,0.006193983701994199,0.0041349344808450095,0.08137317228226326,0.08137317228226326,-0.3103855883872788,0.0016528138137354986,1.859777598380412,1.8632034456127244,12.044141778383953,29.571366580808032
2016-03-10 00:00:00-05:00,40923900.0,0.03982160416060451,90.99087509611687,0.6431123733520507,-0.0020520501374162725,0.006177001284945582,0.014697236919459122,0.014697236919459122,-1.2156773434801593e-05,-0.00900892998977676,1.8659356001926235,1.8611492871356519,12.058732057631465,29.585956860055543
2016-03-11 00:00:00-05:00,40923900.0,0.0405467753419657,91.15031031640484,0.6479610919952392,0.007539457867862032,-0.0020462962786885752,-0.2676709154113557,-0.2676709154113557,0.01821049645404793,0.0017522110884147235,1.8638872073891428,1.8686604653442938,11.747206760694894,29.27443156311897
2016-03-14 00:00:00-04:00,40923900.0,0.039995640466465074,84.99994140390815,0.6444347858428955,-0.005442157246641655,0.002734119992328532,0.21044303797468356,0.21044303797468356,-0.013592569836995194,-0.06747501891268681,1.8666175964743563,1.8632034456127244,11.938193200374572,29.46541800279865
2016-03-15 00:00:00-04:00,40923900.0,0.027694299681029898,85.36575498365009,0.6488426685333252,0.006839920481114925,-0.0068167088056136915,-0.25620915032679736,-0.25620915032679736,-0.3075670408566007,0.004303692140252613,1.8597775477813223,1.8700200799609725,11.642197800674367,29.169422603098447
2016-03-16 00:00:00-04:00,40923900.0,0.0340113331721189,83.63975486277633,0.6501751899719238,0.01900695197261859,0.011678473761713937,0.10193321616871698,0.10193321616871698,0.22809869048308373,-0.020218881929930155,1.8713883544907182,1.8888486565262947,11.739263907180957,29.266488709605035
2016-03-17 00:00:00-04:00,40923900.0,0.03300083511768367,83.5055858999394,0.6563925743103027,-0.007233507448796139,0.0013668511839897146,-0.11323763955342903,-0.11323763955342903,-0.02971062761113985,-0.0016041290778177064,1.872754272383978,1.881588860412945,11.61908566079862,29.146310463222697
2016-03-18 00:00:00-04:00,40923900.0,0.04625558328369061,81.84854772236864,0.6586133480072022,0.0033833010667936314,0.008874068198193585,0.1079136690647482,0.1079136690647482,0.40164887096764157,-0.019843441126876415,1.8815891974411372,1.884966450993256,11.721564330081556,29.248789132505635
2016-03-21 00:00:00-04:00,40923900.0,0.060724177230248845,80.48095534153681,0.6617218494415283,0.004719766830920902,0.00405919417997791,-0.3157467532467533,-0.3157467532467533,0.31279670300168405,-0.016708816697282303,1.885640175319291,1.889675114647272,11.342137143989946,28.869361946414024
2016-03-22 00:00:00-04:00,40923900.0,0.0680744134739285,73.27593664790103,0.6577249526977539,-0.006040146244449485,0.002695484396796788,0.16963226571767498,0.16963226571767498,0.12104299438771537,-0.08952451748441426,1.8883320334129887,1.8836166529301637,11.498826540590727,29.026051343014803
2016-03-23 00:00:00-04:00,40923900.0,0.06465529715996167,71.83071606034359,0.6555044174194335,-0.0033760848956885248,-0.006720430657493837,-0.007099391480730244,-0.007099391480730244,-0.05022615898521543,-0.01972299029764557,1.8815889189744106,1.8802348562004827,11.491701828518602,29.01892663094268
2016-03-24 00:00:00-04:00,40923900.0,0.042937473860148206,61.97590143337115,0.6515076160430908,-0.0060972912922192535,-0.006765581533581533,-0.18488253319714,-0.18488253319714,-0.33590168561258127,-0.13719499355531417,1.8748003471402415,1.8741189005208996,11.2872787834379,28.814503585861978
2016-03-28 00:00:00-04:00,40923900.0,0.037017515543639745,58.387739146480136,0.6497306823730469,-0.002727418108841251,0.002724021098695184,-0.09273182957393489,-0.09273182957393489,-0.13787393119097735,-0.05789608870390639,1.8775206648174048,1.8713877562305092,11.189961578373808,28.717186380797884
2016-03-29 00:00:00-04:00,40923900.0,0.038031078626056224,66.93976742749194,0.6577249526977539,0.012303975387939481,-0.005434316901977487,0.7486187845303867,0.7486187845303867,0.027380635019159882,0.14646959115092506,1.872071528301294,1.8836166529301637,11.748787788692212,29.27601259111629
2016-03-30 00:00:00-04:00,40923900.0,0.040331875937848684,66.37298244845609,0.6608334541320801,0.004726141864583644,0.013660811995832578,-0.034755134281200584,-0.034755134281200584,0.06049781901836759,-0.008467089158171848,1.885639872575954,1.8883316616503845,11.713414325719633,29.24063912814371
2016-03-31 00:00:00-04:00,40923900.0,0.04671859054350131,68.17322061481406,0.6608334541320801,0.0,0.005390830382983713,1.0,1.0,0.1583540179359506,0.027123056700909975,1.8910162244436668,1.8883316616503845,12.72605620708093,30.253281009505006
2016-04-01 00:00:00-04:00,40923900.0,0.044324973316578815,64.65856431831781,0.6608334541320801,0.0,-0.005361925153952507,-0.6822235434007135,-0.6822235434007135,-0.051234791098710764,-0.05155479328685997,1.885639872575954,1.8883316616503845,11.579649097013137,29.106873899437215
2016-04-04 00:00:00-04:00,40923900.0,0.05331858230312774,64.61975609861986,0.6572807788848877,-0.005376052354762129,0.007412665957867048,-0.15622076707202992,-0.15622076707202992,0.20290162212427232,-0.0006002023105075027,1.8930251997446004,1.88294110632365,11.409784706050715,28.93700950847479
2016-04-05 00:00:00-04:00,40923900.0,0.04934913055292619,55.10175909126765,0.6532835483551025,-0.0060814657269708805,-0.013378285499414999,-0.0254988913525499,-0.0254988913525499,-0.07444781122713195,-0.14729236973327864,1.879556618746803,1.8768410731675882,11.383955083673268,28.911179886097347
2016-04-06 00:00:00-04:00,40923900.0,0.04827122315388935,59.632859435163816,0.6595014095306396,0.009517859727514955,-0.0006774854148858811,-0.1808873720136519,-0.1808873720136519,-0.02184248003884892,0.0822315007473915,1.8788789037349685,1.8863139234386235,11.184421397998193,28.71164620042227
2016-04-07 00:00:00-04:00,40923900.0,0.0348480259622454,50.99996886337356,0.6572807788848877,-0.0033671355567418404,0.005427282834762348,-0.24444444444444446,-0.24444444444444446,-0.27807866290958916,-0.1447673422599568,1.8842915119418726,1.88294110632365,10.904119432844034,28.43134423526811
2016-04-08 00:00:00-04:00,40923900.0,0.035594946277280756,50.0,0.6586133480072022,0.0020273970654904883,0.00404900028362265,0.4595588235294117,0.4595588235294117,0.021433647801013977,-0.019607244585823747,1.888332337083851,1.884966450993256,11.282253647235228,28.809478449659306
2016-04-11 00:00:00-04:00,40923900.0,0.03330542239273165,46.15426364088998,0.6586133480072022,0.0,0.0,-0.16498740554156166,-0.16498740554156166,-0.06432159966513129,-0.07691472718220038,1.888332337083851,1.884966450993256,11.101945176173954,28.629169978598032
2016-04-12 00:00:00-04:00,40923900.0,0.033417984040578726,51.807439315443276,0.6590574741363525,0.0006743351474642889,-0.0040322754078646605,0.5339366515837105,0.5339366515837105,0.003379679336288577,0.12248436500988635,1.8842919101332813,1.885640558878936,11.52978258203665,29.05700738446073
2016-04-13 00:00:00-04:00,40923900.0,0.026896246696742718,59.33032082919551,0.662636661529541,0.022121268577210973,0.004068446693153316,-0.046214355948869246,-0.046214355948869246,-0.19515651620148022,0.14520851856713435,1.8883521030762422,1.9075207017201656,11.48246625748552,29.009691059909596
2016-04-14 00:00:00-04:00,40923900.0,0.026640531152856712,61.43960828391664,0.6599520206451416,-0.02031457262632863,0.0027080813944062587,1.0,1.0,-0.009507480607581331,0.035551593607482834,1.8910565242249022,1.8869969503976884,12.349306813616082,29.876531616040158
2016-04-15 00:00:00-04:00,40923900.0,0.016638407241675594,64.9930979025665,0.6603995323181152,0.0006780972843087874,-0.005401699697480833,-0.48006932409012126,-0.48006932409012126,-0.37544761603255694,0.05783711384078072,1.8856401825962636,1.8876748178779144,11.695247021764184,29.22247182418826
2016-04-18 00:00:00-04:00,40923900.0,0.014449432851247753,56.94278687335571,0.6617416381835938,0.002032263500804543,0.001357565830253371,0.21333333333333337,0.21333333333333337,-0.13156153462483688,-0.12386409155752676,1.886996827767168,1.8897050191248068,11.888618414744723,29.4158432171688
2016-04-19 00:00:00-04:00,40923900.0,0.01689156851913623,49.201193820224724,0.6603995323181152,-0.0020281417822859416,0.004068064245163594,0.23145604395604402,0.23145604395604402,0.1690125621558629,-0.1359538842092286,1.8910566398117312,1.8876748178779144,12.096815659593224,29.6240404620173
2016-04-20 00:00:00-04:00,40923900.0,0.016894835581727382,50.02487098178201,0.6608471870422363,0.0006778543930061609,-0.002700544132731242,0.07417735638594536,0.07417735638594536,0.00019341380804571706,0.016740999508404242,1.8883524426314005,1.8883524426314005,12.168370778346162,29.695595580770238
2016-04-21 00:00:00-04:00,40923900.0,0.015282075672994853,57.58531676519695,0.6657683849334717,0.007446801602139175,0.003384487733003816,-0.37850467289719625,-0.37850467289719625,-0.09545875134036874,0.15113373877902236,1.891731215875911,1.895771653695996,11.692743891546064,29.21996869397014
2016-04-22 00:00:00-04:00,40923900.0,0.021279605786252036,67.17984519097543,0.6680059432983398,0.003360866054178624,0.0033744703195743853,-0.15371762740183792,-0.15371762740183792,0.3924552031799904,0.1666141468822684,1.8951000054466083,1.8991268846621783,11.525841690236774,29.053066492660854
2016-04-25 00:00:00-04:00,40923900.0,0.03023651317747793,65.24747774480713,0.6630842685699463,-0.007367710987857934,0.0033625338791589687,0.14412635735439294,0.14412635735439294,0.42091509970605845,-0.028764094955489483,1.898456898649829,1.8917318980364615,11.660483029327843,29.187707831751922
2016-04-26 00:00:00-04:00,40923900.0,0.027512600127179484,60.334150137253545,0.665321159362793,0.003373463824848155,-0.002681328632644031,0.5754961173425366,0.5754961173425366,-0.09008687722390529,-0.07530295081704708,1.8957719688167918,1.8950996844968937,12.115053247143004,29.642278049567082
2016-04-27 00:00:00-04:00,40923900.0,0.02310528713493186,68.73587040001865,0.6680059432983398,0.004035320232590012,3.209497660972005e-07,-0.531763417305586,-0.531763417305586,-0.16019252894580738,0.13925314674445777,1.8957722897665064,1.8991268846621783,11.356271654924852,28.88349645734893
2016-04-28 00:00:00-04:00,40923900.0,0.02189782238427676,59.415635571620555,0.6644263744354248,-0.005358588346146442,-0.0026884247931652228,0.31345029239766076,0.31345029239766076,-0.052259240216477876,-0.13559491971451876,1.893080244669341,1.8937538875848092,11.628929140726534,29.156153943150613
2016-04-29 00:00:00-04:00,40923900.0,0.014317539757583698,63.63277730022881,0.6680059432983398,0.005387457513192029,0.0013479318316655942,0.4372217275155832,0.4372217275155832,-0.34616604764023995,0.0709769690761759,1.8944272688564323,1.8991268846621783,11.991641034817986,29.518865837242064
2016-05-02 00:00:00-04:00,40923900.0,0.015468493364679403,61.53806215372424,0.6671109199523926,-0.0013398433875123628,0.0053833455103382555,-0.39281288723667906,-0.39281288723667906,0.08038766621800852,-0.032918807497925084,1.8997961759571143,1.8977861428819542,11.49272275765271,29.019947560076787
2016-05-03 00:00:00-04:00,40923900.0,0.015220060529787622,51.282286007848114,0.6635316848754883,-0.005365277302250893,-0.0033464246177909995,-0.136734693877551,-0.136734693877551,-0.016060570931817453,-0.1666574439776286,1.8964441395373162,1.8924064207894011,11.345689545594315,28.87291434801839
2016-05-04 00:00:00-04:00,40923900.0,0.01950316490737473,53.33328596802842,0.6621891498565674,-0.0020233171218836388,-0.006044742129252434,0.2529550827423168,0.2529550827423168,0.2814117834291474,0.039994316163410204,1.8903810539962063,1.8903810539962063,11.571194373094205,29.09841917551828
2016-05-05 00:00:00-04:00,40923900.0,0.02258388626825603,51.315676923314236,0.6612943172454834,-0.0013513247857923627,5.7555900712102925e-08,0.38773584905660385,0.38773584905660385,0.15796007342974305,-0.03783020318537422,1.8903811115521054,1.889028815347699,11.89886790658953,29.426092709013606
2016-05-06 00:00:00-04:00,40923900.0,0.028416177187108992,50.0,0.6617416381835938,0.0006764324544230593,-0.003378563551352909,-0.3514615907545887,-0.3514615907545887,0.25825010140308957,-0.02563888858526364,1.886996827767168,1.8897050191248068,11.465833857436378,28.993058659860456
2016-05-09 00:00:00-04:00,40923900.0,0.029647477831755236,48.05201276098074,0.6590572834014893,-0.0040564997382857015,0.0027121877966800323,0.6090146750524108,0.6090146750524108,0.043330974343896766,-0.03895974478038522,1.8897053442192784,1.8856402694733858,11.941455846009388,29.468680648433466
2016-05-10 00:00:00-04:00,40923900.0,0.03356782218799602,53.488268344729995,0.6635316848754883,0.006789093431918358,-0.004056624615802806,-0.2188925081433225,-0.2188925081433225,0.13223196855017894,0.1131327341227133,1.8856404691817035,1.8924064207894011,11.694413341015606,29.221638143439684
2016-05-11 00:00:00-04:00,40923900.0,0.024574699104303297,40.18881431219828,0.6581220626831055,0.008425185918086608,0.008156162676324463,0.9549624687239366,0.9549624687239366,-0.2679090419785617,-0.2486424489724962,1.8937635501215113,1.9007963129278203,12.364784336684995,29.89200913910907
2016-05-12 00:00:00-04:00,40923900.0,0.018396348685791094,37.3147612592451,0.6585730075836181,-0.01576551676862481,-0.006783906529430617,-0.1377986348122867,-0.1377986348122867,-0.25141103019366395,-0.07151375580843733,1.8869565282975342,1.8849051985768073,12.216517903391713,29.74374270581579
2016-05-13 00:00:00-04:00,40923900.0,0.01918989418062054,49.37447643257252,0.6626299381256104,0.006160183450089507,-0.0006830671954899392,-0.40573973280554176,-0.40573973280554176,0.04313603250205622,0.32318886055687956,1.8862732277053578,1.8910464856605091,11.696080008068074,29.223304810492152
2016-05-16 00:00:00-04:00,40923900.0,0.019179053008514593,49.39779750194566,0.6648835659027099,0.0034010352497420016,0.004100786909835508,-0.0024979184013321776,-0.0024979184013321776,-0.0005649417346393903,0.000472330464202253,1.8903656293049833,1.8944417504698121,11.693578964663486,29.220803767087563
2016-05-17 00:00:00-04:00,40923900.0,0.02449015437591471,46.78639893673549,0.6657853603363038,0.0013563193314447552,0.0047655479453496685,-0.3664440734557596,-0.3664440734557596,0.27692198176011296,-0.05286467610438128,1.8951198579741801,1.8957971508310434,11.237171963383721,28.7643967658078
2016-05-18 00:00:00-04:00,40923900.0,0.02801739266175342,47.36790625794727,0.6626299381256104,-0.004739398609034273,-1.8443975013937575e-08,0.46376811594202905,0.46376811594202905,0.14402678854926454,0.012428982234732322,1.895119839530205,1.8910464856605091,11.618185975627721,29.145410778051797
2016-05-19 00:00:00-04:00,40923900.0,0.02433413063751258,37.84919806342068,0.6599255561828613,-0.004081285476474239,-0.004742280595395054,0.7506750675067506,0.7506750675067506,-0.1314634116281943,-0.20095269026018148,1.890366278645192,1.886956849008365,12.178187442040638,29.705412244464714
2016-05-20 00:00:00-04:00,40923900.0,0.02348454776077219,48.26566479210313,0.6657853603363038,0.00887949269207966,-0.0013617299978261332,-0.4267352185089974,-0.4267352185089974,-0.03491322083356885,0.27520970751423746,1.8890036206505225,1.8957971508310434,11.62177986988231,29.149004672306386
2016-05-23 00:00:00-04:00,40923900.0,0.022794726312255445,53.85398390645576,0.666236162185669,0.0006770978700065822,0.005453400202295677,0.1928251121076232,0.1928251121076232,-0.029373418451301814,0.11578249545351649,1.894442204906384,1.896474019573709,11.79810440720389,29.325329209627967
2016-05-24 00:00:00-04:00,40923900.0,0.01889587064091653,54.53959891160283,0.6653347015380859,-0.001353064722013353,0.001356045182463017,-0.06842105263157894,-0.06842105263157894,-0.1710420040991112,0.012730998812232386,1.895797331489926,1.8951200386330627,11.727230067617233,29.25445487004131
2016-05-25 00:00:00-04:00,40923900.0,0.018481048710845667,62.49687009447499,0.6711945056915283,0.008807302760394098,-2.9037485349547865e-07,-0.18159806295399517,-0.18159806295399517,-0.021953046671086995,0.14589896775312217,1.8957970411150302,1.9038887833321287,11.52682837013922,29.054053172563297
2016-05-26 00:00:00-04:00,40923900.0,0.030555222549735136,61.361666682715914,0.6707433700561524,-0.0006721384510011141,0.007446969558832839,-0.2731755424063116,-0.2731755424063116,0.6533273099271524,-0.018164164222032597,1.9032164188948106,1.9032164188948106,11.207758078177427,28.734982880601507
2016-05-27 00:00:00-04:00,40923900.0,0.03823522505606336,63.49754805183158,0.6693915367126465,-0.0020154255768383145,0.000672745728305113,0.08141112618724566,0.08141112618724566,0.25134827585783026,0.03480807293191224,1.903888938431149,1.9011989596148668,11.286024864778307,28.813249667202385
2016-05-31 00:00:00-04:00,40923900.0,0.04104284867775207,58.666480487901204,0.6693915367126465,0.0,0.0020147570369024592,0.6386449184441656,0.6386449184441656,0.07343028889125036,-0.0760827419664597,1.9059016685671115,1.9011989596148668,11.779894495824468,29.307119298248544
2016-06-01 00:00:00-04:00,40923900.0,0.031105311286015073,65.67203061746503,0.6675883293151856,-0.00269380071089087,-0.004021676213196046,-0.30398162327718226,-0.30398162327718226,-0.2421259174713133,0.11941316525726431,1.9018718836664883,1.8985015240937373,11.41751528016557,28.944740082589647
2016-06-02 00:00:00-04:00,40923900.0,0.02620989094330098,66.17705395436687,0.668490219116211,0.0013509669978060135,-0.0006723382574449488,0.9229922992299231,0.9229922992299231,-0.15738213637215948,0.007690082553462707,1.9011993192883183,1.8998515793566855,12.071397742203573,29.59862254462765
2016-06-03 00:00:00-04:00,40923900.0,0.0222142923645923,65.15147386693123,0.6716450691223145,0.004719365992032598,-0.002021018293964838,-0.41132723112128144,-0.41132723112128144,-0.15244621152191085,-0.01549751803915056,1.8991762559810772,1.9045598440547127,11.541512921822141,29.06873772424622
2016-06-06 00:00:00-04:00,40923900.0,0.03076145186084047,69.73711132855735,0.6784066200256348,0.010067148876945042,0.014170039458143435,1.0,1.0,0.3847594762852593,0.07038424749978889,1.913246838864692,1.9145766567344942,13.269575757084716,30.796800559508792
2016-06-07 00:00:00-04:00,40923900.0,0.05178941726045139,71.25030578310236,0.6811115264892578,0.00398714632755337,0.0073192091433809114,-0.4094596927326083,-0.4094596927326083,0.6835816948672586,0.02169855369282203,1.9205393925822323,1.9185558754594831,12.742858370965696,30.270083173389775
2016-06-08 00:00:00-04:00,40923900.0,0.06586054126861583,80.24722476165596,0.684717321395874,0.005293986030748821,0.002641490718593431,-0.0017538731365097648,-0.0017538731365097648,0.271698828689269,0.12627200514678072,1.9231774006957156,1.923835897607571,12.741102957992982,30.26832776041706
2016-06-09 00:00:00-04:00,40923900.0,0.07595172641119703,87.8048717558396,0.6878728866577148,0.004608566430607919,0.0019764950352429977,-0.2840409956076134,-0.2840409956076134,0.15322050120152753,0.09417954348740132,1.9251519450345846,1.9284338771104845,12.406970587897064,29.93419539032114
2016-06-10 00:00:00-04:00,40923900.0,0.07762755880404518,78.66675505506424,0.6851683139801026,-0.003931791367375315,0.0019724535648555364,-0.10224948875255624,-0.10224948875255624,0.02206444108689931,-0.10407300321770141,1.927122455867121,1.9244943359309983,12.299107511497363,29.82633231392144
2016-06-13 00:00:00-04:00,40923900.0,0.06583262803699264,79.48752375023918,0.6869718551635742,0.002632260054460156,-0.0039362937846216806,-0.31890660592255127,-0.31890660592255127,-0.15194256973643117,0.010433488639520316,1.9231783944877294,1.9271231376564462,11.915051671812877,29.442276474236955
2016-06-14 00:00:00-04:00,40923900.0,0.032905145917327946,80.51835295313656,0.6865205287933349,-0.000656979418948378,0.003951733824394843,-0.20334448160535112,-0.20334448160535112,-0.50016964386052,0.012968440256566405,1.927122340721596,1.9264659423319506,11.687718755343392,29.21494355776747
2016-06-15 00:00:00-04:00,40923900.0,0.021342311093324493,79.18251466872982,0.6901530265808106,0.021313998888270014,0.0026487086787259084,0.14273719563392118,0.14273719563392118,-0.35139898340078257,-0.016590481988425942,1.9297675477533554,1.9475559747705748,11.821145188639557,29.348369991063635
2016-06-16 00:00:00-04:00,40923900.0,0.019011580324546803,68.6249937977968,0.6847046375274658,-0.023459057338104494,2.6631124550036134e-07,-0.10213078618662752,-0.10213078618662752,-0.10920704691192995,-0.1333314673713225,1.9297678140645653,1.9238173731953896,11.713414325719633,29.24063912814371
2016-06-17 00:00:00-04:00,40923900.0,0.01631572435511724,73.52216868288392,0.6878829956054688,0.004641940340115669,-0.0019775193259566892,0.30523731587561365,0.30523731587561365,-0.1418007300502424,0.07136138911016321,1.9277883368656863,1.9284485729557062,11.979799201207037,29.507024003631113
2016-06-20 00:00:00-04:00,40923900.0,0.033643366914510094,78.2874566019718,0.6965096473693848,0.012540870786205138,0.011228120106996808,-0.03699059561128526,-0.03699059561128526,1.0,0.06481430029140656,1.9389538895396043,1.9409114583481675,11.94210709969571,29.469331902119787
2016-06-21 00:00:00-04:00,40923900.0,0.043552847653679255,80.55481628274521,0.6960556030273437,-0.0006518852161716548,0.00130632352106419,-0.35481770833333337,-0.35481770833333337,0.2945448582583834,0.028961979085629252,1.9402593605624425,1.9402593605624425,11.50388472031808,29.031109522742156
2016-06-22 00:00:00-04:00,40923900.0,0.04297649168151436,69.76869880702252,0.6892446041107178,-0.009785136254924165,0.0006519008939087634,0.3269424823410696,0.3269424823410696,-0.013233485368119413,-0.13389785953782962,1.9409110490612658,1.9304260352463862,11.786762130599957,29.313986933024033
2016-06-23 00:00:00-04:00,40923900.0,0.03953171788805765,70.04135467621107,0.692877197265625,0.005270397669045357,-0.0026072512763302136,0.06692015209125479,0.06692015209125479,-0.08015483951051361,0.003907997050979883,1.9383003929859277,1.9356825929763277,11.851538266090552,29.37876306851463
2016-06-24 00:00:00-04:00,40923900.0,0.058009398398070566,56.73809080070589,0.6856128215789795,-0.010484362474784348,-0.019607305193786173,0.5017818959372773,0.5017818959372773,0.46741405375643796,-0.1899344171311912,1.9184983143919356,1.9251428823734997,12.25819059979228,29.78541540221636
2016-06-27 00:00:00-04:00,40923900.0,0.06527217399562386,44.48627027143205,0.6742612361907959,-0.016556845249831587,0.0033327805616567563,-0.08400569530137636,-0.08400569530137636,0.12519998134983013,-0.21593642571281968,1.9218255535492328,1.9084474406178407,12.170445467887022,29.6976702703111
2016-06-28 00:00:00-04:00,40923900.0,0.07605321413217138,42.839675663456966,0.6760775566101074,0.0026937933278987636,-0.004651013964779405,-0.06373056994818649,-0.06373056994818649,0.16517053863213316,-0.03701354593065276,1.9171636899647768,1.911137612187214,12.10459347658032,29.631818279004396
2016-06-29 00:00:00-04:00,40923900.0,0.07877342472170243,43.708104624408826,0.6801638603210449,0.006044134538981671,-1.3575120894060433e-07,0.05368013281682349,0.05368013281682349,0.035767200907560026,0.02027160447651677,1.9171635542135586,1.9171635542135586,12.156882401339402,29.684107203763478
2016-06-30 00:00:00-04:00,40923900.0,0.0714404034412733,46.96088893769781,0.6815262794494629,0.0020030748587185343,0.001335502577832992,-0.06144957983193278,-0.06144957983193278,-0.09309004028117185,0.07442062155842066,1.9184981658010154,1.919164625592799,12.093463701147519,29.620688503571596
2016-07-01 00:00:00-04:00,40923900.0,0.0515693244663842,47.763475109490656,0.6842504501342773,0.00399716161644581,0.0026665264538292544,-0.3525461667599329,-0.3525461667599329,-0.2781490307683364,0.01709052341103723,1.9211611433805584,1.923153819783087,11.658755913181768,29.185980715605844
2016-07-05 00:00:00-04:00,40923900.0,0.013329787462099422,45.71448717871781,0.681072187423706,-0.004644882162587627,-0.0039893018271360825,0.4157303370786516,0.4157303370786516,-0.7415171208847513,-0.04289863595720045,1.9171638630627477,1.9184981166342074,12.006401450401107,29.533626252825183
2016-07-06 00:00:00-04:00,40923900.0,0.016310979106074344,47.22213105966625,0.6865205287933349,0.007999653297014575,-0.0020029881713548026,-0.31807081807081805,-0.31807081807081805,0.2236488505500438,0.032979564553669904,1.915158866227918,1.9264659423319506,11.623571985057293,29.15079678748137
2016-07-07 00:00:00-04:00,40923900.0,0.025781184352453922,52.59259316882531,0.6878829956054688,0.001984597335390026,0.011371735275246264,-0.2739480752014324,-0.2739480752014324,0.5806031130806117,0.11372765245120675,1.9264664293623912,1.9284485729557062,11.303438240103505,28.830663042527583
2016-07-08 00:00:00-04:00,40923900.0,0.04951133998608762,51.8795205457818,0.6901530265808106,0.00330002484411418,0.00925896228623424,0.019728729963008673,0.019728729963008673,0.9204447440900829,-0.013558422965654238,1.93568279021877,1.931743164667534,11.322974881011783,28.85019968343586
2016-07-11 00:00:00-04:00,40923900.0,0.05602266238605542,47.541066864766634,0.6937854290008545,0.005263184076783389,-0.0019659380397760717,0.656590084643289,0.656590084643289,0.13151173855923592,-0.0836255546576734,1.9337149171863397,1.936992546598645,11.827736204810263,29.35496100723434
2016-07-12 00:00:00-04:00,40923900.0,0.0638822295657663,48.360547783892386,0.6942392826080322,0.0006541699900375342,0.004595938019887447,0.25328467153284673,0.25328467153284673,0.1402926395313051,0.01723732707675274,1.9383003261314105,1.9376465027127638,12.053504046885568,29.580728849309644
2016-07-13 00:00:00-04:00,40923900.0,0.0814736942334447,55.96955830643996,0.6951542377471924,0.017162605801273045,0.0098801134183375,0.3523587652882936,0.3523587652882936,0.2753733673238208,0.15733921287553998,1.9481319503534207,1.9546634947087087,12.355354348245928,29.882579150670004
2016-07-14 00:00:00-04:00,40923900.0,0.07779416108421602,59.369552366178844,0.7029288768768311,-0.004567501967631005,-0.002607723727095612,-0.05383290267011198,-0.05383290267011198,-0.04516222301993311,0.060747201918648575,1.9455208205921874,1.9500855298322382,12.300018258372702,29.82724306079678
2016-07-15 00:00:00-04:00,40923900.0,0.0578798978531517,58.81010834648329,0.6951542377471924,-0.011060349610592324,0.0032681515599655153,-0.5448338643604915,-0.5448338643604915,-0.25598660559506703,-0.0094230796325534,1.948783643351905,1.9389635597711357,11.512925464970229,29.040150267394306
2016-07-18 00:00:00-04:00,40923900.0,0.04259337181721391,75.70631268449048,0.6974408149719238,0.003289309192937795,-0.009772198780543029,0.3919999999999999,0.3919999999999999,-0.26410768855746003,0.2873010238046525,1.9389633832708189,1.942247471020355,11.843667026882457,29.370891829306533
2016-07-19 00:00:00-04:00,40923900.0,0.03954717342204314,73.13993218261042,0.6965258598327637,-0.001311874957012682,0.005920690538508744,-0.12212643678160917,-0.12212643678160917,-0.07151813216956127,-0.03389916125720682,1.9448666153977765,1.9409347348020638,11.713414325719633,29.24063912814371
2016-07-20 00:00:00-04:00,40923900.0,0.028691268188230905,73.7022952787395,0.7015570163726806,0.007223215719693421,5.842081325369008e-07,0.011456628477905184,0.011456628477905184,-0.2745052122425842,0.007688865430241387,1.9448671996057383,1.9481319880458337,11.724805824005728,29.252030626429804
2016-07-21 00:00:00-04:00,40923900.0,0.023532780678478575,73.43865224801411,0.7024714946746826,0.0013034981913946364,0.003269872742128088,-0.12216828478964403,-0.12216828478964403,-0.17979294173787452,-0.0035771346025018635,1.9481317379393863,1.949434637421001,11.594505451962652,29.12173025438673
2016-07-22 00:00:00-04:00,40923900.0,0.024890018556556637,68.71786047990653,0.7006421089172363,-0.0026042135108891307,0.0013036991613009086,0.02764976958525356,0.02764976958525356,0.05767435207175908,-0.06428211335040168,1.949434588022817,1.9468270270473877,11.62177986988231,29.149004672306386
2016-07-25 00:00:00-04:00,40923900.0,0.025247450504604876,73.27076194578969,0.7001846313476563,-0.0006529404438552211,-0.0019533535652688228,-0.25829596412556055,-0.25829596412556055,0.014360453257038053,0.06625499446704164,1.9474793241744284,1.946173873345086,11.322974881011783,28.85019968343586
2016-07-26 00:00:00-04:00,40923900.0,0.0243229485513194,61.30984160882714,0.6956114292144775,-0.0065314231824491475,2.8203850899188865e-07,0.8839177750906893,0.8839177750906893,-0.03661763603088786,-0.16324274539156536,1.9474796062128976,1.9396210270851697,11.956328412418785,29.483553214842864
2016-07-27 00:00:00-04:00,40923900.0,0.01856360862068647,59.95220299726002,0.6956114292144775,0.0,-0.005870851470045624,0.6893453145057766,0.6893453145057766,-0.23678625634064066,-0.022143893638303824,1.941591453545956,1.9396210270851697,12.480669478433299,30.007894280857375
2016-07-28 00:00:00-04:00,40923900.0,0.026852134400707117,60.89060523017691,0.6988131046295166,0.004602677990289239,-0.0026242100863489437,-0.5178571428571428,-0.5178571428571428,0.4464932411246958,0.015652506263360788,1.938963794184582,1.9442131451433646,11.751154653702478,29.278379456126558
2016-07-29 00:00:00-04:00,40923900.0,0.027018620173880473,61.7946329718995,0.7033863067626953,0.006544242091171437,0.007894443422748587,0.2616233254531126,0.2616233254531126,0.006200094587973215,0.014846752439152455,1.9468272395237214,1.9507360666497564,11.983553898984805,29.510778701408885
2016-08-01 00:00:00-04:00,40923900.0,0.03151058641836134,54.54533008261937,0.6983552932739258,-0.007152561032819249,0.005221484017913003,-0.2148657089319176,-0.2148657089319176,0.1662544650900919,-0.11731282379453045,1.952035138861567,1.9435578034212606,11.74165339457834,29.268878197002415
2016-08-02 00:00:00-04:00,40923900.0,0.030219863277830297,50.980273904270476,0.696068811416626,-0.003274095405764954,-0.00779189074069897,-0.18058870326173426,-0.18058870326173426,-0.04096157156183333,-0.06535951240828386,1.944212732721749,1.9402783364372216,11.542484267211773,29.06970906963585
2016-08-03 00:00:00-04:00,40923900.0,0.034728517921306004,39.77287402624321,0.6946968078613281,-0.0019710746018135605,-0.005890001536722478,-0.07184466019417479,-0.07184466019417479,0.14919507087192274,-0.2198379690754948,1.9383053167114552,1.9383053167114552,11.467928099039492,28.99515290146357
2016-08-04 00:00:00-04:00,40923900.0,0.03329364368963166,53.24653870891304,0.6974408149719238,0.003949934819829304,0.004608277713868958,1.0,1.0,-0.04131688645411624,0.33876517633046954,1.942903008822055,1.942247471020355,12.214536723942302,29.741761526366382
2016-08-05 00:00:00-04:00,40923900.0,0.032841881393421576,48.64827547339946,0.6965258598327637,-0.001311874957012682,-3.700151636198967e-07,-0.4848785324739713,-0.4848785324739713,-0.013569025379783661,-0.08635797456528138,1.942902638806823,1.9409347348020638,11.551184177087318,29.078408979511398
2016-08-08 00:00:00-04:00,40923900.0,0.03038526631644048,50.0,0.6965258598327637,0.0,-0.0013106459674763205,0.1029836381135707,0.1029836381135707,-0.07480128947403031,0.027785661741281054,1.9415911331917093,1.9409347348020638,11.649203083262776,29.176427885686852
2016-08-09 00:00:00-04:00,40923900.0,0.02972217389231427,42.857001004552764,0.6974408149719238,0.0013135982336389684,3.7001530062141796e-07,0.37696335078534027,0.37696335078534027,-0.021822827459222705,-0.14285997990894472,1.9415915032069413,1.942247471020355,11.96908368739391,29.496308489817988
2016-08-10 00:00:00-04:00,40923900.0,0.01599859120505563,42.857001004552764,0.6983552932739258,0.0013111912614962584,0.003936720477647482,-0.1026615969581749,-0.1026615969581749,-0.4617287664415206,0.0,1.945520495077466,1.9435578034212606,11.860761460241756,29.387986262665834
2016-08-11 00:00:00-04:00,40923900.0,0.015035672247190872,51.51549139138965,0.7015570163726806,0.004584662176390308,-0.003267460060065952,-0.42302259887005644,-0.42302259887005644,-0.060187734377541546,0.20203211106435282,1.9422476852130848,1.9481319880458337,11.310809280848094,28.83803408327217
2016-08-12 00:00:00-04:00,40923900.0,0.014148782931015595,50.74647304325094,0.7006421089172363,-0.0013041099070960627,0.00458984304354404,0.3145654834761322,0.3145654834761322,-0.058985677633467626,-0.014927904740267062,1.9468270270473877,1.9468270270473877,11.584315461056901,29.11154026348098
2016-08-15 00:00:00-04:00,40923900.0,0.015811159277765195,59.64862862734698,0.7006421089172363,0.0,-0.0006526942171479755,-0.16201117318435754,-0.16201117318435754,0.11749253309311136,0.17542412408658992,1.9461741197326392,1.9468270270473877,11.407564949312402,28.934789751736478
2016-08-16 00:00:00-04:00,40923900.0,0.01606127411215158,60.3446633268082,0.7010996818542481,0.0006530765581858056,-0.0006528631230560134,-0.050000000000000044,-0.050000000000000044,0.015818880196730056,0.011668913694725225,1.9455210434016523,1.9474798904438804,11.356271654924852,28.88349645734893
2016-08-17 00:00:00-04:00,40923900.0,0.021334878733194687,60.37842255089487,0.7043239593505859,0.020288523678570147,0.005252066215135853,0.3298245614035087,0.3298245614035087,0.3283428565018527,0.0005594400933821575,1.9507593656189453,1.9675653440924559,11.641318679738628,29.168543482162704
2016-08-18 00:00:00-04:00,40923900.0,0.028620165768018197,59.00648702687536,0.7080086231231689,-0.010226605906026531,0.003928555992117833,-0.5681618293755497,-0.5681618293755497,0.3414730932352765,-0.02272228167046031,1.9546802249861341,1.9572860871839568,10.801614313782611,28.32883911620669
2016-08-19 00:00:00-04:00,40923900.0,0.03267688258527117,63.475919473712615,0.7047844409942627,-0.00455387409645347,-0.0006518962658491612,0.8615071283095723,0.8615071283095723,0.1417433026116912,0.07574476421213805,1.954028116143524,1.9527218126158898,11.42300075744224,28.95022555986632
2016-08-22 00:00:00-04:00,40923900.0,0.027910687798993236,68.73767493208359,0.7043239593505859,-0.0006533652233116083,-0.0006524497175446342,-0.11159737417943105,-0.11159737417943105,-0.1458583074392248,0.08289372571515141,1.9533754534880363,1.9520682338565043,11.304670526149769,28.831895328573847
2016-08-23 00:00:00-04:00,40923900.0,0.028604361389031788,78.56206727159818,0.7093909740447998,0.007194153524020086,0.0019594178098478743,-0.05049261083743839,-0.05049261083743839,0.024853331993616168,0.14292587506373478,1.9553329541427376,1.9592366329053899,11.25285855955142,28.7800833619755
2016-08-24 00:00:00-04:00,40923900.0,0.03226214675609234,64.38587824974115,0.7052451610565186,-0.005844186266767193,0.005215035621854325,-0.0765239948119325,-0.0765239948119325,0.12787509279837006,-0.18044572290655614,1.9605344385592511,1.9533753025539473,11.173248097400068,28.700472899824145
2016-08-25 00:00:00-04:00,40923900.0,0.02108503075970312,70.74639721187664,0.7089301586151123,0.005225129872671985,-0.004539745095164749,0.3300561797752808,0.3300561797752808,-0.34644675324584673,0.0987874846944572,1.9559843575277813,1.9585868288020862,11.45846927917417,28.985694081598247
2016-08-26 00:00:00-04:00,40923900.0,0.016578349658116835,68.6308065811401,0.7080086231231689,-0.0012998960204254617,-3.21563890404164e-07,0.7117212249208025,0.7117212249208025,-0.21373841721868758,-0.02990386385896948,1.9559840359638392,1.9572860871839568,11.995968707723767,29.523193510147845
2016-08-29 00:00:00-04:00,40923900.0,0.016699928372780923,65.64988830238185,0.7070880889892578,-0.0013001736191439184,0.0013039322433998635,-0.1610117211597779,-0.1610117211597779,0.00733358369025372,-0.043434114026242754,1.9572871188258685,1.9559850676057509,11.820410164718188,29.347634967142266
2016-08-30 00:00:00-04:00,40923900.0,0.015957026547464462,68.04428766545628,0.710312032699585,0.004559465447842026,0.000649860856255069,0.07573529411764701,0.07573529411764701,-0.044485330040535453,0.03647225341870919,1.9579367686139955,1.9605341701785157,11.893414587008216,29.420639389432292
2016-08-31 00:00:00-04:00,40923900.0,0.021559929203639413,68.50411013312717,0.7139974594116211,0.005188461608948813,0.005852164805314253,-0.06971975393028029,-0.06971975393028029,0.35112448046063083,0.006757693899767547,1.9637718760189806,1.9657092180981333,11.821145188639557,29.348369991063635
2016-09-01 00:00:00-04:00,40923900.0,0.020917650894837145,52.62779346427166,0.7029417514801025,-0.015484239874787753,-0.0025860358341230905,1.0,1.0,-0.029790371885537015,-0.23175714038183015,1.9611824906182107,1.9501038453201816,12.600813790275362,30.12803859269944
2016-09-02 00:00:00-04:00,40923900.0,0.028129090222968292,55.44208587410093,0.7057054042816162,0.003931553070641414,-0.009721615299375763,-0.30053908355795145,-0.30053908355795145,0.3447537854220075,0.05347540196113032,1.9514133119036337,1.9540276900333216,12.24336843027387,29.770593232697948
2016-09-06 00:00:00-04:00,40923900.0,0.033627179609596825,54.99945651892608,0.7057054042816162,0.0,-0.0006544028391534118,0.34055876685934483,0.34055876685934483,0.19545919697534941,-0.007983634601699263,1.9507586948494817,1.9540276900333216,12.536454947513983,30.06367974993806
2016-09-07 00:00:00-04:00,40923900.0,0.03382198408218652,54.081267251095674,0.7080086231231689,0.0032637114971469927,0.004584123208123625,-0.5418613007545814,-0.5418613007545814,0.005793066051073215,-0.01669451529060917,1.9553323429653549,1.9572860871839568,11.755871643580617,29.283096446004695
2016-09-08 00:00:00-04:00,40923900.0,0.03379198695525619,52.12843630549048,0.7098518371582031,0.00260337794602461,0.0013046555074582855,-0.3349019607843138,-0.3349019607843138,-0.0008869121000542046,-0.03610919353162212,1.9566361481493224,1.9598860822116877,11.348050821779994,28.875275624204072
2016-09-09 00:00:00-04:00,40923900.0,0.03364218836304568,40.83333620877055,0.6946503162384033,-0.02141506174113328,0.0006506468690457012,1.0,1.0,-0.004432961944760949,-0.21667828343299578,1.9572865834394644,1.938238390855223,12.268108036449627,29.795332838873705
2016-09-12 00:00:00-04:00,40923900.0,0.0759570157383302,41.66678168336134,0.6951111793518067,0.0006634462011030351,-0.028626876513641597,0.4205827067669172,0.4205827067669172,1.0,0.020410908144502304,1.9282419661731147,1.9389016170731876,12.619175180767549,30.14639998319163
2016-09-13 00:00:00-04:00,40923900.0,0.08213065845398321,30.00025480628352,0.6854377269744873,-0.013916410301931692,0.005358428594054887,0.045650016539861005,0.045650016539861005,0.0812781104634368,-0.27999587214907395,1.9335860894685306,1.9248874656704047,12.66381389820371,30.191038700627786
2016-09-14 00:00:00-04:00,40923900.0,0.10522816820183806,31.965601090068063,0.6849737644195557,0.013912332323988474,-0.012014903817740286,-0.12401138880101237,-0.12401138880101237,0.28122883929873876,0.06551098637245256,1.9214984232847145,1.9387039098275773,12.531411709159054,30.05863651158313
2016-09-15 00:00:00-04:00,40923900.0,0.11529274308484577,33.099452869888495,0.689611291885376,-0.007716079093515682,0.000678833246724686,-0.38714337305886604,-0.38714337305886604,0.09564525407021107,0.03547099823418387,1.92217702622837,1.9309579077710892,12.041787451222318,29.569012253646395
2016-09-16 00:00:00-04:00,40923900.0,0.10553141799780696,33.096084221766176,0.6886839389801025,-0.0013447472745669042,0.008141316267881615,-0.48497348261638185,-0.48497348261638185,-0.08466556372811163,-0.00010177352887252855,1.9302853807613867,1.9296122555124986,11.378250561643627,28.905475364067705
2016-09-19 00:00:00-04:00,40923900.0,0.08386888653510532,34.18073537375838,0.6891478538513184,0.0006736252219019523,-0.0006726257453194551,1.0,1.0,-0.20527092190831553,0.032772794047909226,1.9296125287018817,1.9302856539507698,12.213544660368875,29.74076946279295
2016-09-20 00:00:00-04:00,40923900.0,0.0317628260792315,34.740114911573556,0.692857837677002,0.0053834366674005985,0.0020200460460293446,-0.5722084367245658,-0.5722084367245658,-0.6212799836571526,0.016365345323864133,1.9316305371983982,1.9356546517204078,11.364425456651784,28.891650259075863
2016-09-21 00:00:00-04:00,40923900.0,0.0425824628000829,33.693177004794904,0.6956402778625488,0.004015889024039376,0.007392245871963965,1.0,1.0,0.3406383516964804,-0.03013628220411757,1.9389955943292025,1.9396624985858748,12.393381743835167,29.920606546259243
2016-09-22 00:00:00-04:00,40923900.0,0.058470175045813255,46.33122137382268,0.699350643157959,0.005333741322182783,0.0060044262901188805,-0.3843283582089553,-0.3843283582089553,0.3731045881568744,0.3750920955666852,1.9449820658878447,1.9449820658878447,11.908340237224891,29.435565039648967
2016-09-23 00:00:00-04:00,40923900.0,0.05847018265387852,43.11924900275604,0.699350643157959,0.0,-0.0006631451546703637,-0.534006734006734,-0.534006734006734,1.301187360081002e-07,-0.06932630472119206,1.9443187007551692,1.9449820658878447,11.144756141605761,28.671980944029837
2016-09-26 00:00:00-04:00,40923900.0,0.046597042293549995,40.28717911115914,0.6961044788360595,-0.004641683472601299,-0.002654071009275172,0.2760115606936415,0.2760115606936415,-0.20306316521385015,-0.06567994473688266,1.9416611014551608,1.9403295763506594,11.388495386592052,28.915720189016128
2016-09-27 00:00:00-04:00,40923900.0,0.04154194867370362,39.16407253669052,0.6974952697753907,0.0019979629231183793,-0.0013313235475509444,0.10079275198187987,0.10079275198187987,-0.10848528943104407,-0.0278775183382729,1.9403288909090737,1.9423255460004059,11.48452599044853,29.011750792872608
2016-09-28 00:00:00-04:00,40923900.0,0.031874742837769386,43.99629731175061,0.7035242557525635,0.008643766113445306,0.003331265964066299,0.4053497942386832,0.4053497942386832,-0.23270949352584547,0.12338412381738562,1.9436546204986949,1.9509321686536585,11.824812226118826,29.352037028542902
2016-09-29 00:00:00-04:00,40923900.0,0.025920943162683056,57.561909993441404,0.7007419109344483,-0.003954866936519363,0.006640407020795269,0.019033674963396807,0.019033674963396807,-0.18678737912926735,0.30833532616545134,1.9502730771361927,1.9469694605502206,11.843667026882457,29.370891829306533
2016-09-30 00:00:00-04:00,40923900.0,0.024498715317242372,57.07071251417615,0.7007419109344483,0.0,-0.001978874226460592,0.41307471264367823,0.41307471264367823,-0.05486790494136751,-0.008533377007837628,1.9482922423512372,1.9469694605502206,12.18943500437715,29.71665980680123
2016-10-03 00:00:00-04:00,40923900.0,0.025642557464712997,77.14346567957813,0.7030606746673584,0.0033090124862349413,-0.0006610204452572876,-0.47280122013218095,-0.47280122013218095,0.04668988282277731,0.3517172343067556,1.9476310033356405,1.9502730103021586,11.54925739421762,29.076482196641695
2016-10-04 00:00:00-04:00,40923900.0,0.026699281935711937,67.50085470964292,0.6979593753814697,-0.007255845006979289,0.0006614604500074783,0.015429122468659573,0.015429122468659573,0.041209792449645954,-0.12499582284760968,1.9482922451171063,1.942990713621298,11.564568698122066,29.091793500546146
2016-10-05 00:00:00-04:00,40923900.0,0.023864329460539596,61.110801698248196,0.6970312118530273,-0.0013298245731495628,-0.0033055940025000785,-0.005698005698005715,-0.005698005698005715,-0.10618085093069174,-0.09466625332200229,1.944981175568801,1.941660004046766,11.558854396858628,29.086079199282704
2016-10-06 00:00:00-04:00,40923900.0,0.02016498385215597,63.8889682235944,0.6979593753814697,0.0013315953613826093,-0.002651628037815157,-0.12034383954154726,-0.12034383954154726,-0.15501569463749676,0.045461136953564685,1.9423260257383264,1.942990713621298,11.430630222243398,28.957855024667477
2016-10-07 00:00:00-04:00,40923900.0,0.02098642804724898,56.249574270926914,0.6937852382659913,-0.005980487207005614,0.0006644953925278863,-0.1389793702497285,-0.1389793702497285,0.040736169248416276,-0.1195729742563949,1.9429903004515459,1.936992271679511,11.280993407622939,28.808218210047016
2016-10-10 00:00:00-04:00,40923900.0,0.021324686101648834,58.82343691220523,0.6998143672943116,0.008690195028348002,-0.001992993569071122,0.32030264817150056,0.32030264817150056,0.016117943160136594,0.045757904386640735,1.9409953182281021,1.945644924306784,11.558854396858628,29.086079199282704
2016-10-11 00:00:00-04:00,40923900.0,0.018905895621823696,52.38079501001229,0.6974952697753907,-0.0033138752607884125,0.003994225046730637,0.3209169054441261,0.3209169054441261,-0.11342678003771955,-0.10952508456465526,1.9449815875356096,1.9423255460004059,11.83718051765285,29.364405320076926
2016-10-12 00:00:00-04:00,40923900.0,0.016688255334079454,49.379419820312144,0.698895788192749,0.016344940118417695,-0.0019850856929127803,-0.33333333333333337,-0.33333333333333337,-0.11729887502310898,-0.05729915304123301,1.9429945289487514,1.9585383455274679,11.431715409544685,28.958940211968763
2016-10-13 00:00:00-04:00,40923900.0,0.010712692933786582,46.42282658289939,0.6965617656707763,-0.01739892199587878,-0.0013373184651672698,0.16811279826464198,0.16811279826464198,-0.35806992886128985,-0.05987500963299219,1.9416563154752158,1.940986283372826,11.58710486314448,29.114329665568558
2016-10-14 00:00:00-04:00,40923900.0,0.008826816353997366,47.53451972985431,0.6942272663116456,-0.00335146066606562,0.0006695013653954529,-0.31940575673166205,-0.31940575673166205,-0.17604131766358966,0.023947123188841513,1.9423255928245524,1.937629193982645,11.202315887874743,28.72954069029882
2016-10-17 00:00:00-04:00,40923900.0,0.011835659339274262,38.65703756013594,0.687691593170166,-0.009414313523297357,-0.002676730321327647,1.0,1.0,0.34087522211950105,-0.18675863814698057,1.939645273654935,1.928170285703092,12.08277442918568,29.60999923160976
2016-10-18 00:00:00-04:00,40923900.0,0.022106655352837484,33.70495228260053,0.6904925346374512,0.004072961622772153,-0.00469834958398041,-0.4213800904977375,-0.4213800904977375,0.867800915786836,-0.12810307230169438,1.9349358521330458,1.9322349752712409,11.535664951939717,29.062889754363795
2016-10-19 00:00:00-04:00,40923900.0,0.03080937478754747,46.88899918346435,0.6979622840881348,0.010818001753785333,-0.002023015437588316,0.3900293255131966,0.3900293255131966,0.39366965720542413,0.39116052710360316,1.932910787635741,1.9429948810566915,11.864989796351278,29.392214598775354
2016-10-20 00:00:00-04:00,40923900.0,0.028525268017923638,44.12241495334612,0.6951611042022705,-0.004013368558336783,0.01013508255225215,-0.38959212376933894,-0.38959212376933894,-0.07413674523986191,-0.05900284242138132,1.9429948546470703,1.9389734373217473,11.371361900648441,28.898586703072517
2016-10-21 00:00:00-04:00,40923900.0,0.026605405842588855,44.68449818890835,0.6979622840881348,0.004029540589844727,-0.004013315951076124,0.18778801843317972,0.18778801843317972,-0.06730391364345645,0.01273917658760415,1.9389734637313685,1.9429948810566915,11.543454670005051,29.070679472429127
2016-10-24 00:00:00-04:00,40923900.0,0.028634530833637623,50.00339354558755,0.6979622840881348,0.0,0.004701121102096639,0.4936954413191077,0.4936954413191077,0.0762673947939041,0.1190322275567024,1.9436635690744435,1.9429948810566915,11.944707881395766,29.471932683819844
2016-10-25 00:00:00-04:00,40923900.0,0.028122548249086023,49.99677377726159,0.6970284461975098,-0.001337948929210464,-0.002005519053598581,-0.5155844155844156,-0.5155844155844156,-0.01787990128164285,-0.00013238638133483693,1.941656036274653,1.941656036274653,11.219895786191852,28.74712058861593
2016-10-26 00:00:00-04:00,40923900.0,0.028122494073516493,50.00339264718805,0.6979622840881348,0.001339741434828623,-0.002009233729111548,1.0,1.0,-1.926410403862988e-06,0.00013238594065989595,1.939644781327599,1.9429948810566915,12.075394321888057,29.602619124312135
2016-10-27 00:00:00-04:00,40923900.0,0.027336466946192368,48.90645551896446,0.6928266525268555,-0.0073580359259509676,0.004697828535693782,0.19999999999999996,0.19999999999999996,-0.027950121538627748,-0.021937254057206035,1.9443316095052277,1.935609641257532,12.257715878682012,29.78494068110609
2016-10-28 00:00:00-04:00,40923900.0,0.021562825508201783,42.185534165359705,0.6937606334686279,0.0013480730545889497,-0.008683648618343809,-0.019943019943019946,-0.019943019943019946,-0.21120657067188342,-0.13742401248028657,1.9356100383130779,1.9369568064774343,12.237571312589544,29.76479611501362
2016-10-31 00:00:00-04:00,40923900.0,0.020678260905708828,38.043656855605086,0.6872244834899902,-0.009421333040992241,0.00471685021147672,-0.11046511627906974,-0.11046511627906974,-0.041022666633206195,-0.09818240758832653,1.940315799044534,1.9274908119430907,12.120514757168527,29.647739559592605
2016-11-01 00:00:00-04:00,40923900.0,0.026527394049164186,37.36252142359284,0.6881579399108887,0.0013582991341605233,-0.006036587724057796,-0.13126361655773422,-0.13126361655773422,0.28286388154820785,-0.017904047305376092,1.934260917466008,1.9288481894234757,11.979799201207037,29.507024003631113
2016-11-02 00:00:00-04:00,40923900.0,0.04635302516656828,34.342863273963786,0.6820884227752686,-0.00881994783988993,-0.010121832699734545,0.6821316614420063,0.6821316614420063,0.7473644444931353,-0.08082051303213889,1.924087510706528,1.9199891156144058,12.499861036413716,30.02708583883779
2016-11-03 00:00:00-04:00,40923900.0,0.06787009733544237,35.051453036271425,0.6806882858276367,-0.0020527205870684018,-0.007497626667910096,-0.6190831159150205,-0.6190831159150205,0.46419995440541606,0.020632809694840937,1.9165616355494668,1.9179342853088301,11.534686956751742,29.061911759175818
2016-11-04 00:00:00-04:00,40923900.0,0.07641569799382213,39.534447334354695,0.6792877197265625,-0.002057573385990219,0.000686784925152395,0.3561643835616439,0.3561643835616439,0.12591113014239275,0.12789753090818357,1.9172481847457763,1.9158745922105793,11.83934736573794,29.366572168162016
2016-11-07 00:00:00-05:00,40923900.0,0.0662289802047908,45.833280137543035,0.6867575645446777,0.010996584512262597,0.0034317534873384847,0.5079365079365079,0.5079365079365079,-0.1333066118149555,0.15932517659643053,1.9206740632043793,1.9268111539170572,12.250089530946948,29.777314333371024
2016-11-08 00:00:00-05:00,40923900.0,0.06109274438250622,36.585955210123814,0.687691593170166,0.0013600558242230498,0.0027364464043446723,-0.21291866028708128,-0.21291866028708128,-0.07755269379662055,-0.20176005076809977,1.9234067723555714,1.928170285703092,12.010665849187564,29.53789065161164
2016-11-09 00:00:00-05:00,40923900.0,0.043354328190650625,32.96733390573354,0.6806882858276367,-0.01018379083310439,-0.006821762221642991,-0.02857142857142858,-0.02857142857142858,-0.2903522565755772,-0.09890738901328322,1.9165616355494668,1.9179342853088301,11.981678312314312,29.508903114738388
2016-11-10 00:00:00-05:00,40923900.0,0.025408505870073938,22.430233934428117,0.6704170227050781,-0.015089525317847907,-0.002060834894012986,0.4017521902377972,0.4017521902377972,-0.41393381167527143,-0.3196224481310833,1.9144986742132237,1.9027297547205975,12.319401330837177,29.846626133261253
2016-11-11 00:00:00-05:00,40923900.0,0.04432727949427192,23.148540431761347,0.6708839416503907,0.0006964604559540621,-0.011699871785812666,0.09241071428571423,0.09241071428571423,0.7445842632754118,0.03202403057556635,1.902729820345269,1.903425972760517,12.407788249430762,29.935013051854842
2016-11-14 00:00:00-05:00,40923900.0,0.06251341040164346,21.367989175505215,0.6657485008239746,-0.007654738036779851,-0.004178161031002325,0.9865140988966081,0.9865140988966081,0.4102695025468819,-0.07691851075902378,1.8985429064102632,1.8957417868430688,13.094169643033547,30.621394445457625
2016-11-15 00:00:00-05:00,40923900.0,0.07316215923367603,28.6824645300228,0.6722846984863281,0.009817818071334639,-0.001398446271804521,-0.33182472742234104,-0.33182472742234104,0.17034343133121754,0.3423099522580437,1.8971434813998893,1.9055117232789487,12.69096488726966,30.218189689693737
2016-11-16 00:00:00-05:00,40923900.0,0.0667111437261552,39.14627829976941,0.6793369770050048,0.025364668505873267,0.013340107823264447,-0.354064039408867,-0.354064039408867,-0.088174208840893,0.3648157137540893,1.9103953934794686,1.930560046748775,12.253909974944333,29.78113477736841
2016-11-17 00:00:00-05:00,40923900.0,0.053172247208360314,38.21772012265045,0.6793369770050048,-0.014506693146576044,0.0020876641064790924,-0.24165872259294563,-0.24165872259294563,-0.2029480497796764,-0.023720216006445582,1.9124808814434138,1.915947102711209,11.977288214325878,29.504513016749957
2016-11-18 00:00:00-05:00,40923900.0,0.05420238361772243,43.274165556207954,0.6798068523406983,0.0006916675399666339,0.004860764819154095,0.14016341923318665,0.14016341923318665,0.01937357293411779,0.13230630758009831,1.917329870888055,1.9166385311594243,12.108459816663173,29.63568461908725
2016-11-21 00:00:00-05:00,40923900.0,0.05915367251367878,48.54492986437229,0.6863888263702392,0.009682123689807032,0.0013823528314358402,-0.09702315325248068,-0.09702315325248068,0.09134817632517245,0.12179932854668785,1.9187112691494164,1.9262740834550272,12.006401450401107,29.533626252825183
2016-11-22 00:00:00-05:00,40923900.0,0.07651279747131837,57.907035251893646,0.6915599346160889,0.007533788498853333,0.010351570947674693,0.11904761904761907,0.11904761904761907,0.293458110375572,0.19285444254791928,1.929009629480502,1.933779634702943,12.118879433827797,29.646104236251873
2016-11-23 00:00:00-05:00,40923900.0,0.07749261061714517,61.16587003961619,0.6943806648254395,0.00407879356243579,0.0013659936910694892,-0.3240589198036007,-0.3240589198036007,0.012805872719450662,0.056277009754457596,1.93037469105094,1.9378501325369746,11.727230067617233,29.25445487004131
2016-11-25 00:00:00-05:00,40923900.0,0.06546394798848114,63.7341819525908,0.6962614536285401,0.0027085846400596303,0.004775272752824744,-0.6739305891848264,-0.6739305891848264,-0.15522335010872257,0.04198929748422042,1.935138598356545,1.9405550555720126,10.606585063949241,28.13380986637332
2016-11-28 00:00:00-05:00,40923900.0,0.07167970540661664,60.12739631657001,0.6981415748596191,0.0027003092319428657,0.006109422357189143,1.0,1.0,0.09494932110158105,-0.056591071314035735,1.9412294338578497,1.9432517255189725,11.814510442591,29.341735245015077
2016-11-29 00:00:00-05:00,40923900.0,0.06370422441235772,58.952342741483605,0.69767165184021,-0.0006731056226004783,-0.0026987429950497965,0.41346153846153855,0.41346153846153855,-0.11126553811872553,-0.019542731717497985,1.9385270426907928,1.942578393259076,12.160552130228364,29.68777693265244
2016-11-30 00:00:00-05:00,40923900.0,0.059368540340194585,60.428535726656115,0.6920300006866456,-0.008086398721638965,0.005412559596220667,0.39298796441653594,0.39298796441653594,-0.06805960063336203,0.02504044651195425,1.9439250070277763,1.9344591222832568,12.492003184943147,30.019227987367227
2016-12-01 00:00:00-05:00,40923900.0,0.038261621067381645,66.0526504967435,0.6863888263702392,-0.008151632603801806,-0.010093654871241475,-0.36175807663410964,-0.36175807663410964,-0.35552363510818563,0.09307051217536766,1.9337800658192874,1.9262740834550272,12.042965307660024,29.570190110084102
2016-12-02 00:00:00-05:00,40923900.0,0.04263395237816731,67.29076659653893,0.6887388229370117,0.0034237104050771627,-0.0074787678889548515,-0.22542672160094168,-0.22542672160094168,0.11427459654899774,0.018744381799735255,1.9262731917248874,1.9296919463067204,11.787522297873354,29.31474710029743
2016-12-05 00:00:00-05:00,40923900.0,0.043331357300640874,75.7058638571092,0.6906198978424072,0.002731187560146564,0.0034254204189874127,0.5220364741641337,0.5220364741641337,0.01635797019913876,0.12505574963984856,1.9296927587544228,1.932419410951236,12.20757152165391,29.734796324077987
2016-12-06 00:00:00-05:00,40923900.0,0.043331357300640874,75.24812332103136,0.6962614536285401,0.008168828908286407,0.0054606951413269655,0.0808786819770344,0.0808786819770344,0.0,-0.006046302264535286,1.935138598356545,1.9405550555720126,12.285345826424681,29.81257062884876
2016-12-07 00:00:00-05:00,40923900.0,0.04574175610473606,72.22235370621442,0.6981415748596191,0.0027003092319428657,0.008146127764259603,-0.10623556581986138,-0.10623556581986138,0.05562712442565321,-0.04021056580917093,1.9432517255189725,1.9432517255189725,12.173032791451973,29.70025759387605
2016-12-08 00:00:00-05:00,40923900.0,0.04700152239044123,68.42145723138422,0.6957911968231201,-0.0033666209278134795,-0.002693204591762366,-0.2005167958656331,-0.2005167958656331,0.027540837803005536,-0.052627701532567794,1.9405548877269565,1.939879424771474,11.949243036561157,29.476467838985236
2016-12-09 00:00:00-05:00,40923900.0,0.04451774780949952,69.38831273675713,0.69767165184021,0.0027026139820045536,0.001350319377288578,0.03296703296703307,0.03296703296703307,-0.05284455597648563,0.014130881517229854,1.9419042962429114,1.942578393259076,11.981678312314312,29.508903114738388
2016-12-12 00:00:00-05:00,40923900.0,0.04858731368835593,66.66696720387694,0.7004923343658447,0.004042994320028415,0.002022812363261073,-0.10450563204005003,-0.10450563204005003,0.09141446005469334,-0.03921907631915389,1.943925065476026,1.9466132366396507,11.871298965544542,29.39852376796862
2016-12-13 00:00:00-05:00,40923900.0,0.0395862543405105,56.322182142082674,0.696731424331665,-0.005368952449114839,0.002019060132661288,0.8742138364779874,0.8742138364779874,-0.1852553406343712,-0.1551710764066777,1.9459420900462658,1.9412298195688609,12.499488249829716,30.026713052253793
2016-12-14 00:00:00-05:00,40923900.0,0.02404303838978084,47.745535839982885,0.6924716472625733,0.008238788621331983,-0.0026725438397635637,-0.3415361670395227,-0.3415361670395227,-0.3926417442032031,-0.1522783027202973,1.9432659685855604,1.949434854636753,12.081642567151997,29.608867369576075
2016-12-15 00:00:00-05:00,40923900.0,0.03731769393557185,47.17053747206063,0.6938916206359863,-0.012214053990679874,-0.013559285188296633,0.4263873159682898,0.4263873159682898,0.5521205486005969,-0.012042976538148786,1.9296139167693027,1.9371455960929305,12.436787462340702,29.96401226476478
2016-12-16 00:00:00-05:00,40923900.0,0.03807835552777875,48.91869069258183,0.6972049236297607,0.004774957493704379,0.00756019456538537,-0.14767764986105603,-0.14767764986105603,0.020383402938031647,0.03706027775402476,1.9371456762901385,1.941909189637659,12.276996983866873,29.80422178629095
2016-12-19 00:00:00-05:00,40923900.0,0.03885907183606335,54.48381276936955,0.7019379138946533,0.0067885209993236995,0.006138793504534945,-0.11877037727061013,-0.11877037727061013,0.02050288930453048,0.11376269474913858,1.943265704161566,1.9486747723810098,12.150559935599915,29.67778473802399
2016-12-20 00:00:00-05:00,40923900.0,0.04709993106471283,56.694364512270035,0.6981512069702148,-0.005394646519986668,0.00745742053484455,0.10253699788583504,0.10253699788583504,0.21207040825410317,0.04057263305447756,1.9506954556107503,1.9432655222107855,12.248173821548809,29.775398623972887
2016-12-21 00:00:00-05:00,40923900.0,0.04769220906639754,61.06832066471488,0.695784616470337,-0.003389796474245532,-0.005383528199501497,-0.06855225311601154,-0.06855225311601154,0.01257492289895179,0.07714975183288653,1.9452973840032626,1.9398699673596385,12.177158635365531,29.70438343778961
2016-12-22 00:00:00-05:00,40923900.0,0.04696917771689334,59.73707294686272,0.6967312335968018,0.0013605030983108168,-0.006765932962986776,0.25012866700977865,0.25012866700977865,-0.015160366098739386,-0.02179931760627829,1.9385084583458059,1.9412295458121696,12.400405114990264,29.92762991741434
2016-12-23 00:00:00-05:00,40923900.0,0.047252191959513,60.20804196205686,0.6990980625152587,0.003397047246236573,0.005449881794104661,-0.5496088925483738,-0.5496088925483738,0.006025531132896056,0.007884032343082437,1.9439435432705732,1.9446208361274364,11.602766168970017,29.129990971394097
2016-12-27 00:00:00-05:00,40923900.0,0.036120272849243455,53.24970491803278,0.698624563217163,-0.0006773002579811838,0.006097332902111674,0.3391224862888482,0.3391224862888482,-0.23558524268689351,-0.1155715551821005,1.9500223626556952,1.9439433063980156,11.894780707439258,29.422005509863336
2016-12-28 00:00:00-05:00,40923900.0,0.02955210749032165,58.69363946173376,0.7052965641021729,0.023864034794647493,-0.002670260927379209,0.3447098976109215,0.3447098976109215,-0.18184152114065155,0.10223407908233151,1.9473485302222873,1.9675270456786313,12.190959007720126,29.718183810144204
2016-12-29 00:00:00-05:00,40923900.0,0.03703398203651911,63.15403742651619,0.7062495231628418,-0.01264795805455421,0.007477710562077133,0.8619289340101524,0.8619289340101524,0.25317566771330213,0.07599457122931441,1.9547984213046738,1.9547984213046738,12.812572019364447,30.339796821788525
2016-12-30 00:00:00-05:00,40923900.0,0.04685303922034651,64.45535744247051,0.7095853805541992,0.004723341088314292,0.0033737825735877802,-0.24972737186477645,-0.24972737186477645,0.2651364137441352,0.020605492047416574,1.9581665254421228,1.9595106424193407,12.525253385041326,30.052478187465404
2017-01-03 00:00:00-05:00,40923900.0,0.059300157935099185,59.62339212941284,0.7081559181213379,-0.002014503782116983,0.004707763647383123,-0.08284883720930236,-0.08284883720930236,0.26566299479986255,-0.07496607737177519,1.9628632422273358,1.9574941067952523,12.438770409649194,29.965995212073274
2017-01-04 00:00:00-05:00,40923900.0,0.048223205223253594,68.73497490673245,0.7114917278289795,0.004710558257411845,-0.004016145660159509,-0.31576862123613314,-0.31576862123613314,-0.18679465784844473,0.15281892646333972,1.9588390101962372,1.962193605091909,12.05931126413477,29.586536066558846
2017-01-05 00:00:00-05:00,40923900.0,0.044391005075022076,71.2683494989658,0.708632230758667,-0.004019016607596959,0.005376102308374042,0.5367689635205559,0.5367689635205559,-0.07946796838762604,0.03685713998835283,1.9642007128528747,1.958166490532582,12.488993400880243,30.016218203304323
2017-01-06 00:00:00-05:00,40923900.0,0.03991164460948906,72.64775077574907,0.711968183517456,0.004707593888606532,-0.004010574843735459,-0.6782215523737755,-0.6782215523737755,-0.10090693954693675,0.01935503328589494,1.9601820740859845,1.9628630383544434,11.355101379776661,28.88232618220074
2017-01-09 00:00:00-05:00,40923900.0,0.021986487366736772,71.29245404873963,0.7133974075317383,0.0020074268027276965,-6.500370696160829e-07,0.4765807962529274,0.4765807962529274,-0.44912098757490315,-0.018655728670705973,1.9601814240487034,1.964868452968418,11.744830521953011,29.27205532437709
2017-01-10 00:00:00-05:00,40923900.0,0.01621095726671336,62.72253968253968,0.7110150337219239,-0.0033394764049635706,0.002685114226002261,1.0,1.0,-0.26268543963785573,-0.12020787445949133,1.9628629397956148,1.9615233880668879,12.527793760205377,30.055018562629456
2017-01-11 00:00:00-05:00,40923900.0,0.013479141781649141,73.35663709840074,0.7148273944854736,0.005361856757927219,-0.0013387228699673903,-0.5817325117796304,-0.5817325117796304,-0.16851660516517253,0.16954188190854325,1.9615233200356388,1.9668709212486988,11.656159633056136,29.183384435480214
2017-01-12 00:00:00-05:00,40923900.0,0.019731422326119286,72.35814775874381,0.711968183517456,-0.0039998620507201155,0.005362092637287708,0.6819757365684576,0.6819757365684576,0.46384856289457277,-0.013611438298589795,1.9668710878387765,1.9628630383544434,12.176128769157101,29.70335357158118
2017-01-13 00:00:00-05:00,40923900.0,0.017922451556999855,73.07201119218601,0.7138742446899414,0.002677171840837822,-0.00200018310883332,-0.5172591447707368,-0.5172591447707368,-0.0916796944092988,0.009865695233415295,1.9648689016923016,1.9655366329539194,11.447853468226514,28.97507827065059
2017-01-17 00:00:00-05:00,40923900.0,0.017922441224090913,72.00681016400966,0.7148273944854736,0.0013351788534494702,-0.0006679832493381443,0.32337246531483466,0.32337246531483466,-5.765343490393704e-07,-0.014577414947219314,1.9642006952427513,1.9668709212486988,11.728036844587175,29.255261647011253
2017-01-18 00:00:00-05:00,40923900.0,0.017371450766560555,72.0009499298893,0.7143509864807129,-0.0006664657908133087,0.0020055464514920907,0.2612903225806451,0.2612903225806451,-0.030743047257966727,-8.138444276328816e-05,1.966204233270835,1.966204233270835,11.960172107093348,29.487396909517425
2017-01-19 00:00:00-05:00,40923900.0,0.013439152210960115,58.82363328413534,0.7110150337219239,-0.004669907121181205,-0.0006672748354080715,-0.231457800511509,-0.231457800511509,-0.2263655815765243,-0.18301587213203896,1.9655367357084883,1.9615233880668879,11.696912301083245,29.22413710350732
2017-01-20 00:00:00-05:00,40923900.0,0.014258757460446499,58.20941218287909,0.7114917278289795,0.0006704416706357907,-0.0033375485776472313,-0.21630615640599005,-0.21630615640599005,0.06098638043685267,-0.010441740283014811,1.962193605091909,1.962193605091909,11.453175460564454,28.980400262988532
2017-01-23 00:00:00-05:00,40923900.0,0.01100551098194213,55.555467315548384,0.7129210472106934,0.00200890512961438,0.00200890512961438,-0.04564755838641188,-0.04564755838641188,-0.2281577821580042,-0.04559305390325352,1.9642004950699945,1.9642004950699945,11.406453220459712,28.93367802288379
2017-01-24 00:00:00-05:00,40923900.0,0.009065669294304449,61.53859179733803,0.7153040885925293,0.0033426441695887377,0.0006688489077424364,0.25361512791991103,0.25361512791991103,-0.1762609378901695,0.10769641172859212,1.9648691203979944,1.9675375650228557,11.632484700027868,29.159709502451946
2017-01-25 00:00:00-05:00,40923900.0,0.01934417157433955,57.627371602335685,0.7157807350158691,0.0006663549544050351,0.006012151957485168,0.4676131322094055,0.4676131322094055,1.0,-0.06355719363684775,1.970863271483187,1.9682036980613757,12.016122061571728,29.543346863995804
2017-01-26 00:00:00-05:00,40923900.0,0.020851244701656536,66.07260596335931,0.7172105789184571,0.001997600427952495,-0.001991797148419572,-0.23095525997581623,-0.23095525997581623,0.07790838297340952,0.14654901180121382,1.9688694880688966,1.9701993059386989,11.75351592988816,29.280740732312236
2017-01-27 00:00:00-05:00,40923900.0,0.02774911934309523,60.00016009862075,0.7167336940765381,-0.0006649160733770421,0.00399159281875705,0.10770440251572322,0.10770440251572322,0.3308135672538861,-0.0919056510061983,1.9728531356168777,1.9695341687105912,11.85580569788677,29.38303050031085
2017-01-30 00:00:00-05:00,40923900.0,0.02798209898522384,58.33486200283498,0.7172105789184571,0.0006653584809255264,-0.003313017367593707,0.0503903477643719,0.0503903477643719,0.008395929227447141,-0.027754894204424896,1.9695346180557272,1.9701993059386989,11.904967552746252,29.43219235517033
2017-01-31 00:00:00-05:00,40923900.0,0.022158783784434317,68.08473042737772,0.7191163539886475,0.0026572043500310283,-0.001330352267459367,-0.014864864864864824,-0.014864864864864824,-0.2081085912770364,0.1671362216313963,1.9682033800840706,1.9728529861627526,11.889991098556695,29.41721590098077
2017-02-01 00:00:00-05:00,40923900.0,0.020165299571224742,60.00115069329271,0.7186402320861817,-0.0006620929976420831,0.00466104822024116,0.4506172839506173,0.4506172839506173,-0.08996361138781994,-0.11872823294361612,1.9728535992558296,1.972190673884747,12.261980277468469,29.789205079892547
2017-02-02 00:00:00-05:00,40923900.0,0.013154242606551772,72.97378427056233,0.7200698375701904,0.0019893201356939727,-0.0026508113854365467,-0.34089834515366435,-0.34089834515366435,-0.3476792863854863,0.21620641316666922,1.970199268248614,1.9741780179434056,11.845102777308561,29.372327579732637
2017-02-03 00:00:00-05:00,40923900.0,0.021788072153618054,70.58877195460752,0.7205460548400879,0.0006613487262630002,0.006643997494259146,-0.14849354375896695,-0.14849354375896695,0.6563532242263803,-0.032683138743524465,1.9768212916682872,1.9748391480749727,11.684354580597759,29.211579383021835
2017-02-06 00:00:00-05:00,40923900.0,0.021387245664949928,62.8572898858159,0.7191163539886475,-0.0019841907978495055,-0.002640342980715582,0.2763268744734626,0.2763268744734626,-0.018396601858212902,-0.10952849659664554,1.9741774568342292,1.9728529861627526,11.928340903931561,29.45556570635564
2017-02-07 00:00:00-05:00,40923900.0,0.022083788088204433,69.23074949521383,0.7214993000030517,0.0033137141175931806,2.4807167542384434e-07,-0.41782178217821786,-0.41782178217821786,0.03256812186882119,0.10139571115738044,1.974177704905874,1.976161222028623,11.387362241994882,28.91458704441896
2017-02-08 00:00:00-05:00,40923900.0,0.02163921239382248,75.00118127416401,0.7195932865142822,-0.002641739900179352,0.0013239235645241543,1.0,1.0,-0.020131314999323635,0.08335070501221598,1.9755007528563413,1.9735159865760097,12.263869744256391,29.79109454668047
2017-02-09 00:00:00-05:00,40923900.0,0.01503306310232416,61.903343847378,0.7162567615509033,-0.004636681617113281,-0.001983677470139611,1.0,1.0,-0.30528603219330797,-0.17463508179834342,1.9735151052922637,1.9688685222069846,13.001325049027272,30.52854985145135
2017-02-10 00:00:00-05:00,40923900.0,0.017055752738087803,62.790248533487215,0.7181631565093994,0.002661608323764053,-0.002648738606707224,-0.7076749435665914,-0.7076749435665914,0.13454940101002633,0.014327250048008278,1.9708628525707672,1.9715265947238798,11.771436160121729,29.298660962545807
2017-02-13 00:00:00-05:00,40923900.0,0.014259484947126857,56.40983539263577,0.7176867485046386,-0.000663370155434162,0.0013281403543790038,0.06949806949806958,0.06949806949806958,-0.16394865907715128,-0.10161471390654953,1.972190111726896,1.9708630044411082,11.83862560460953,29.36585040703361
2017-02-14 00:00:00-05:00,40923900.0,0.016377452274601415,55.26252040655116,0.7176867485046386,0.0,-0.003315662532349384,0.3667870036101084,0.3667870036101084,0.14853042275564854,-0.020338917461801165,1.9688689402048614,1.9708630044411082,12.151088337197415,29.67831313962149
2017-02-15 00:00:00-05:00,40923900.0,0.01577416568018863,54.06969671574974,0.7186462879180908,0.015270644799123323,0.004005510450889149,0.22345483359746443,0.22345483359746443,-0.036836412910717375,-0.021584677680752562,1.9728664499562387,1.9860182265136554,12.352767024680977,29.879991827105055
2017-02-16 00:00:00-05:00,40923900.0,0.015986646752213764,41.613370339085314,0.7128894329071045,-0.021624833986332748,-0.0026684630300072287,-0.34758203799654575,-0.34758203799654575,0.013470194007914937,-0.2303753698147908,1.9701944202322867,1.9641561493395696,11.92569714826083,29.452921950684907
2017-02-17 00:00:00-05:00,40923900.0,0.022756926461685537,50.8740450799297,0.7176867485046386,0.006729396419822287,-0.006020180356972604,0.018530774321641408,0.018530774321641408,0.4234959222160992,0.22254084841924726,1.9641560455306393,1.9708630044411082,11.94405831982697,29.471283122251048
2017-02-21 00:00:00-05:00,40923900.0,0.020659761593871395,53.36060015821628,0.7210447788238525,0.004678963804487957,0.006729340431295361,-0.03703703703703709,-0.03703703703703709,-0.09215501361069178,0.048876692906567154,1.9708628450178998,1.9755310559201322,11.906317991844123,29.433542794268202
2017-02-22 00:00:00-05:00,40923900.0,0.02458287587558134,54.26103092156296,0.7210447788238525,0.0,0.004010723226183233,-0.17273954116059376,-0.17273954116059376,0.18989155629335608,0.016874449700281957,1.9748655467345675,1.9755310559201322,11.716682302484248,29.243907104908324
2017-02-23 00:00:00-05:00,40923900.0,0.0334581813863598,59.13846674134979,0.7258423328399658,0.006653614528544072,0.003994866568094002,0.06525285481239806,0.06525285481239806,0.3610360950320901,0.08988837360715474,1.9788524550110478,1.9821626328546238,11.779894495824468,29.307119298248544
2017-02-24 00:00:00-05:00,40923900.0,0.03835049955096132,59.75416625154092,0.7268017292022705,0.0013217696445877447,0.0006630705695656047,0.21669218989280248,0.21669218989280248,0.14622187942934683,0.010411151051378909,1.9795153058464507,1.983483529730696,11.976030352524807,29.503255154948885
2017-02-27 00:00:00-05:00,40923900.0,0.05114746102764219,63.68027961347904,0.7277613639831543,0.0013203529137679748,0.0059644162994088035,-0.3624921334172435,-0.3624921334172435,0.33368434900504695,0.06570442879933691,1.9854620054266523,1.9848030117450677,11.525841690236774,29.053066492660854
2017-02-28 00:00:00-05:00,40923900.0,0.05420609127473912,60.71769593000955,0.7277613639831543,0.0,-0.001317553185875342,0.23099703849950637,0.23099703849950637,0.05980023613379193,-0.04652278070152205,1.9841435835044234,1.9848030117450677,11.733666131668128,29.260890934092206
2017-03-01 00:00:00-05:00,40923900.0,0.040505371614903314,66.70990493662718,0.7292003631591797,0.0019772953707648533,0.0013190172424371038,0.024057738572574205,0.024057738572574205,-0.2527523999174711,0.09868966394121692,1.9854617316078065,1.9867783548404008,11.75743904202063,29.284663844444708
2017-03-02 00:00:00-05:00,40923900.0,0.032181938980541884,75.92388972076567,0.729680061340332,0.0006578413909095193,0.0013174219041840463,-0.19655442443226312,-0.19655442443226312,-0.20548960057680232,0.13812019059076097,1.9867782864731742,1.9874359799485104,11.538593211718807,29.065818014142884
2017-03-03 00:00:00-05:00,40923900.0,0.02412322218168065,71.16327974153587,0.7287206172943115,-0.0013148831890213986,7.138963309394342e-08,0.39766081871345027,0.39766081871345027,-0.2504111639678941,-0.06270239837208635,1.9867783578628047,1.9861202315420656,11.873393207147657,29.400618009571733
2017-03-06 00:00:00-05:00,40923900.0,0.018756162394472836,61.66640161153501,0.7244029045104979,-0.005925059180903802,-0.003947494785328853,0.046025104602510414,0.046025104602510414,-0.2224851948378438,-0.13345194550466766,1.9828230511548093,1.980177549552745,11.918390573078392,29.44561537550247
2017-03-07 00:00:00-05:00,40923900.0,0.025147010081582905,55.223692389399964,0.7210447788238525,-0.004635715381227867,-0.0059444388562962525,0.11266666666666669,0.11266666666666669,0.34073322424385477,-0.10447681482569116,1.9768608737899347,1.9755310559201322,12.025150109649926,29.552374912074004
2017-03-08 00:00:00-05:00,40923900.0,0.034799508050736096,48.61100565592588,0.7176867485046386,-0.004657173060307551,-0.0019931786082503233,-0.2846015578190533,-0.2846015578190533,0.38384276849765375,-0.11974365435121415,1.974865706157776,1.9708630044411082,11.690234479940639,29.217459282364715
2017-03-09 00:00:00-05:00,40923900.0,0.05155123123464787,43.750225196402326,0.7080923080444336,-0.013368562928319228,-0.006657403786315186,1.0,1.0,0.4813781608489558,-0.0999934149465802,1.968186043010835,1.9574042778009109,12.683858415217964,30.21108321764204
2017-03-10 00:00:00-05:00,40923900.0,0.07697776566056369,40.78937387360287,0.7109704971313476,0.0040647088722978175,-0.010724141487322814,-0.34728682170542635,-0.34728682170542635,0.4932284606391033,-0.0676762533108729,1.9574039834650365,1.9614607480615933,12.257240932104573,29.784465734528652
2017-03-13 00:00:00-04:00,40923900.0,0.07778517211926736,34.78261495887972,0.7109704971313476,0.0,0.004065004404605332,-0.6394299287410926,-0.6394299287410926,0.010488826894040626,-0.1472628369667245,1.9614607480615933,1.9614607480615933,11.237171963383721,28.7643967658078
2017-03-14 00:00:00-04:00,40923900.0,0.07321301993722715,30.769064127544013,0.7066527366638183,-0.006073051533011298,-0.004723493177901328,0.27667984189723316,0.27667984189723316,-0.0587792256219446,-0.11538956562295721,1.95672606393564,1.9553691805473863,11.481434797878858,29.008659600302934
2017-03-15 00:00:00-04:00,40923900.0,0.06144856197472485,36.55762419526049,0.714864444732666,0.0257717930235819,0.0006924190136972097,1.0,1.0,-0.1606880575693933,0.18812922108133412,1.9574182433378935,1.980814478602464,12.374971181991988,29.902195984416064
2017-03-16 00:00:00-04:00,40923900.0,0.04977961548327589,35.031146370601746,0.714864444732666,-0.013795682865488046,0.010231962739827072,-0.4619932432432432,-0.4619932432432432,-0.18989779608265944,-0.04175538914962207,1.9675982139008814,1.966922750945399,11.7550870221202,29.282311824544276
2017-03-17 00:00:00-04:00,40923900.0,0.03716630821009517,35.81801964641184,0.7163129329681397,0.0020262418226930645,-0.0006759999486645185,-0.21742543171114603,-0.21742543171114603,-0.2533829791718324,0.022462104650689874,1.9669219853612276,1.96894694270894,11.50992095594993,29.037145758374006
2017-03-20 00:00:00-04:00,40923900.0,0.03824231419443879,39.441992152666316,0.7187283515930176,0.0033720159356460666,0.0020274672331428434,0.26980942828485466,0.26980942828485466,0.02895111288054575,0.10117735547720375,1.9689474000565137,1.9723132861471087,11.748787788692212,29.27601259111629
2017-03-21 00:00:00-04:00,40923900.0,0.04385385079807535,33.42807568371478,0.7138980865478516,-0.006720571178888468,0.004045764578191058,0.2993680884676144,0.2993680884676144,0.1467363239344075,-0.15247496743252076,1.9729850025364062,1.9655700302363723,12.010665849187564,29.53789065161164
2017-03-22 00:00:00-04:00,40923900.0,0.043256323196220976,39.73700571706378,0.7192112445831299,0.007442460114959637,-0.005372798391538924,0.2887537993920972,0.2887537993920972,-0.013625430628787516,0.18873147509422838,1.9675977187555744,1.9729849318957196,12.26434155365415,29.791566356078228
2017-03-23 00:00:00-04:00,40923900.0,0.035820682993796524,40.11179574390979,0.7187283515930176,-0.0006714202450939233,0.0040514681684713505,-0.1910377358490566,-0.1910377358490566,-0.17189718526687114,0.009431763165916207,1.9716410018272108,1.9723132861471087,12.052338545588132,29.579563348012208
2017-03-24 00:00:00-04:00,40923900.0,0.02008096116292558,43.405606396222325,0.7182447910308838,-0.000672800176954258,0.002016723140907617,-0.6670553935860059,-0.6670553935860059,-0.43940317479699564,0.08211576149174626,1.973655694111996,1.9716402595385476,10.952559395644101,28.479784198068177
2017-03-27 00:00:00-04:00,40923900.0,0.018706716162968862,46.25410817281532,0.7177621364593506,-0.0006719917464914626,-0.003355136365181588,0.0735551663747811,0.0735551663747811,-0.06843522024702253,0.06562520404831629,1.9702949166555122,1.9709680419044004,11.023535121924303,28.55075992434838
2017-03-28 00:00:00-04:00,40923900.0,0.01538203867794843,50.6815172158365,0.7182447910308838,0.0006724436230560737,0.0006728325431950566,1.0,1.0,-0.17772640884998525,0.09571926079472592,1.9709675229483716,1.9716402595385476,12.220961258023925,29.748186060448003
2017-03-29 00:00:00-04:00,40923900.0,0.014943097342988397,67.68805549376336,0.7196943759918213,0.002018232473161241,0.0020196543319754845,-0.4881773399014778,-0.4881773399014778,-0.028535966145326164,0.33555700800158395,1.9729851405204428,1.9736564581166733,11.551184177087318,29.078408979511398
2017-03-30 00:00:00-04:00,40923900.0,0.017510924126057897,64.5795779283393,0.7196943759918213,0.0,0.0020147570369026813,0.5101058710298363,0.5101058710298363,0.17184033029634094,-0.04592357606890429,1.9749978706564053,1.9736564581166733,11.963363938721123,29.490588741145203
2017-03-31 00:00:00-04:00,40923900.0,0.01173770372758994,63.553291371335455,0.7192112445831299,-0.0006713007976831831,-0.002010914158153465,0.1803696622052262,0.1803696622052262,-0.3296925026290797,-0.0158918127049803,1.9729849318957196,1.9729849318957196,12.129191601194217,29.656416403618294
2017-04-03 00:00:00-04:00,40923900.0,0.01229290294111586,76.27078941204029,0.7216263771057129,0.003358029425670095,0.0013432721430264305,-0.1733261339092873,-0.1733261339092873,0.04730049645237688,0.2001076225367744,1.9743273026558323,1.976337335730992,11.938846581645775,29.466071384069853
2017-04-04 00:00:00-04:00,40923900.0,0.014414245004847889,62.22054523158192,0.7201770305633545,-0.002008444519685404,0.0013409806865516405,-0.36316133246244287,-0.36316133246244287,0.17256640468841677,-0.18421527151835615,1.9756673850307722,1.9743268715819502,11.487607656985938,29.014832459410016
2017-04-05 00:00:00-04:00,40923900.0,0.011737888334674273,65.3046258484213,0.7221091747283934,0.002682873908832706,-0.0006696948657644031,-0.1364102564102564,-0.1364102564102564,-0.18567442618558838,0.04956691725153761,1.9749974658192335,1.977006153008594,11.340950200230418,28.868175002654496
2017-04-06 00:00:00-04:00,40923900.0,0.010380607428871069,67.92413470690018,0.7254905700683594,0.00468266497408476,0.0020110523184642126,1.0,1.0,-0.11563246020953633,0.04011214863337598,1.9770064986790221,1.981677888413442,12.106252310247962,29.63347711267204
2017-04-07 00:00:00-04:00,40923900.0,0.017060080225601744,65.9986771833878,0.7264562129974366,0.0013310206485332987,0.0033439891756135154,-0.31436464088397786,-0.31436464088397786,0.6434568345348837,-0.028347177800952972,1.9803449091561112,1.9830080240392272,11.728842971192698,29.256067773616778
2017-04-10 00:00:00-04:00,40923900.0,0.027180398825219235,84.4428747238669,0.728871488571167,0.0033247366193824845,0.003333601895256333,-0.2626913779210315,-0.2626913779210315,0.593216354541529,0.2794631396812539,1.9836729669184405,1.9863272459417556,11.424094251263613,28.95131905368769
2017-04-11 00:00:00-04:00,40923900.0,0.03926499404049546,82.94473157017559,0.7322752952575684,0.018389807938128166,0.005333485194580545,0.3715846994535519,0.3715846994535519,0.4446069865635516,-0.017741498718397697,1.9889922794516464,2.004550006236522,11.740061037553975,29.267285839978054
2017-04-12 00:00:00-04:00,40923900.0,0.04917508189647227,85.73239139108597,0.7332475662231446,-0.01216223831252683,0.0033264436233488848,-0.015936254980079667,-0.015936254980079667,0.2523898983852173,0.03360864238317385,1.9923132027001618,1.9923132027001618,11.72399643505017,29.251221237474248
2017-04-13 00:00:00-04:00,40923900.0,0.048700847838073005,73.42296799403418,0.72935791015625,-0.005304696866475278,-0.0026521785877601234,-0.22024291497975712,-0.22024291497975712,-0.009643787872029574,-0.1435796108952545,1.9896575008558552,1.9869943859727393,11.475223597786217,29.002448400210294
2017-04-17 00:00:00-04:00,40923900.0,0.03986928860082413,74.94783320578031,0.72935791015625,0.0,-0.00265957193846289,0.09241952232606443,0.09241952232606443,-0.18134302849538075,0.02076823170469,1.9869943859727393,1.9869943859727393,11.563618579285746,29.090843381709824
2017-04-18 00:00:00-04:00,40923900.0,0.028997345257740562,75.46478635501398,0.730330228805542,0.0013331159308105356,0.0006664341704185617,0.25760456273764265,0.25760456273764265,-0.2726896748004386,0.0068975062669831555,1.987660598174519,1.9883266140934557,11.792827350103048,29.320052152527126
2017-04-19 00:00:00-04:00,40923900.0,0.019411825054325777,73.86848097798172,0.730330228805542,0.0,0.0013324119776410015,0.019652305366591127,0.019652305366591127,-0.3305654403261631,-0.021152983452741303,1.9889921232790204,1.9883266140934557,11.812289042195847,29.339513844619926
2017-04-20 00:00:00-04:00,40923900.0,0.012554402153683118,74.96088246693722,0.7313022613525391,0.0013309493550428542,-0.0006658621462446446,-0.28465530022238694,-0.28465530022238694,-0.3532600814942197,0.014788465587658672,1.9883260393481192,1.989656678520515,11.477298287327077,29.004523089751153
2017-04-21 00:00:00-04:00,40923900.0,0.012688219846357941,78.39713523327359,0.7332475662231446,0.0026600558666503016,4.826445596517459e-07,0.1367875647668393,0.1367875647668393,0.010659025498523267,0.04584061250682292,1.9883265219925625,1.9923132027001618,11.605504646263322,29.1327294486874
2017-04-24 00:00:00-04:00,40923900.0,0.01598633619886422,76.05741925550842,0.7332475662231446,0.0,0.005326226449261062,0.08477666362807668,0.08477666362807668,0.2599353094794443,-0.029844406569235704,1.9936386142634062,1.9923132027001618,11.686878772093667,29.214103574517743
2017-04-25 00:00:00-04:00,40923900.0,0.018347044951664372,79.49031404485845,0.7327612400054931,-0.0006632496854457326,-0.0013246380548656012,0.32773109243697474,0.32773109243697474,0.1476704057411149,0.04513556761395643,1.992313098100016,1.9916497329673404,11.970350312009105,29.497575114433182
2017-04-26 00:00:00-04:00,40923900.0,0.020574961402575753,79.02506588164854,0.7342201232910156,0.0019909394846151507,0.001989556083412225,0.05506329113924058,0.05506329113924058,0.12143189580561153,-0.005852891245936687,1.9943006776379217,1.9936386931586068,12.023951068738885,29.55117587116296
2017-04-27 00:00:00-04:00,40923900.0,0.01921735714905983,67.46269023073147,0.7322752952575684,-0.0026488350996564103,-0.0013234247931600551,0.022195560887822374,0.022195560887822374,-0.06598331957725889,-0.14631276193092213,1.9929763763447634,1.990986343687893,12.045903893377352,29.57312869580143
2017-04-28 00:00:00-04:00,40923900.0,0.018592513265204818,75.45731594421856,0.7395689487457275,0.00996026157839136,0.0006628323312545259,0.17429577464788726,0.17429577464788726,-0.03251455853208107,0.1185044012645271,1.993638989099691,2.0008973287951375,12.206572520571825,29.7337973229959
2017-05-01 00:00:00-04:00,40923900.0,0.025882830833701947,74.00078454447386,0.740541410446167,0.0013149033664658916,0.006622490138203707,0.0059970014992503096,0.0059970014992503096,0.392110386826545,-0.01930271944500961,2.0002396468867585,2.0022113684332354,12.212551611627882,29.73977641405196
2017-05-02 00:00:00-04:00,40923900.0,0.036247157905200125,73.46971043382888,0.7434585571289063,0.003939208046423337,0.005262739864880128,-0.5688027819175361,-0.5688027819175361,0.40043251598286633,-0.007176601084895373,2.005488586931597,2.006142838115004,11.371361900648441,28.898586703072517
2017-05-03 00:00:00-04:00,40923900.0,0.04560072940790709,60.714748540346676,0.7390825271606445,-0.005886044253981204,0.0013090975764189494,0.5944700460829493,0.5944700460829493,0.2580497904737815,-0.17360844105912288,2.0067968283868662,2.0002394028260295,11.837903322165706,29.365128124589784
2017-05-04 00:00:00-04:00,40923900.0,0.042732737207877895,71.4288859312926,0.7395689487457275,0.0006581424498719457,-0.004574974297090417,-0.14161849710982655,-0.14161849710982655,-0.06289355975810096,0.1764668000531382,2.0022113568662783,2.0008973287951375,11.685196685910682,29.21242148833476
2017-05-05 00:00:00-04:00,40923900.0,0.03940162843012736,74.07420859840512,0.7419999599456787,0.0032870649911331817,-0.001970036146213827,-0.07744107744107742,-0.07744107744107742,-0.07795215086611484,0.037034354275902626,2.000239377646486,2.0041790031977227,11.604592653496052,29.131817455920128
2017-05-08 00:00:00-04:00,40923900.0,0.03353543737568784,70.3693816398799,0.741027021408081,-0.001311237992073444,0.005262557019887204,-0.18248175182481752,-0.18248175182481752,-0.14888194443136504,-0.05001507310879305,2.0054881358035432,2.002866904780883,11.403110598963021,28.9303354013871
2017-05-09 00:00:00-04:00,40923900.0,0.01959248798936591,70.90878294048402,0.7415138721466064,0.0006569945824650425,-0.0026169896765638745,0.015625,0.015625,-0.41576763201633804,0.0076652840771649355,2.0028677158234762,2.0035236836368897,11.418614785498987,28.945839587923064
2017-05-10 00:00:00-04:00,40923900.0,0.016810066915559464,64.8818653918905,0.7395557403564453,0.010845202648142704,0.0013162352985243153,0.8923076923076922,0.8923076923076922,-0.14201468824769192,-0.08499536021725407,2.0041830856436853,2.0143104988445426,12.056411870975767,29.583636673399845
2017-05-11 00:00:00-04:00,40923900.0,0.01702361770630441,63.614044402318285,0.7405348300933838,-0.012035009242637118,-0.002638288881321671,-0.4506387921022067,-0.4506387921022067,0.012703744239547454,-0.019540452203624215,2.0015413103447854,2.002202482526348,11.45741275503997,28.984637557464048
2017-05-12 00:00:00-04:00,40923900.0,0.012879371839586883,67.21162506562459,0.7434713840484619,0.003965450152706218,0.001983963910430653,0.07505285412262164,0.07505285412262164,-0.24344096174004037,0.05655324538955431,2.003523308797985,2.0061600910052726,11.52978258203665,29.05700738446073
2017-05-15 00:00:00-04:00,40923900.0,0.013144430414249156,64.03986477184073,0.7415140628814697,-0.002632678552244916,0.0006607136108114364,-0.415929203539823,-0.415929203539823,0.020580085578985496,-0.04719065028835401,2.004183804233654,2.003523940860451,10.992049505350737,28.519274307774815
2017-05-16 00:00:00-04:00,40923900.0,0.009096510997576725,62.274219044638635,0.7415140628814697,0.0,-0.000659645711246104,0.5084175084175084,0.5084175084175084,-0.30795700453359354,-0.02757104084296058,2.003523940860451,2.003523940860451,11.403110598963021,28.9303354013871
2017-05-17 00:00:00-04:00,40923900.0,0.010944656489358504,54.212718278001404,0.7351509571075439,-0.008581234116045389,-0.003300713262900268,0.3024553571428572,0.3024553571428572,0.20317080826639122,-0.12945165576237394,2.0002177682270075,1.9949056759561636,11.667361818274648,29.194586620698725
2017-05-18 00:00:00-04:00,40923900.0,0.02811793611687425,43.81745683448308,0.7361295223236084,0.0013311078583297942,-0.00662295534656232,0.010282776349614497,0.010282776349614497,1.0,-0.1917494966810499,1.993572783792702,1.9962358986758177,11.677592086525463,29.20481688894954
2017-05-19 00:00:00-04:00,40923900.0,0.02921260852705713,46.646838284731025,0.7385770797729492,0.003324900544152909,0.003333765821475154,-0.24936386768447838,-0.24936386768447838,0.03893146373307044,0.06457201432149984,1.9969010049365878,1.9995552839599027,11.390757830996021,28.9179826334201
2017-05-22 00:00:00-04:00,40923900.0,0.029212649836157175,38.59674662519746,0.7371088027954101,-0.001987980696599001,0.004651216099098354,0.006779661016949046,0.006779661016949046,1.4140846067434154e-06,-0.17257529032077212,2.001541437554691,1.9975653246068898,11.3975146134589,28.92473941588298
2017-05-23 00:00:00-04:00,40923900.0,0.027523997649801995,58.71239852341405,0.7444507122039795,0.009960414772861137,-0.0019838316441265214,0.1301907968574636,0.1301907968574636,-0.05780551219510033,0.5211748050568674,1.9995556355101753,2.007476461397784,11.519901078706654,29.047125881130732
2017-05-24 00:00:00-04:00,40923900.0,0.028501140244576326,58.71636020905454,0.7449400901794434,0.0006573678652479487,0.005301409193908091,-0.15193644488579938,-0.15193644488579938,0.03550147791781111,6.74761334935603e-05,2.004843041702986,2.00813361329142,11.355101379776661,28.88232618220074
2017-05-25 00:00:00-04:00,40923900.0,0.035713075134438436,51.61860213634105,0.7429820537567139,-0.002628448177970699,0.0032956596662911952,0.4391100702576112,0.4391100702576112,0.2530402232322799,-0.12088211952243855,2.0081332825853404,2.0055017046784913,11.719126295554126,29.246351097978202
2017-05-26 00:00:00-04:00,40923900.0,0.04427005757112274,54.83428930619955,0.7439608097076416,0.0013173345789159185,0.0019709172067410297,-0.2506102522375916,-0.2506102522375916,0.23960362988827955,0.06229706029940241,2.010102260083016,2.00681817233348,11.430630222243398,28.957855024667477
2017-05-30 00:00:00-04:00,40923900.0,0.03571166609224124,54.83883132677798,0.7444507122039795,0.0006585057841022035,-0.003278107395408014,0.3854505971769815,0.3854505971769815,-0.1933223480708578,8.283175793644126e-05,2.0068187679224474,2.007476461397784,11.756655649892826,29.283880452316904
2017-05-31 00:00:00-04:00,40923900.0,0.02905343381905205,60.0004221642738,0.7454294204711914,0.0013146716782825862,0.0019734464167808774,0.06034482758620685,0.06034482758620685,-0.18644417922119194,0.09412291824270524,2.008790269651919,2.008790269651919,11.815249814158879,29.342474616582958
2017-06-01 00:00:00-04:00,40923900.0,0.025875847274642476,60.65580316003143,0.7468976974487305,0.0019697062353816186,-0.0013133000340092016,0.2195121951219512,0.2195121951219512,-0.10937042981562617,0.010922939741378368,2.0074761064836344,2.0107580385595343,12.013700752882718,29.540925555306796
2017-06-02 00:00:00-04:00,40923900.0,0.013965383144247995,50.0,0.7434713840484619,-0.004587393175761845,0.0026296500721980642,0.36969696969696964,0.36969696969696964,-0.46029272023360424,-0.17567656522357245,2.0101023050755478,2.0061600910052726,12.328290278254423,29.8555150806785
2017-06-05 00:00:00-04:00,40923900.0,0.01396640749182114,54.23631980449785,0.7439608097076416,0.0006582979112317311,-0.0052459413929669685,-0.4150442477876106,-0.4150442477876106,7.334904904254813e-05,0.08472639608995713,2.0048425554193012,2.00681817233348,11.792071206399722,29.3192960088238
2017-06-06 00:00:00-04:00,40923900.0,0.014128788947105002,52.458372328498456,0.7429820537567139,-0.0013156014915790548,0.003955295655086566,-0.027231467473525006,-0.027231467473525006,0.011626572930723666,-0.032781491856531786,2.0087900494575623,2.0055017046784913,11.764462090785656,29.291686893209732
2017-06-07 00:00:00-04:00,40923900.0,0.01412893399142674,53.33339828178876,0.7371088027954101,-0.007904970155883317,-0.0032827828608761322,0.6780715396578538,0.6780715396578538,1.0265870789227804e-05,0.01668038702784802,2.005501866443438,1.9975653246068898,12.282107331806172,29.80933213423025
2017-06-08 00:00:00-04:00,40923900.0,0.03134057801596345,53.33339828178861,0.7380873680114746,0.0013275722828887115,-0.007905542805647703,-0.2530120481927711,-0.2530120481927711,1.0,-2.7755575615628914e-15,1.9975649091590575,1.9988920164448456,11.990401109054664,29.517625911478742
2017-06-09 00:00:00-04:00,40923900.0,0.03304118274927161,47.36850201515726,0.7371088027954101,-0.0013258121713976,0.0033204191955613638,-0.08064516129032262,-0.08064516129032262,0.05426207303649466,-0.11184166880039481,2.000879827935237,1.9975653246068898,11.906317991844123,29.433542794268202
2017-06-12 00:00:00-04:00,40923900.0,0.03764048498890667,50.0,0.7371088027954101,0.0,-0.0033090164259833577,-0.09581646423751689,-0.09581646423751689,0.13919907996442538,0.05555375139371499,1.9975653246068898,1.9975653246068898,11.805595078933049,29.332819881357125
2017-06-13 00:00:00-04:00,40923900.0,0.034806716502189444,34.14435929424344,0.7380873680114746,0.0013275722828887115,-0.0006644409755434122,-0.11268656716417913,-0.11268656716417913,-0.07528512152679179,-0.31711281411513115,1.9969006627926131,1.9988920164448456,11.686038082678873,29.21326288510295
2017-06-14 00:00:00-04:00,40923900.0,0.03391047121807053,32.49846552547227,0.7380874633789063,0.012193807613425589,0.0019934671801098425,0.7603027754415475,0.7603027754415475,-0.02574920515879564,-0.04820397286086031,1.998892145653703,2.0110120784739487,12.251523908434091,29.778748710858167
2017-06-15 00:00:00-04:00,40923900.0,0.023116965477860383,39.49302850112774,0.7390725612640381,-0.010728197845294551,-0.0020009083707173136,-0.11896798853320589,-0.11896798853320589,-0.31829418325683434,0.21522748420762006,1.996889232791516,2.0002259185892473,12.12486259010463,29.652087392528706
2017-06-16 00:00:00-04:00,40923900.0,0.01036808872713275,28.873467799468187,0.7346410274505615,-0.005996074060573009,0.0013368034694662967,0.18709327548806942,0.18709327548806942,-0.5514943889559167,-0.26889709664469785,1.9982251435347353,1.9942117958931351,12.296370283510955,29.823595085935033
2017-06-19 00:00:00-04:00,40923900.0,0.013811743237706104,28.88069396498615,0.735133171081543,0.0006699103542981977,-0.003338077765900671,0.05025125628140703,0.05025125628140703,0.3321397608762249,0.0002502700946125369,1.9948814819576557,1.9948814819576557,12.345399710751273,29.87262451317535
2017-06-20 00:00:00-04:00,40923900.0,0.011375404838853917,27.278072242287067,0.7356257438659668,0.0006700456513193398,3.016446643577808e-07,-0.3827751196172249,-0.3827751196172249,-0.17639615484604254,-0.05549110851152128,1.9948817836022747,1.995551303228612,11.862877863148134,29.39010266557221
2017-06-21 00:00:00-04:00,40923900.0,0.013250794862046063,16.977517894949088,0.7297170162200928,-0.008032246961371503,-0.0006699344970449994,0.4862579281183932,0.4862579281183932,0.1648635850555884,-0.3776129873052332,1.9942116245988393,1.9874866239854718,12.259139366466865,29.786364168890945
2017-06-22 00:00:00-04:00,40923900.0,0.027812314468502575,17.984640627578898,0.7277474403381348,-0.002699095455057865,-0.006702480873721717,0.16358463726884787,0.16358463726884787,1.0,0.059320964281206034,1.9874865812272,1.9847838794045711,12.410644811258948,29.937869613683027
2017-06-23 00:00:00-04:00,40923900.0,0.03385942553449709,28.086675667714886,0.7316864967346192,0.0054126695308664985,-0.0013495392228907166,-0.6071719641401794,-0.6071719641401794,0.21742566850532574,0.5617034696064387,1.9861361305561367,1.99018195308437,11.476261480598637,29.003486283022713
2017-06-26 00:00:00-04:00,40923900.0,0.03246679625222503,28.08060381366751,0.7307016849517822,-0.0013459477347633753,0.004053931395853416,0.3340248962655601,0.3340248962655601,-0.041129737444990155,-0.00021618272376588976,1.9901818669127276,1.9888350987483712,11.764462090785656,29.291686893209732
2017-06-27 00:00:00-04:00,40923900.0,0.02662478847793623,35.529997092365846,0.7307016849517822,0.0,-0.0006728987509111439,0.22472783825816478,0.22472783825816478,-0.17993791961806016,0.26528607889380695,1.9895087416638393,1.9888350987483712,11.967180737247824,29.494405539671902
2017-06-28 00:00:00-04:00,40923900.0,0.023687797185782268,32.54862283194336,0.7307016849517822,0.0,0.0,-0.29968253968253966,-0.29968253968253966,-0.11031040845968876,-0.08391146930499127,1.9895087416638393,1.9888350987483712,11.610959205241594,29.13818400766567
2017-06-29 00:00:00-04:00,40923900.0,0.018517302631632898,31.092617865737893,0.7287322044372558,-0.0026953277309827994,-0.0006733284311879473,0.2629193109700816,0.2629193109700816,-0.21827671495147594,-0.04473322799932844,1.988835186445256,1.9861361320813788,11.844385159767898,29.371609962191975
2017-06-30 00:00:00-04:00,40923900.0,0.01058206676965756,39.20115477388843,0.7316864967346192,0.0040540163854081435,-0.001347741250816159,-0.21823402727925345,-0.21823402727925345,-0.4285308729803695,0.26078656172228065,1.9874865361743592,1.99018195308437,11.598185308921051,29.12541011134513
2017-07-03 00:00:00-04:00,40923900.0,0.018518682357804607,53.03121451062444,0.7400575637817383,0.011440783839086421,0.006748331862776347,-0.39026629935720847,-0.39026629935720847,0.7500061907475453,0.3527972534612194,1.9942121999696207,2.001557786078966,11.103452335464524,28.630677137888604
2017-07-05 00:00:00-04:00,40923900.0,0.03234199491448397,46.05281264812464,0.735133171081543,-0.006654067117470408,0.006031427139096435,0.7876506024096386,0.7876506024096386,0.7464522739574715,-0.13159045907013345,2.0002255108601097,1.9948814819576557,11.684354580597759,29.211579383021835
2017-07-06 00:00:00-04:00,40923900.0,0.03262623596335759,38.82354415554528,0.7297170162200928,-0.007367583282198886,-0.010659377083945154,0.20050547598989055,0.20050547598989055,0.008788605947938288,-0.1569777843498068,1.9895089156465946,1.9874866239854718,11.867097278690842,29.394322081114918
2017-07-07 00:00:00-04:00,40923900.0,0.0334991009645404,48.192713449992176,0.7331637859344482,0.004723433382723741,-0.0013467896974980187,-0.26035087719298244,-0.26035087719298244,0.026753469268202545,0.24132699623995224,1.9881612182127404,1.9921989369606554,11.5655179150894,29.092742717513477
2017-07-10 00:00:00-04:00,40923900.0,0.03325687889057485,50.57491351252676,0.7356257438659668,0.0033579917322030806,0.002022993078766744,-0.06356736242884253,-0.06356736242884253,-0.007230703720137233,0.04943071041240521,1.9901821677965288,1.995551303228612,11.499840225421574,29.02706502784565
2017-07-11 00:00:00-04:00,40923900.0,0.03251961908643538,48.863727651182934,0.7346410274505615,-0.0013386105959672934,0.0026918320482245406,-0.10536980749746705,-0.10536980749746705,-0.02216864085668635,-0.033834676967267385,1.9928703833534032,1.9942117958931351,11.388495386592052,28.915720189016128
2017-07-12 00:00:00-04:00,40923900.0,0.03178234187358435,61.65490778561695,0.739594793319702,0.018993992096472567,0.004043162688780022,0.5956964892412231,0.5956964892412231,-0.022671766569325014,0.26177249975165084,1.9969053944247424,2.0130276542345684,11.85580569788677,29.38303050031085
2017-07-13 00:00:00-04:00,40923900.0,0.035652526449828977,60.92519575597058,0.7371176719665528,-0.015331553806636977,0.002017144444649288,0.07523066004258339,0.07523066004258339,0.12177153564197551,-0.011835424881076584,1.998920507165238,1.9975773569116877,11.928340903931561,29.45556570635564
2017-07-14 00:00:00-04:00,40923900.0,0.03118306391097659,61.39290222570369,0.7415762424468995,0.0060486549840159665,-0.002013149334615272,-0.2712871287128713,-0.2712871287128713,-0.12536173404546558,0.007676733146766868,1.9969053287217777,2.0036077922149405,11.611865412825132,29.139090215249208
2017-07-17 00:00:00-04:00,40923900.0,0.03673597809495545,61.38453984333554,0.7405855178833007,-0.0013359712823722836,0.005380019612075682,-0.030797101449275388,-0.030797101449275388,0.1780746818154777,-0.000136210898409872,2.002270927727315,2.002270927727315,11.580584113444043,29.10780891586812
2017-07-18 00:00:00-04:00,40923900.0,0.030878717314622887,61.82024932065665,0.741080904006958,0.0006689114379025973,-0.0020066713283379833,0.3439252336448597,0.3439252336448597,-0.15944208059991405,0.00709803280163257,2.0002622403365655,2.0029396155436783,11.876178724269083,29.40340352669316
2017-07-19 00:00:00-04:00,40923900.0,0.02687854900245164,63.46889467367074,0.7430623054504394,0.0026736641475553213,0.003351089025989573,0.17315716272600845,0.17315716272600845,-0.12954451026619973,0.02666837114264453,2.0036077269762997,2.005609711809377,12.03587726853406,29.563102070958138
2017-07-20 00:00:00-04:00,40923900.0,0.028742760355757378,65.5753862804025,0.7425668239593506,-0.000666810155022457,0.004007851455983147,-0.5554238292827505,-0.5554238292827505,0.06935684486300575,0.03318935389630484,2.007607568390542,2.004942679237584,11.225243392518447,28.752468194942526
2017-07-21 00:00:00-04:00,40923900.0,0.0287429512869389,64.39857605407985,0.7440530776977539,0.0020015084036191233,-0.0013305111017236637,0.009333333333333416,0.009333333333333416,6.6427573119920424e-06,-0.017945913750176956,2.0062761713730213,2.0069421872919575,11.23453343942554,28.761758241849616
2017-07-24 00:00:00-04:00,40923900.0,0.026894438225734004,56.40317527657209,0.7445485115051269,0.000665858152090415,-0.0019985861436025987,-0.04623513870541607,-0.04623513870541607,-0.06431187398786287,-0.1241549311710477,2.0042755853911216,2.007607823858866,11.187195324880918,28.714420127304994
2017-07-25 00:00:00-04:00,40923900.0,0.021565243261736672,62.53422138067445,0.7430623054504394,-0.001996117152505028,0.004005240925640363,0.4279778393351801,0.4279778393351801,-0.19815230640876824,0.10870037146027456,2.008272826692493,2.005609711809377,11.543454670005051,29.070679472429127
2017-07-26 00:00:00-04:00,40923900.0,0.023831175727942473,77.95458778399006,0.7460348606109619,0.00400041172687482,0.0013302004056405803,0.26673132880698347,0.26673132880698347,0.10507335524595063,0.24659084358698213,2.0096021431653592,2.0096021431653592,11.779894495824468,29.307119298248544
2017-07-27 00:00:00-04:00,40923900.0,0.016107091028373415,75.0025009355355,0.7460348606109619,0.0,-0.0019920774109959405,0.01607963246554367,0.01607963246554367,-0.3241168118496325,-0.037869315102206924,2.0076080789291124,2.0096021431653592,11.795846220320298,29.323071022744376
2017-07-28 00:00:00-04:00,40923900.0,0.01324003440235701,73.48690712675963,0.747025442123413,0.0013277952073713628,0.0013305093941646806,0.4129615674453655,0.4129615674453655,-0.17799965375286864,-0.02020724362349613,2.008937703979984,2.0109290576322163,12.141534124392603,29.66875892681668
2017-07-31 00:00:00-04:00,40923900.0,0.01756389553872866,77.99884493214017,0.748511266708374,0.0019889879262178223,0.0026574201874467462,-0.3648,-0.3648,0.3265747659690301,0.061397845980887045,2.0115915994694262,2.012916070140903,11.687718755343392,29.21494355776747
2017-08-01 00:00:00-04:00,40923900.0,0.020904777344059773,74.9988515025633,0.7504928588867188,0.00264737789059466,0.001325474883382416,-0.33501259445843834,-0.33501259445843834,0.19021303092838493,-0.038462023792620315,2.0129161966864397,2.0155599498992083,11.279731577802517,28.806956380226595
2017-08-02 00:00:00-04:00,40923900.0,0.019990548126194323,75.00049222395555,0.7480162143707275,-0.003300024093054077,0.0019857426139846535,0.13888888888888884,0.13888888888888884,-0.04373302823649705,2.187662023311887e-05,2.0148999703197217,2.012254468717657,11.409784706050715,28.93700950847479
2017-08-03 00:00:00-04:00,40923900.0,0.019366886948711668,68.57175074118707,0.7480162143707275,0.0,-0.0019815512526549783,0.27937915742793784,0.27937915742793784,-0.0311978027588673,-0.08571599055072732,2.012916453196972,2.012254468717657,11.656159633056136,29.183384435480214
2017-08-04 00:00:00-04:00,40923900.0,0.019062771105993775,76.92279213038061,0.7509880542755127,0.003972961879289194,-5.1055736349781e-07,-0.036395147313691534,-0.036395147313691534,-0.015702876952980005,0.12178544807340841,2.0129159426394785,2.0162195592254504,11.61908566079862,29.146310463222697
2017-08-07 00:00:00-04:00,40923900.0,0.013969625317946996,64.44523355209691,0.7475208759307861,-0.00461682223170834,0.0006624034971978165,-0.3363309352517986,-0.3363309352517986,-0.2671776186015986,-0.16220886206437768,2.0135781268443145,2.0115920465533836,11.209114010588564,28.73633881301264
2017-08-08 00:00:00-04:00,40923900.0,0.013970078892985276,52.08343360446667,0.7440530776977539,-0.004639065402306297,-0.004629861491661891,1.0,1.0,3.2468661682605315e-05,-0.1918186848936947,2.0089375143473247,2.0069421872919575,12.025150109649926,29.552374912074004
2017-08-09 00:00:00-04:00,40923900.0,0.034047249283460805,43.103531258868806,0.7386039733886719,-0.007323542462780552,-0.007308944035806175,0.275014979029359,0.275014979029359,1.0,-0.1724137931034514,2.001601729112875,1.9995916960377154,12.268108036449627,29.795332838873705
2017-08-10 00:00:00-04:00,40923900.0,0.0514357144776573,31.883617207979285,0.7316687107086182,-0.00938969045649063,-0.004685448223937905,0.4906015037593985,0.4906015037593985,0.5107157130207087,-0.26030150484668135,1.9969052697682539,1.990157644528373,12.66728776874283,30.194512571166907
2017-08-11 00:00:00-04:00,40923900.0,0.09235449147806797,38.960486952956266,0.7361269474029541,0.006093244974242795,-0.017485014501076424,-0.23865069356872637,-0.23865069356872637,0.7955323925399151,0.22195943762635273,1.9792655868294233,1.9962324007517709,12.394624752074764,29.92184955449884
2017-08-14 00:00:00-04:00,40923900.0,0.08807985772758765,45.67905489315734,0.739594793319702,0.004710934613903817,0.019165264968431295,-0.6227743271221532,-0.6227743271221532,-0.04628506618430617,0.17244568704476326,1.9982495114019603,2.0009322736403123,11.41971308324805,28.946937885672128
2017-08-15 00:00:00-04:00,40923900.0,0.08164280366225804,40.25910382530052,0.7386039733886719,-0.0013396794298440318,0.007387420539582745,0.23380900109769476,0.23380900109769476,-0.07308202160405453,-0.11865287231826516,2.0056097785972082,1.9995916960377154,11.629819216441728,29.157044018865804
2017-08-16 00:00:00-04:00,40923900.0,0.06981474920519115,39.23376249975629,0.7376071453094483,0.010835538677186118,-0.006000126441156772,0.1717081850533808,0.1717081850533808,-0.14487565255594936,-0.025468558117775708,1.999591579067254,2.0103689509119693,11.788281887731372,29.31550669015545
2017-08-17 00:00:00-04:00,40923900.0,0.06114136474015056,34.50063558594147,0.7341182231903076,-0.016727568437567397,-0.0026993345653826273,0.7843583902809415,0.7843583902809415,-0.12423427089236994,-0.12063912845076286,1.9968885947288715,1.9934998966732929,12.367340793126296,29.89456559555037
2017-08-18 00:00:00-04:00,40923900.0,0.05990024014216496,38.21277947264253,0.7381056308746338,0.005431560691952164,-0.0040590997576410714,-0.4863829787234043,-0.4863829787234043,-0.020299262263123397,0.10759639130282306,1.9928212344647518,1.9989167596365203,11.701063407085623,29.2282882095097
2017-08-21 00:00:00-04:00,40923900.0,0.060053482008905416,34.09894514007445,0.7366101741790771,-0.0020260740915695186,0.0047550420075834765,-0.2949461474730737,-0.2949461474730737,0.0025582846809422133,-0.10765598287644262,1.9975650069706041,1.9968886302802902,11.351582314561465,28.87880711698554
2017-08-22 00:00:00-04:00,40923900.0,0.028315819110010416,38.38752933288632,0.7381056308746338,0.002030187401665051,3.7019640974911283e-07,0.2667450058754406,0.2667450058754406,-0.5284899698936454,0.12576882291211255,1.9975653771669453,1.9989167596365203,11.588032937457033,29.115257739881113
2017-08-23 00:00:00-04:00,40923900.0,0.028316061273018264,39.79342583563821,0.7391020774841308,0.001350005429868295,0.0006757483288026833,0.19294990723562155,0.19294990723562155,8.552216233193022e-06,0.03662378192043403,1.998240897280651,2.0002658546283634,11.764462090785656,29.291686893209732
2017-08-24 00:00:00-04:00,40923900.0,0.01874192864442025,38.413680636225486,0.7410955905914307,0.0026972094491815035,0.0027026767640527805,-0.2021772939346812,-0.2021772939346812,-0.3381166800101887,-0.03467269204495205,2.000939928381081,2.0029594331356138,11.538593211718807,29.065818014142884
2017-08-25 00:00:00-04:00,40923900.0,0.03226144413758531,41.809309382324585,0.7410955905914307,0.0,0.0060647002467986155,0.371345029239766,0.371345029239766,0.7213513480743092,0.08839633926921597,2.0069863123511835,2.0029594331356138,11.854385243102481,29.381610045526557
2017-08-28 00:00:00-04:00,40923900.0,0.03875652560963534,43.442177730057445,0.7391020774841308,-0.002689954079620027,2.3263447168631046e-08,-0.19758351101634686,-0.19758351101634686,0.20132643301243647,0.03905513800290561,2.0069863356146307,2.0002658546283634,11.634257750137753,29.161482552561832
2017-08-29 00:00:00-04:00,40923900.0,0.03235320533744609,52.24508150002435,0.7400990486145019,0.0013488950454108029,-0.009376872041174544,-0.13640389725420732,-0.13640389725420732,-0.1652191513936252,0.20263495593307268,1.9975652239387007,2.0016138407321384,11.487607656985938,29.014832459410016
2017-08-30 00:00:00-04:00,40923900.0,0.03118019992527324,67.2287699263428,0.7410955905914307,0.0013464981191291248,0.006084931955304684,-0.09435897435897433,-0.09435897435897433,-0.03625623489043284,0.2867961537453334,2.003631717455512,2.0029594331356138,11.388495386592052,28.915720189016128
2017-08-31 00:00:00-04:00,40923900.0,0.02831806886900148,57.11970820611662,0.7396006107330322,-0.002017256447586435,2.1090474411344928e-07,1.0,1.0,-0.09179322336390305,-0.15036808990112238,2.003631928360234,2.0009401392858033,12.685407602204794,30.21263240462887
2017-09-01 00:00:00-04:00,40923900.0,0.02456013775757043,55.332734710166825,0.742092514038086,0.0033692553371256206,-2.961838807546968e-08,-0.32136222910216716,-0.32136222910216716,-0.1327043566711814,-0.03128470981506937,2.0036318987418453,2.004303731399165,12.297739834055998,29.824964636480075
2017-09-05 00:00:00-04:00,40923900.0,0.023527029723547286,48.14807596564926,0.7376071453094483,-0.006044217727289358,0.001344170988134552,0.0734489051094891,0.0734489051094891,-0.04206442342550365,-0.12984463504561716,2.0049751671408895,1.9982411734490315,12.368616574715453,29.895841377139533
2017-09-06 00:00:00-04:00,40923900.0,0.023802072171828337,53.57124551949894,0.7396006107330322,0.0027026113240100624,-0.005369210585628226,-0.30344241393965155,-0.30344241393965155,0.011690487558902118,0.11263522882448673,1.9995914905401486,2.0009401392858033,12.00701176473192,29.534236567155997
2017-09-07 00:00:00-04:00,40923900.0,0.019905556993856165,59.99988518965712,0.7391020774841308,-0.0006740573786266912,0.0013493706868539235,-0.017083587553386237,-0.017083587553386237,-0.1637048719894233,0.12000168388502885,2.000939951644528,2.0002658546283634,11.989780569165065,29.517005371589143
2017-09-08 00:00:00-04:00,40923900.0,0.01736662001577238,50.0,0.7381056308746338,-0.0013481853722951964,-0.002021146734616619,-0.11731843575418999,-0.11731843575418999,-0.12754915518653542,-0.16666507207551984,1.9989167596365203,1.9989167596365203,11.864989796351278,29.392214598775354
2017-09-11 00:00:00-04:00,40923900.0,0.01796926880957193,57.778443992269075,0.7400990486145019,0.0027007214909144928,0.0006750171561045182,0.139240506329114,0.139240506329114,0.03470155927015295,0.1555688798453816,1.9995915490710159,2.0016138407321384,11.99535161421452,29.5225764166386
2017-09-12 00:00:00-04:00,40923900.0,0.01736659361276534,56.817786437493474,0.7410955905914307,0.0013464981191291248,0.0033735617582828503,-0.5030864197530864,-0.5030864197530864,-0.03353921649196734,-0.01662657365615694,2.0029594331356138,2.0029594331356138,11.296012463406655,28.82323726583073
2017-09-13 00:00:00-04:00,40923900.0,0.016707115884027988,52.2733104567062,0.7400990486145019,-0.0013446874999396563,2.6943562536629884e-07,0.2012422360248447,0.2012422360248447,-0.03797392530983179,-0.07998333384189049,2.0029597025712027,2.0016138407321384,11.479368681441386,29.006593483865462
2017-09-14 00:00:00-04:00,40923900.0,0.012112799096658211,48.789115455782124,0.7406006813049316,0.01283832577303956,-0.002697910526939129,0.20992761116856262,0.20992761116856262,-0.2749916155045017,-0.06665342161196686,2.000258146124605,2.0143704538270257,11.669929213779893,29.19715401620397
2017-09-15 00:00:00-04:00,40923900.0,0.011513209512899487,52.29996848613934,0.7421048164367676,-0.00999981063933264,0.0006782821799635741,-0.006837606837606813,-0.006837606837606813,-0.04950049769455389,0.07195975982674097,2.000936198375176,2.004320309246907,11.663068123399947,29.190292925824025
2017-09-18 00:00:00-04:00,40923900.0,0.012838088791779381,57.5269896822437,0.7421048164367676,0.0,0.0020338802014365776,-0.18158347676419961,-0.18158347676419961,0.11507471286746673,0.09994310412423357,2.002968013042501,2.004320309246907,11.462684248533481,28.98990905095756
2017-09-19 00:00:00-04:00,40923900.0,0.016855354457391808,65.37124925691677,0.7476201534271241,0.007432018857980838,0.003382574185970544,1.0,1.0,0.31291773493456465,0.13635790118693247,2.0063448791926906,2.0117248467301354,12.560945967522278,30.088170769946355
2017-09-20 00:00:00-04:00,40923900.0,0.021360808331901862,65.38035853468433,0.7486231327056885,0.001341562655804207,0.002023058924274679,-0.14375876577840108,-0.14375876577840108,0.26730104584268854,0.0001393468515762386,2.0083658944890486,2.013065510294795,12.405742840658741,29.93296764308282
2017-09-21 00:00:00-04:00,40923900.0,0.03114426549641916,57.1597953687094,0.7436087608337403,-0.0066981257362769275,0.003364571994844523,-0.12325962325962325,-0.12325962325962325,0.45800968823384536,-0.12573444609689488,2.0117248189756256,2.006344851438181,12.274198474577775,29.801423277001852
2017-09-22 00:00:00-04:00,40923900.0,0.03075297226682513,54.753105523008934,0.7446118354797363,0.0013489279562433065,-0.005365243888740712,-0.4904250350303596,-0.4904250350303596,-0.012563893331792308,-0.04210459170079439,2.006345130476822,2.0076928704084547,11.600020171821162,29.12724497424524
2017-09-25 00:00:00-04:00,40923900.0,0.02637322959580626,67.39279041152076,0.74561448097229,0.0013465344556438108,0.0013484150788947158,0.20439963336388645,0.20439963336388645,-0.14241689008198832,0.23084873027339503,2.007692637260518,2.009038499099583,11.786001385032646,29.313226187456724
2017-09-26 00:00:00-04:00,40923900.0,0.02076007670113191,68.7700878508678,0.7486231327056885,0.00403513049998061,0.0020203162328433777,0.6864535768645357,0.6864535768645357,-0.2128352492546809,0.02043686618311602,2.009710915399123,2.013065510294795,12.308629233855266,29.835854036279343
2017-09-27 00:00:00-04:00,40923900.0,0.018178381351149225,66.0082837419662,0.7471189975738526,-0.0020092020485656947,0.0026883914933815145,-0.34837545126353786,-0.34837545126353786,-0.12435866144183949,-0.04015996191383009,2.0123956996317998,2.011054287092068,11.880342505440863,29.40756730786494
2017-09-28 00:00:00-04:00,40923900.0,0.016303197617483056,69.99520233943068,0.748121690750122,0.0013420796145267033,-0.0020109381940847104,0.1357340720221607,0.1357340720221607,-0.1031546042215481,0.060400276623609805,2.010382736786751,2.012395466922713,12.007621706806335,29.534846509230412
2017-09-29 00:00:00-04:00,40923900.0,0.016303155237357918,68.09462980320548,0.7486231327056885,0.0006702679012871027,0.0006715542575799205,0.11280487804878048,0.11280487804878048,-2.59949772629664e-06,-0.027152897237280205,2.011054065652673,2.013065510294795,12.114505452004684,29.64173025442876
2017-10-02 00:00:00-04:00,40923900.0,0.0180461216394465,66.68512771948218,0.7486231327056885,0.0,0.0020134689539319517,-0.3495890410958904,-0.3495890410958904,0.10690975928970214,-0.020699166553908577,2.0130655102947945,2.013065510294795,11.684354580597759,29.211579383021835
2017-10-03 00:00:00-04:00,40923900.0,0.014012969468419454,69.76727727907044,0.7486231327056885,0.0,-0.0006698076810064402,-0.2813816343723673,-0.2813816343723673,-0.2234913546305204,0.0462194444997337,2.012395478192405,2.013065510294795,11.35392973347977,28.881154535903846
2017-10-04 00:00:00-04:00,40923900.0,0.009348880623788962,60.415853549812276,0.74561448097229,-0.004018913658898726,-1.319796334442458e-07,0.7878077373974208,0.7878077373974208,-0.3328408625410758,-0.13403738964690126,2.012395346212763,2.009038499099583,11.934919875029603,29.46214467745368
2017-10-05 00:00:00-04:00,40923900.0,0.012233083769342767,60.416480932257954,0.7471189975738526,0.0020178210589480994,-0.004021123827226414,0.2504918032786885,0.2504918032786885,0.3085078590280341,1.038440092826498e-05,2.0083661159284434,2.011054287092068,12.15845679158851,29.68568159401259
2017-10-06 00:00:00-04:00,40923900.0,0.01183494771231871,55.76903382490637,0.7451132774353028,-0.002684605993239386,0.0026917425680454965,-0.5568956476140534,-0.5568956476140534,-0.032545845718953026,-0.07692349894662909,2.0110542422453537,2.008366071081729,11.344506813345266,28.87173161576934
2017-10-09 00:00:00-04:00,40923900.0,0.011527496552840749,50.0,0.7476201534271241,0.0033644226559081947,-3.2670846428217715e-07,0.22011834319526624,0.22011834319526624,-0.025978244006768403,-0.10344510975425814,2.011053915536836,2.0117248467301354,11.543454670005051,29.070679472429127
2017-10-10 00:00:00-04:00,40923900.0,0.011834976099387095,56.60368217923576,0.7521330833435058,0.006036394144398605,0.0013424784037692206,1.0,1.0,0.026673575232653013,0.13207364358471518,2.012395493622155,2.017743094835215,12.392552212472792,29.91977701489687
2017-10-11 00:00:00-04:00,40923900.0,0.024565210939332546,73.4697917414652,0.7551418781280518,0.004000348942464704,0.0067027602339855274,-0.11244813278008303,-0.11244813278008303,1.0,0.2979684167687686,2.0190758902351367,2.021735463656948,12.273263895070498,29.800488697494576
2017-10-12 00:00:00-04:00,40923900.0,0.03615819959869165,67.97469870584679,0.7536282062530517,0.00991380340811987,0.0026626783172667423,-0.4408602150537635,-0.4408602150537635,0.4719270959239763,-0.07479391060417373,2.0217350299046215,2.031600447707904,11.691908120498669,29.219132922922746
2017-10-13 00:00:00-04:00,40923900.0,0.0421514912239485,65.27424310609706,0.7531239986419678,-0.0124624391455177,2.554590223802222e-07,0.3712374581939799,0.3712374581939799,0.16575193709240188,-0.03972736402165844,2.0217352853636115,2.0190597010860185,12.007621706806335,29.534846509230412
2017-10-16 00:00:00-04:00,40923900.0,0.03615022180090035,57.731460268459486,0.7521150588989258,-0.0013396728093398869,-0.004008101284905141,0.4932926829268294,0.4932926829268294,-0.14237383420585858,-0.11555527078847161,2.017719130112807,2.017719130112807,12.40860524294026,29.935830045364337
2017-10-17 00:00:00-04:00,40923900.0,0.03155664050176867,60.405366891502275,0.7516105651855469,-0.000670766669819689,-6.054113077524903e-08,0.10044916292364237,0.10044916292364237,-0.12706924246360418,0.046316282501927875,2.0177190695716742,2.017048138378375,12.504323669331189,30.031548471755265
2017-10-18 00:00:00-04:00,40923900.0,0.02722400271512097,42.75677818512005,0.7440442562103271,-0.010066794328991269,-0.004023812873661381,0.2871985157699444,0.2871985157699444,-0.13729718112436173,-0.29216921632281323,2.0136871393806306,2.0069303312295537,12.756791832957841,30.284016635381917
2017-10-19 00:00:00-04:00,40923900.0,0.04064686747708267,47.46949778617981,0.7470708370208741,0.004067742994163348,-0.007407529444936389,-0.3038339579129432,-0.3038339579129432,0.4930525794616625,0.11022157891914897,2.006252037944848,2.01098982332464,12.394624752074764,29.92184955449884
2017-10-20 00:00:00-04:00,40923900.0,0.042901072880261105,47.46949778617981,0.7470708370208741,0.0,0.004749026430495462,-0.27660455486542446,-0.27660455486542446,0.05545828111968021,0.0,2.0109898233246404,2.01098982332464,12.070825496122147,29.598050298546227
2017-10-23 00:00:00-04:00,40923900.0,0.041260521992410135,45.23708285492057,0.7455572128295899,-0.0020260785407179016,-0.0020260785407179016,0.5518030910131655,0.5518030910131655,-0.0382403230900501,-0.04702840845957246,2.008961689510229,2.008961689510229,12.510243035486758,30.037467837910835
2017-10-24 00:00:00-04:00,40923900.0,0.033041273387003564,52.37266594367501,0.7470708370208741,0.002030191868896969,0.0006769803926938156,-0.41276281814828475,-0.41276281814828475,-0.19920369904477941,0.15773747196827204,2.009638440855065,2.01098982332464,11.97791655239242,29.505141354816498
2017-10-25 00:00:00-04:00,40923900.0,0.028150375476934136,40.192113910762586,0.7400086879730224,-0.009453118362930057,-0.000676171405203152,1.0,1.0,-0.14802389280775152,-0.23257460382124118,2.0089620407428748,2.0014917406452892,12.784089518836488,30.311314321260564
2017-10-26 00:00:00-04:00,40923900.0,0.022932659180670723,43.380216746010326,0.7405129909515381,0.0006814825105594391,-0.004736304626198118,-0.3697054698457223,-0.3697054698457223,-0.18535157019623794,0.0793216013053255,2.0042144842837906,2.0021729910520865,12.322521458173421,29.8497462605975
2017-10-27 00:00:00-04:00,40923900.0,0.02128873832635992,43.40483728484347,0.7430349826812744,0.003405735970270607,-0.0006800309081218536,-0.3164218958611482,-0.3164218958611482,-0.07168470264871929,0.0005675522318686621,2.003534222049772,2.0055729406378173,11.94210709969571,29.469331902119787
2017-10-30 00:00:00-04:00,40923900.0,0.020886601844584313,41.760314164357574,0.7465663433074952,0.004752616913779262,0.004082027365722274,-0.22721354166666663,-0.22721354166666663,-0.0188896343038647,-0.03788801487018001,2.0076079405454688,2.010314299523803,11.684354580597759,29.211579383021835
2017-10-31 00:00:00-04:00,40923900.0,0.02088625738291753,32.83582300125856,0.743539571762085,-0.004054256627750941,0.0033873711696028597,-0.03791069924178603,-0.03791069924178603,-1.6491991820744012e-05,-0.21370747183497163,2.010989587496411,2.0062518021166187,11.645706576204047,29.172931378628125
2017-11-01 00:00:00-04:00,40923900.0,0.02134554674308435,33.33385848875555,0.7425308704376221,-0.0013566209019277853,-0.001350272183822332,0.7933450087565674,0.7933450087565674,0.0219900268270401,0.015167443419277227,2.0096384028736503,2.0048942601714566,12.22978917214749,29.757013974571567
2017-11-02 00:00:00-04:00,40923900.0,0.023299397409623772,33.846446936733685,0.7425308704376221,0.0,-0.006085203030427477,-0.14208984375,-0.14208984375,0.09153434625292234,0.015377411173418176,2.0035346095397126,2.0048942601714566,12.076533274175189,29.603758076599267
2017-11-03 00:00:00-04:00,40923900.0,0.022505725171391645,32.83605463387664,0.7405129909515381,-0.0027175698229148226,0.002040616164078024,-0.28116107000569157,-0.28116107000569157,-0.0340640671635698,-0.02985224135182296,2.005573146474751,2.0021729910520865,11.746415308338582,29.27364011076266
2017-11-06 00:00:00-05:00,40923900.0,0.0249561353942543,39.72654535283772,0.7440442562103271,0.004768674286525831,-0.003394081096574242,0.22486144101345995,0.22486144101345995,0.1088794164241158,0.2098452690431396,2.0021732924186355,2.0069303312295537,11.949243036561157,29.476467838985236
2017-11-07 00:00:00-05:00,40923900.0,0.02345403296968619,48.332745180825526,0.7430349826812744,-0.0013564697538197557,0.004086647719204084,-0.5552682611506141,-0.5552682611506141,-0.06018970488972197,0.21663599871447303,2.0062516124734926,2.0055729406378173,11.138959023921435,28.666183826345513
2017-11-08 00:00:00-05:00,40923900.0,0.02324641806660173,40.35100229512976,0.7415218830108643,-0.002036377432661496,0.0006787066895173055,0.745639534883721,0.745639534883721,-0.008851991610687948,-0.1651415175329679,2.006930088945786,2.0035344869694867,11.696080008068074,29.223304810492152
2017-11-09 00:00:00-05:00,40923900.0,0.02632657655276193,35.93769615799859,0.7379907608032227,-0.0047619932581137725,-0.00813569428615979,0.35886761032472947,0.35886761032472947,0.13250034811107025,-0.10937289995554444,1.9987611192971892,1.9987611192971892,12.002731721512143,29.52995652393622
2017-11-10 00:00:00-05:00,40923900.0,0.028830562900198125,35.38528210296383,0.7359731197357178,-0.002733965212936895,-0.002050422478211078,-0.015318627450980338,-0.015318627450980338,0.09511249373490993,-0.01537143762933757,1.9967085918248983,1.9960234099756273,11.987294551725604,29.51451935414968
2017-11-13 00:00:00-05:00,40923900.0,0.03774805439108162,27.77792365337845,0.7309287548065185,-0.006854007019999053,-0.0027396945744152523,0.22588674548848786,0.22588674548848786,0.30930688109534676,-0.214986514095028,1.9939651374185383,1.9891458063669134,12.190959007720126,29.718183810144204
2017-11-14 00:00:00-05:00,40923900.0,0.04793112151875484,30.76918602283756,0.7273974895477295,-0.0048312030899971825,-0.0048080429164183425,0.5730964467005075,0.5730964467005075,0.26976402603889094,0.10768487979105301,1.9891454986800394,1.9843028952909416,12.64400494377584,30.171229746199916
2017-11-15 00:00:00-05:00,40923900.0,0.06941030459734757,28.788061069576813,0.7263885021209717,-0.0013871197539947477,-0.008971837174853947,-0.12616973217166827,-0.12616973217166827,0.4481260274744081,-0.06438665461576765,1.980133172216568,1.9829148125957614,12.509135820020257,30.036360622444334
2017-11-16 00:00:00-05:00,40923900.0,0.06405023064226306,36.55766215107511,0.7329878807067871,0.021475255376794955,0.006990719234996057,-0.3478581979320532,-0.3478581979320532,-0.07722302885974275,0.26988969707686206,1.9870995696592781,2.004162723766637,12.081642567151997,29.608867369576075
2017-11-17 00:00:00-05:00,40923900.0,0.04616914476327823,33.902297658738306,0.7350179195404053,-0.009393632089708115,0.004870696120207185,-0.19479048697621748,-0.19479048697621748,-0.27917285698556304,-0.07263496449426843,1.9919584423159271,1.9947246932546319,11.864989796351278,29.392214598775354
2017-11-20 00:00:00-05:00,40923900.0,0.040664093238595746,32.50553170662063,0.7304498195648194,-0.006214950485074255,0.0020780778119380283,0.19479606188466958,0.19479606188466958,-0.11923659303000689,-0.04119974304330554,1.9940343639108433,1.988490349571193,12.042965307660024,29.570190110084102
2017-11-21 00:00:00-05:00,40923900.0,0.03595681763847867,38.54773319021469,0.7334954738616943,0.004169559927729827,-0.002073267698046166,-0.10594467333725721,-0.10594467333725721,-0.11576000410232279,0.1858822534615978,1.9919589440180916,1.9926512409715365,11.930977688583864,29.458202491007942
2017-11-22 00:00:00-05:00,40923900.0,0.036029281329131,40.8312713712765,0.7350179195404053,0.0020756033717503897,0.002077107194492056,-0.3712969058591178,-0.3712969058591178,0.0020152976656862,0.05923923385568841,1.9940338970079283,1.9947246932546319,11.466881526468821,28.994106328892897
2017-11-24 00:00:00-05:00,40923900.0,0.041701654756483054,45.09328068083797,0.7365409374237059,0.0020720826565057138,0.0034556503938913963,0.2827225130890052,0.2827225130890052,0.15743787325465575,0.10438100912428738,1.9974835903616848,1.996794632108783,11.715866308966918,29.243091111390996
2017-11-27 00:00:00-05:00,40923900.0,0.02360147929151177,35.03198374088909,0.7314650535583496,-0.0068915162857218215,-0.0027545739617177434,0.36244897959183664,0.36244897959183664,-0.4340397418439943,-0.22312186623015762,1.9947252155797468,1.9898792596580932,12.025150109649926,29.552374912074004
2017-11-28 00:00:00-05:00,40923900.0,0.016762396348776666,39.63010572787546,0.7340030193328857,0.0034697020208822593,-0.004143732599756089,-0.16836428999400843,-0.16836428999400843,-0.28977348657949453,0.13125497034355704,1.9905728739294288,1.9933429561505056,11.840789327054841,29.36801412947892
2017-11-29 00:00:00-05:00,40923900.0,0.017195842764341548,38.71890849300522,0.7314650535583496,-0.003457704815496232,0.005547969026666877,0.239193083573487,0.239193083573487,0.025858260749007655,-0.02299255119648369,1.996105509662219,1.9898792596580932,12.05524975579559,29.58247455821967
2017-11-30 00:00:00-05:00,40923900.0,0.018960543470779568,41.53621222501848,0.7309572696685791,-0.0006942011614913257,-0.004827786983494842,1.0,1.0,0.10262368239941244,0.07276299466247149,1.991266031270883,1.989184817427402,12.973631323603929,30.500856126028008
2017-12-01 00:00:00-05:00,40923900.0,0.019628095407415433,45.746308093448896,0.7324803352355957,0.002083658826879331,2.7717717387965024e-07,-0.4374564864237642,-0.4374564864237642,0.03520742628842055,0.10135964843454248,1.9912663084480182,1.9912663084480182,12.398344533177296,29.925569335601374
2017-12-04 00:00:00-05:00,40923900.0,0.019628167533492634,54.095280442101284,0.7340030193328857,0.0020788054286813296,0.0027718218453816057,-0.26732673267326734,-0.26732673267326734,3.674634533101795e-06,0.1825059266334108,1.9940342958791364,1.9933429561505056,12.087289109540206,29.614513911964284
2017-12-05 00:00:00-05:00,40923900.0,0.015188146065416769,61.98331030759226,0.7360334873199463,0.0027662937802435117,-0.0013821571049380532,-0.17680180180180183,-0.17680180180180183,-0.22620662170829797,0.1458173393505855,1.9926511827140152,1.9961054307817472,11.892730826297814,29.419955628721894
2017-12-06 00:00:00-05:00,40923900.0,0.016013248475563673,61.11129231961523,0.734510326385498,-0.0020694179825899717,0.0027676903230204886,0.3255813953488371,0.3255813953488371,0.054325419744655434,-0.014068593362465465,1.9954150500344738,1.9940338685950836,12.174581978438804,29.70180678086288
2017-12-07 00:00:00-05:00,40923900.0,0.014902017410389812,51.66659099200095,0.7340030193328857,-0.0006906738195344708,4.2728414384463065e-07,0.2827657378740971,0.2827657378740971,-0.06939448088060374,-0.1545491998142995,1.9954154773185266,1.9933429561505056,12.423600458058747,29.950825260482826
2017-12-08 00:00:00-05:00,40923900.0,0.012917066617612947,46.55231894268842,0.7329878807067871,-0.0013830169622752742,-0.0013800874911115146,0.043443282381335546,0.043443282381335546,-0.13320013915652396,-0.09898605561385543,1.994034436629575,1.9919589819375736,12.46612655086448,29.993351353288556
2017-12-11 00:00:00-05:00,40923900.0,0.014053999323216177,55.10213471621797,0.7329878807067871,0.0,-0.003455438134911004,-0.2683114880493447,-0.2683114880493447,0.08801787118237647,0.18366036252792073,1.9905730146798672,1.9919589819375736,12.153726165157964,29.680950967582042
2017-12-12 00:00:00-05:00,40923900.0,0.012677185481717645,48.83722962448359,0.7329878807067871,0.0,0.0020804252990616057,0.17123287671232879,0.17123287671232879,-0.09796598177033755,-0.11369623198809498,1.9926512788910187,1.9919589819375736,12.311783099952288,29.839007902376366
2017-12-13 00:00:00-05:00,40923900.0,0.013966542485613413,52.17465886302654,0.7360334873199463,0.00415505725718468,-0.001384144788061037,0.41385515069725587,0.41385515069725587,0.10170688168562392,0.06833780835245817,1.9912661752897007,1.9961054307817472,12.658103222785659,30.185328025209735
2017-12-14 00:00:00-05:00,40923900.0,0.016013015623160504,42.82474100410746,0.7329688549041748,0.008063991226595402,0.004851008669538359,0.12726694241170855,0.12726694241170855,0.14652682578061915,-0.17920419726107462,1.996105455730549,2.0041370817756587,12.777899290853563,30.30512409327764
2017-12-15 00:00:00-05:00,40923900.0,0.015446292552615981,47.65266622329087,0.730414867401123,-0.015572065359190757,-0.004163846363329116,0.06689246401354776,0.06689246401354776,-0.035391401837193026,0.11273682235977445,1.991932916419828,1.9884424982349058,12.842649474601725,30.3698742770258
2017-12-18 00:00:00-05:00,40923900.0,0.014908728374876994,52.06486710169058,0.7350118637084961,0.006293678445688844,-0.0013937982267896443,-0.21746031746031746,-0.21746031746031746,-0.03480214918290836,0.0925908501682784,1.9905381459527804,1.9947164541944737,12.597438829258836,30.124663631682914
2017-12-19 00:00:00-05:00,40923900.0,0.014009695343905844,53.141579785188746,0.7329688549041748,-0.0027795589502641604,0.001395852440656542,0.339418526031102,0.339418526031102,-0.06030246231369596,0.020680215727722606,1.9919330250970322,1.9919330250970322,12.889674413246588,30.416899215670664
2017-12-20 00:00:00-05:00,40923900.0,0.013304589121026127,50.96033151641246,0.7314366340637207,-0.002090431032918061,0.001393903453662526,0.48207975769813216,0.48207975769813216,-0.05032987553055068,-0.04104598089844946,1.9933259579691023,1.9898404060633876,13.283120756282443,30.81034555870652
2017-12-21 00:00:00-05:00,40923900.0,0.01376618343980663,49.95408363213093,0.7324578762054443,0.0013962140999825845,-0.002088128426455782,-0.6599114441416893,-0.6599114441416893,0.03469436858076391,-0.019745709149428414,1.9912356463627812,1.9912356463627812,12.204571519403906,29.731796321827986
2017-12-22 00:00:00-05:00,40923900.0,0.014660819034154964,51.97907643723212,0.7350118637084961,0.0034868728783188363,0.0034868728783188363,0.06159238858287441,0.06159238858287441,0.06498791754883815,0.040537082413792946,1.994716454194474,1.9947164541944737,12.26434155365415,29.791566356078228
2017-12-26 00:00:00-05:00,40923900.0,0.013329602591765322,52.00341069732289,0.7370552539825439,0.002780077948317583,0.000695248408702609,0.09764150943396221,0.09764150943396221,-0.0908009599796804,0.00046815491460594494,1.995411461029964,1.9974926748734445,12.357505349290383,29.88473015171446
2017-12-27 00:00:00-05:00,40923900.0,0.01588129802155474,49.03856496232742,0.7339903354644776,-0.004158329381013903,0.000694162682469246,0.5100988397077784,0.5100988397077784,0.1914307206252186,-0.05701252466404283,1.9961053828929574,1.9933256755976105,12.769680454735134,30.29690525715921
2017-12-28 00:00:00-05:00,40923900.0,0.014596900584921642,54.39295515052225,0.7365601539611817,0.015762903048829102,1.7242979856391116e-05,-0.20603301081388736,-0.20603301081388736,-0.08087484000929024,0.10918733434202643,1.996122625724155,2.0089656343795697,12.538967060803502,30.06619186322758
2017-12-29 00:00:00-05:00,40923900.0,0.014316274167946539,61.93194438274628,0.7406725883483887,-0.006555561730096748,0.0006989460997635089,0.8759856630824372,0.8759856630824372,-0.019225068728972894,0.1386023100116789,1.9968213276748517,2.0023884905812457,13.168101269078182,30.69532607150226
2018-01-02 00:00:00-05:00,40923900.0,0.02285989480205559,66.71353715522038,0.745298433303833,0.006245465308442721,0.0048846278736700555,-0.22277416889568213,-0.22277416889568213,0.5967768243247125,0.07720721220899063,2.0016940644604286,2.008614533795956,12.916076943156542,30.44330174558062
2018-01-03 00:00:00-05:00,40923900.0,0.03365928345958557,56.46795802624732,0.7386163234710693,-0.008965683455340878,0.005555389763255647,-0.3144051130776795,-0.3144051130776795,0.4724163759738249,-0.153575714403135,2.00723407995971,1.9996084167427097,12.53860857361558,30.06583337603966
2018-01-04 00:00:00-05:00,40923900.0,0.038132983800323934,57.99380300755063,0.7432424068450928,0.006263175111380637,-0.0006904420801553401,0.007888131946934385,0.007888131946934385,0.13291133621753715,0.027021430110755418,2.0065433994146513,2.00585205968602,12.546465756894623,30.0736905593187
2018-01-05 00:00:00-05:00,40923900.0,0.04043211236181994,65.58951197833777,0.7473541736602783,0.005532201576924356,0.0013818403438590199,-0.4994663820704376,-0.4994663820704376,0.060292385550917205,0.13097449342644762,2.0079242858957653,2.0113690148408074,11.854385243102481,29.381610045526557
2018-01-08 00:00:00-05:00,40923900.0,0.042325533495122115,64.13828371264304,0.7437562465667724,-0.004814219576622536,0.002760587215744348,-0.13432835820895528,-0.13432835820895528,0.046829636709511346,-0.022125919555157192,2.010681069688801,2.006543169581719,11.710135634257934,29.23736043668201
2018-01-09 00:00:00-05:00,40923900.0,0.034841584342462206,60.74070468068539,0.7442700386047363,0.0006908070222408913,-0.002753149502869534,1.0,1.0,-0.17681877898886755,-0.05297271512876356,2.0079241232993064,2.0072337381066196,12.771102323309677,30.298327125733753
2018-01-10 00:00:00-05:00,40923900.0,0.020711772051278866,63.763288373827145,0.7442700386047363,0.0,-0.0027605219106183743,-0.2847399829497016,-0.2847399829497016,-0.4055444824867802,0.04976207814893674,2.0051597841213598,2.0072337381066196,12.435993181123408,29.963217983547484
2018-01-11 00:00:00-05:00,40923900.0,0.016446250237647623,63.74848031286692,0.7427282810211182,-0.0020715029541004126,-0.0013837466615282956,-0.5323798172427493,-0.5323798172427493,-0.20594673420847465,-0.00023223490095758414,2.003775079198324,2.005160086622638,11.675894293248367,29.203119095672445
2018-01-12 00:00:00-05:00,40923900.0,0.01723064766368736,62.823953892686234,0.7427282810211182,0.0,0.0013859669900480043,-0.011045029736618472,-0.011045029736618472,0.047694606047289145,-0.014502720937711211,2.0051600866226384,2.005160086622638,11.664787814279475,29.19201261670355
2018-01-16 00:00:00-05:00,40923900.0,0.017412196005173394,60.29134376045356,0.7427282810211182,0.0,0.0006920573711997058,0.44072164948453607,0.44072164948453607,0.010536362012011802,-0.040312810246849407,2.0058519046325634,2.005160086622638,12.029931947811301,29.55715675023538
2018-01-17 00:00:00-05:00,40923900.0,0.017267140059562345,57.172995221097324,0.7422141551971435,-0.0006922125319743788,-0.0006917339198708738,0.9385807990459154,0.9385807990459154,-0.008330709438829631,-0.05172133087207165,2.005159931354397,2.0044676344009518,12.691888106291996,30.219112908716074
2018-01-18 00:00:00-05:00,40923900.0,0.009712942134884137,56.33809994198536,0.7386163234710693,-0.004847430759547522,-0.0006918628858157971,-0.30206090433712707,-0.30206090433712707,-0.4374898158363393,-0.014602965541393842,2.004467829021005,1.9996084167427097,12.332264670767934,29.85948947319201
2018-01-19 00:00:00-05:00,40923900.0,0.017519818683423356,55.072865169521265,0.7401584148406982,0.0020878111146827028,-0.0055400151932784025,-0.24327897752313798,-0.24327897752313798,0.803760224257976,-0.022457888600555975,1.99891241102939,2.0016940514085833,12.053504046885568,29.580728849309644
2018-01-22 00:00:00-05:00,40923900.0,0.01730316678180348,49.18003367162109,0.7401584148406982,0.0,0.004178302301615977,0.2539312754804892,0.2539312754804892,-0.01236610409814698,-0.10700063415551908,2.003082008465227,2.0016940514085833,12.279787683352454,29.807012485776532
2018-01-23 00:00:00-05:00,40923900.0,0.01730316678195322,42.59215354801468,0.7411862850189209,0.0013887164661148255,0.000693293037993703,0.14444960520204364,0.14444960520204364,8.653744387743245e-12,-0.13395436382972403,2.0037750612866234,2.0030818044997862,12.414711510641501,29.94193631306558
2018-01-24 00:00:00-05:00,40923900.0,0.01671143283702294,62.50041071135206,0.7447843551635742,0.0048544748025949325,1.2644579672205225e-07,0.2556818181818181,0.2556818181818181,-0.03419801429339775,0.46741607326557344,2.003775187732412,2.007924534334673,12.642390217121102,30.16961501954518
2018-01-25 00:00:00-05:00,40923900.0,0.0187682349499524,50.0,0.7432424068450928,-0.002070328555898282,0.003464997200524289,-0.3280542986425339,-0.3280542986425339,0.12307754415724115,-0.2000052570707601,2.007234195661355,2.00585205968602,12.244812473846105,29.772037276270183
2018-01-26 00:00:00-05:00,40923900.0,0.020064023057092074,36.110810462569255,0.7422141551971435,-0.0013834674104696854,-0.0006908678092631959,-0.31938431938431944,-0.31938431938431944,0.06904155401906675,-0.2777837907486149,2.006543089092953,2.0044676344009518,11.86005499606543,29.387279798489505
2018-01-29 00:00:00-05:00,40923900.0,0.0200640397272966,34.210519891114615,0.7375884056091309,-0.006232365087114222,-0.002073034711612798,0.7208480565371025,0.7208480565371025,8.30850546584827e-07,-0.05262386933753238,2.0044679026706542,1.9982157670541887,12.402872221504781,29.93009702392886
2018-01-30 00:00:00-05:00,40923900.0,0.03585714598477913,26.087386179148723,0.7329623699188232,-0.006271838948562758,-0.011772843960821233,1.0,1.0,0.7871349176006877,-0.2374454915569899,1.9926252100293893,1.9919241774986705,13.112515041349514,30.63973984377359
2018-01-31 00:00:00-05:00,40923900.0,0.04500534878063091,26.087386179148723,0.7329623699188232,0.0,0.0007007200341104802,-0.15572611593617447,-0.15572611593617447,0.25512913938368276,0.0,1.993325684673843,1.9919241774986705,12.943236711506893,30.47046151393097
2018-02-01 00:00:00-05:00,40923900.0,0.051643937711084484,27.907152349885223,0.7329623699188232,0.0,-0.0014005255226425817,-0.6227272727272728,-0.6227272727272728,0.14750666554795466,0.06975655430711614,1.9919241774986707,1.9919241774986705,11.96844977295113,29.495674575375208
2018-02-02 00:00:00-05:00,40923900.0,0.05867015765163454,22.221897724949628,0.7273077964782715,-0.0077146845085348525,-0.0035070847266234217,0.29613189600507295,0.29613189600507295,0.1360512046904201,-0.20372034214228874,1.9884109285338503,1.98417958087058,12.227834137311687,29.755058939735765
2018-02-05 00:00:00-05:00,40923900.0,0.059012076208487,16.00002473854451,0.7165142059326172,-0.014840471390405008,-0.0035181351580900744,0.8238747553816046,0.8238747553816046,0.005827810432736058,-0.2799883728840814,1.9848865901848822,1.9692278879260383,12.828797361793573,30.356022164217652
2018-02-06 00:00:00-05:00,40923900.0,0.0795968035416349,34.04292065747855,0.72679443359375,0.014347555953551527,-0.01624261620619316,-0.45439914163090134,-0.45439914163090134,0.3488222861439916,1.0,1.9685106166686366,1.983473491717791,12.222929762596596,29.750154565020672
2018-02-07 00:00:00-05:00,40923900.0,0.06445227428829,35.555731930942855,0.725252342224121,-0.0021217710240346577,0.012203798781501796,0.7020648967551621,0.7020648967551621,-0.19026554559346354,0.044438351476519866,1.980640549454398,1.9813494665485325,12.754771921724245,30.281996724148325
2018-02-08 00:00:00-05:00,40923900.0,0.060588573692297684,29.89690228670345,0.7201121807098388,-0.007087411118892772,0.003545762813529141,-0.48873483535528595,-0.48873483535528595,-0.05994669138765052,-0.15915379425264287,1.9841800408711803,1.9742368204268739,12.083905011555967,29.611129813980043
2018-02-09 00:00:00-05:00,40923900.0,0.05672738016037525,32.000471262277856,0.7216545581817627,0.0021418572178621975,-0.007773284275705339,0.2570621468926553,0.2570621468926553,-0.06372808099975602,0.07036076699190197,1.9763763871386069,1.9763763871386069,12.312682380588432,29.83990718301251
2018-02-12 00:00:00-05:00,40923900.0,0.04755869279476627,38.73889911293194,0.7283362865447998,0.009258901350075233,0.002136369621541734,-0.42157303370786514,-0.42157303370786514,-0.1616271955392259,0.21057276923909996,1.9785104779675537,1.9855926876178545,11.765239393584219,29.292464196008297
2018-02-13 00:00:00-05:00,40923900.0,0.0399708597054739,33.02770720829983,0.7257663249969483,-0.0035285370169367836,0.0021323032742808223,0.18492618492618496,0.18492618492618496,-0.15954671256497188,-0.14742783185404418,1.9806405111097085,1.9820579106312108,11.934919875029603,29.46214467745368
2018-02-14 00:00:00-05:00,40923900.0,0.03610125174830731,35.18543810326331,0.72679443359375,0.0014165834944270816,-0.004964465164686738,0.3750819672131147,0.3750819672131147,-0.09681072625607434,0.06533093203700324,1.9756636820507807,1.983473491717791,12.253433216890011,29.78065801931409
2018-02-15 00:00:00-05:00,40923900.0,0.025835651912019888,36.45261688643831,0.7273115634918212,0.013094665366398583,0.009274757870849637,0.12017167381974247,0.12017167381974247,-0.28435578654883487,0.03601429601234596,1.9848956934602893,1.9964831631278819,12.366915170647005,29.89413997307108
2018-02-16 00:00:00-05:00,40923900.0,0.026834492653022422,41.599105241554476,0.7288635730743408,-0.010115270201869087,-0.002131972483076394,0.01575138356747563,0.01575138356747563,0.038661332967480755,0.1411829600917034,1.9827614450885485,1.9863163859480097,12.382543788645952,29.90976859107003
2018-02-20 00:00:00-05:00,40923900.0,0.026840317630812613,41.16545401510794,0.7236905097961426,-0.007097436981763683,0.001424354600369826,-0.2921207041072925,-0.2921207041072925,0.00021707053923125663,-0.010424532545314169,1.9841847862581137,1.9791936423478809,12.037062102795892,29.56428690521997
2018-02-21 00:00:00-05:00,40923900.0,0.0235455324716097,45.960177678066174,0.7283463954925538,0.006433531507443302,-0.0035558507917433646,0.07874481941977507,0.07874481941977507,-0.12275507333864444,0.11647445115505217,1.9806225984020471,1.9856065670273906,12.112860263807995,29.64008506623207
2018-02-22 00:00:00-05:00,40923900.0,0.02486540252862504,45.14249596663125,0.7273115634918212,-0.0014207964879576762,0.004996029676971547,-0.424807903402854,-0.424807903402854,0.05605607172429794,-0.017791091173808726,1.9856061893351051,1.9841847602510467,11.55980905086908,29.087033853293157
2018-02-23 00:00:00-05:00,40923900.0,0.025471200061672358,52.35053830442759,0.7298979759216309,0.0035561271945028228,-0.0007102497089781501,1.0,1.0,0.024363069624548483,0.15967310144136526,1.984895687279309,1.9877345793756802,12.915831091895315,30.443055894319393
2018-02-26 00:00:00-05:00,40923900.0,0.019089417064761333,62.199618720141814,0.7278288841247559,-0.0028347685089308294,0.004264520679795547,-0.5660191787558397,-0.5660191787558397,-0.25054897222977635,0.1881371373574059,1.9891511406601063,1.9848957853010019,12.081076155355488,29.608300957779566
2018-02-27 00:00:00-05:00,40923900.0,0.021887788100368958,49.99967891952568,0.7267941951751709,-0.0014216101780972767,-0.0007079116908299543,-0.2668555240793201,-0.2668555240793201,0.14659279673727488,-0.1961417135932617,1.9884429782814785,1.9834731636764533,11.770663661048937,29.297888463473015
2018-02-28 00:00:00-05:00,40923900.0,0.02099657202985087,51.41918254029053,0.7262770652770996,-0.0007115217781102912,-0.0014161573782555115,1.0,1.0,-0.04071750267461083,0.02839025472642609,1.9870258172046544,1.982761388646586,12.712588997708066,30.239813800132143
2018-03-01 00:00:00-05:00,40923900.0,0.02153570490804529,63.04273052367064,0.7288635730743408,0.003561323799002647,-0.003546056480322135,-0.28954504368785783,-0.28954504368785783,0.025677185658112833,0.22605470194459532,1.9834734585630942,1.9863163859480097,12.370739267085408,29.897964069509484
2018-03-02 00:00:00-05:00,40923900.0,0.024576159978635163,52.73799462109776,0.7236905097961426,-0.007097436981763683,-0.004270670853269709,0.02586938083121293,0.02586938083121293,0.1411820548049032,-0.16345637025832438,1.979193642347881,1.9791936423478809,12.39627969659812,29.923504499022197
2018-03-05 00:00:00-05:00,40923900.0,0.0335235355113674,41.67695474832764,0.7231735229492188,-0.0007143756065965956,-0.002143933373827678,-0.4365440264572137,-0.4365440264572137,0.36406727253201776,-0.20973569344529397,1.977047407458779,1.9784790114534425,11.822613617684624,29.3498384201087
2018-03-06 00:00:00-05:00,40923900.0,0.0342753127045291,49.14169361001245,0.7252425193786621,0.00286099582435706,0.004297723799445929,0.7043286867204694,0.7043286867204694,0.02242535525248468,0.17910950804255554,1.9813359224185683,1.9813359224185683,12.3557849187585,29.883009721182578
2018-03-07 00:00:00-05:00,40923900.0,0.029672482006810726,46.55148574489084,0.7247251033782959,-0.0007134385899071338,-1.5563706057264426e-07,-0.34136891950064574,-0.34136891950064574,-0.13428996950070593,-0.05270896615158305,1.9813357667814957,1.98062222921024,11.938193200374572,29.46541800279865
2018-03-08 00:00:00-05:00,40923900.0,0.0228844695677598,44.067868107145365,0.7236905097961426,-0.0014275669178983597,1.7506589067295408e-08,0.04313725490196085,0.04313725490196085,-0.2287645650098591,-0.05335205951011046,1.9813357842880845,1.9791936423478809,11.980425963997845,29.50765076642192
2018-03-09 00:00:00-05:00,40923900.0,0.01476102215354925,52.85769027675541,0.7309331893920898,0.010007979236852815,7.985782080055515e-07,-0.12030075187969924,-0.12030075187969924,-0.35497643457093975,0.1994610256216327,1.9813365828659737,1.98915187340435,11.852250770573848,29.379475572997926
2018-03-12 00:00:00-04:00,40923900.0,0.02041216095116157,56.06042831086196,0.7278288841247559,-0.00424704379604901,0.004992108999735345,0.2834757834757835,0.2834757834757835,0.38284196980583185,0.060591713662429436,1.9863162726046308,1.9848957853010019,12.101822624156375,29.629047426580453
2018-03-13 00:00:00-04:00,40923900.0,0.02254737612771358,45.16124236382747,0.7252425193786621,-0.003553534082676557,-0.0007096671990088899,-0.1687014428412874,-0.1687014428412874,0.10460505292216538,-0.19441852792485215,1.9856063534726558,1.9813359224185683,11.917056350065256,29.444281152489335
2018-03-14 00:00:00-04:00,40923900.0,0.01608277541792643,47.541045537313096,0.7257596969604492,0.0007131098466623964,-0.0035512546759005614,-0.3110814419225634,-0.3110814419225634,-0.28671188492932165,0.0526956976584807,1.9820487781232174,1.9820487781232174,11.544424132029599,29.071648934453677
2018-03-15 00:00:00-04:00,40923900.0,0.01592842549086814,38.87694370533621,0.7227936744689941,0.007349509115598618,-0.0005018371482935491,0.9496124031007751,0.9496124031007751,-0.00959721957481574,-0.18224466319691635,1.9815468150125188,1.9893714112001537,12.212054717207721,29.739279519631797
2018-03-16 00:00:00-04:00,40923900.0,0.020630780605829496,48.71818226404255,0.7269565105438233,-0.005658869813332523,-0.003586908211406281,-0.418986083499006,-0.418986083499006,0.2952178241130765,0.25313817447423315,1.9779534584214054,1.9836964693212082,11.66907414746016,29.196298949884238
2018-03-19 00:00:00-04:00,40923900.0,0.020885586668268452,44.61672122858643,0.7227936744689941,-0.0057263894255723535,0.0028799301137314437,0.5782720273738238,0.5782720273738238,0.012350771757368983,-0.08418748083060734,1.980829249481293,1.9779536212652826,12.125404742462718,29.652629544886796
2018-03-20 00:00:00-04:00,40923900.0,0.02160647511897598,47.48373229213346,0.724354600906372,0.002159574014707122,-0.000718124754354732,0.3387533875338753,0.3387533875338753,0.034516073795656244,0.06425866770573241,1.980110866751844,1.980110866751844,12.417143615610113,29.94436841803419
2018-03-21 00:00:00-04:00,40923900.0,0.017096222650435425,42.430226537722035,0.7233142375946044,-0.0014362624472403773,5.528337208016154e-07,-0.17246963562753037,-0.17246963562753037,-0.20874540820309018,-0.10642604341463335,1.980111419585412,1.978673571891032,12.227834137311687,29.755058939735765
2018-03-22 00:00:00-04:00,40923900.0,0.017472710278406564,44.2788507878671,0.7196714878082275,-0.005036192566167386,-0.005028956842875076,-0.4021526418786693,-0.4021526418786693,0.022021684887307602,0.043568568942274455,1.9750697749837376,1.9736246549675627,11.713414325719633,29.24063912814371
2018-03-23 00:00:00-04:00,40923900.0,0.022018918516316117,46.54771586640841,0.7207121849060059,0.001446072430836054,-0.0014441683411863249,0.11865793780687395,0.11865793780687395,0.26018907001096037,0.051240378604473724,1.9736245628263671,1.9750696828425423,11.825544022712041,29.352768825136117
2018-03-26 00:00:00-04:00,40923900.0,0.019798848634825027,50.19989581489946,0.7253954887390137,0.006498161028897442,0.003615366839437195,1.0,1.0,-0.10082556415502464,0.07846099170521659,1.9772334099365294,1.9815468218435972,12.568630252627061,30.09585505505114
2018-03-27 00:00:00-04:00,40923900.0,0.02075286657269037,42.16793560699245,0.717590045928955,-0.010760258274596035,0.0028819596194658015,0.13152400835073075,0.13152400835073075,0.048185526111214294,-0.15999953939193445,1.9801112246720536,1.9707282533238255,12.692195656655793,30.21942045907987
2018-03-28 00:00:00-04:00,40923900.0,0.02546753629630449,48.00987397941942,0.7217529773712158,0.005801266985067555,-0.008620713708509364,-0.5538130381303813,-0.5538130381303813,0.22718161402427017,0.13853982388121078,1.9714531376664421,1.976512757757689,11.885178438872279,29.412403241296357
2018-03-29 00:00:00-04:00,40923900.0,0.023354968916027195,39.67966231912389,0.7222731590270997,0.0007207197922181052,0.00579681718508307,0.09510682288077188,0.09510682288077188,-0.08295138389903234,-0.17351038379868422,1.9772332179561198,1.9772332179561198,11.976030352524807,29.503255154948885
2018-04-02 00:00:00-04:00,40923900.0,0.02053412530933227,40.671389247101395,0.7201919078826904,-0.0028815291256463205,3.1338578332373856e-07,0.5248584015103839,0.5248584015103839,-0.12078130426280043,0.024993330840407113,1.977233531341854,1.974347529232833,12.397931906804617,29.925156709228695
2018-04-03 00:00:00-04:00,40923900.0,0.0209075617032952,44.90951705302102,0.7212325096130371,0.0014448950605485678,-0.0028819967321853657,-0.07470078415187786,-0.07470078415187786,0.018186135924339375,0.10420415639531355,1.9743473736606025,1.975791381436938,12.320293789620196,29.847518592044274
2018-04-04 00:00:00-04:00,40923900.0,0.020907736192160683,50.1791149357332,0.7259157180786133,0.006493340778674694,-0.0007227354990678725,0.599464763603925,0.599464763603925,8.345730026171339e-06,0.11733811068355049,1.9736243768623263,1.982263731296838,12.78996284015317,30.317187642577245
2018-04-05 00:00:00-04:00,40923900.0,0.027276071800727317,52.49975372448757,0.7248748779296875,-0.0014338305715169142,0.008676605250861558,-0.5574456218627998,-0.5574456218627998,0.3045923073658463,0.04624710483089456,1.9822635567017208,1.9808288718066194,11.9747709065145,29.501995708938576
2018-04-06 00:00:00-04:00,40923900.0,0.02544140459342594,44.73678816327466,0.7227936744689941,-0.0028711209673005778,-0.004300660993572292,-0.25015752993068685,-0.25015752993068685,-0.06726288230596511,-0.14786670432688165,1.9779536212652828,1.9779536212652826,11.686878772093667,29.214103574517743
2018-04-09 00:00:00-04:00,40923900.0,0.02068992947054782,54.053997156740856,0.7259157180786133,0.004319411915043148,0.0007196869801993078,0.07983193277310918,0.07983193277310918,-0.18676150939032288,0.20826727568061942,1.978673049394994,1.982263731296838,11.763684183317412,29.29090898574149
2018-04-10 00:00:00-04:00,40923900.0,0.0246699629160197,52.77813838764117,0.7264362812042237,0.0007171123487836883,0.0035973868960630373,0.1595330739299612,0.1595330739299612,0.1923657328623316,-0.023603412073302632,1.9822639811712273,1.9829805866434203,11.911701584927597,29.438926387351675
2018-04-11 00:00:00-04:00,40923900.0,0.02694393491495801,55.555626262382006,0.7274771690368652,0.0014328687313305277,2.391598559192687e-07,-0.23221476510067118,-0.23221476510067118,0.09217573640784371,0.05262572647676467,1.9822642203310548,1.9844124297979113,11.647456357927835,29.174681160351913
2018-04-12 00:00:00-04:00,40923900.0,0.026911578621524584,57.36570621283306,0.7250165939331055,0.00802695279629373,0.002366484688766546,0.25874125874125875,0.25874125874125875,-0.0012008748364168431,0.032581397641028964,1.9846279093047394,1.9924073379748226,11.877568578558138,29.404793380982216
2018-04-13 00:00:00-04:00,40923900.0,0.01701248216014464,55.28580475285804,0.7244932651519775,-0.012032086624147564,-0.0021580326626918778,0.30138888888888893,0.30138888888888893,-0.3678378218014453,-0.036256878844275975,1.9824675447340678,1.9803022798729553,12.14100064878646,29.668225451210535
2018-04-16 00:00:00-04:00,40923900.0,0.016865997720337325,53.97420063126115,0.7281573295593262,0.0050574167954204885,-0.0014422875338554464,-0.575240128068303,-0.575240128068303,-0.008610409605629754,-0.023724066737566774,1.9810242161023852,1.9853469508917947,11.284769371832475,28.81199417425655
2018-04-17 00:00:00-04:00,40923900.0,0.02016880606877594,72.78427841833128,0.7312982559204102,0.004313527082100199,0.00649819034509691,1.0,1.0,0.19582644342801192,0.34850127592580926,1.9875013842303677,1.9896512013829348,12.429616116865711,29.95684091928979
2018-04-18 00:00:00-04:00,40923900.0,0.023286316744832097,65.75748680878755,0.7302514553070069,-0.0014314277450119262,0.0021523747649829783,-0.08276689324270292,-0.08276689324270292,0.15457090843282417,-0.09654271172624529,1.989651445955211,1.9882187481665192,12.343222483677406,29.870447286101484
2018-04-19 00:00:00-04:00,40923900.0,0.022468585406561263,56.18651217378565,0.7260635375976562,-0.005734898135314248,-0.005726687838971123,-0.10810810810810811,-0.10810810810810811,-0.03511638818759566,-0.14554958073189128,1.9839082977671683,1.9824673423594281,12.228812132499662,29.756036934923742
2018-04-20 00:00:00-04:00,40923900.0,0.024712302941174255,53.42568952630449,0.7223992347717285,-0.005046807388306318,-0.003599691230427915,-0.0620723362658846,-0.0620723362658846,0.09986020454842626,-0.04913675080848412,1.9803021120581674,1.977407756828033,12.16472968199579,29.69195448441987
2018-04-23 00:00:00-04:00,40923900.0,0.029678289610671246,51.0146675912569,0.721875810623169,-0.0007245635423810404,-0.0021675201565050095,0.043772798332464724,0.043772798332464724,0.2009519987399857,-0.045128513200760945,1.9781322394298797,1.976682930662623,12.20757152165391,29.734796324077987
2018-04-24 00:00:00-04:00,40923900.0,0.03485443144534921,41.71524739378179,0.7213524341583252,-0.0007250228600843567,-0.001448102238733373,0.35696455317024456,0.35696455317024456,0.17440836054166708,-0.18228914617232328,1.9766830876777755,1.9759576448463576,12.51282178069918,30.040046583123257
2018-04-25 00:00:00-04:00,40923900.0,0.039173005321971946,44.450855730189566,0.721875810623169,0.00072554889962273,-0.000725336662660947,-0.4061810154525386,-0.4061810154525386,0.12390315083446835,0.06557814006433427,1.9759574878312052,1.976682930662623,11.991641034817986,29.518865837242064
2018-04-26 00:00:00-04:00,40923900.0,0.03576028182484896,53.95785577233288,0.7250165939331055,0.004350863768693314,0.0014512668352266722,0.5254027261462206,0.5254027261462206,-0.0871192666754319,0.2138766484013146,1.9774077025964847,1.9810243567882466,12.41389949273249,29.941124295156566
2018-04-27 00:00:00-04:00,40923900.0,0.02043426449590983,47.20908779617949,0.7244932651519775,-0.0007218162804921713,0.0036234250279660873,-0.37043054427294886,-0.37043054427294886,-0.4285765253194802,-0.12507479920308195,1.9810245788345828,1.9803022798729553,11.951180395901384,29.47840519832546
2018-04-30 00:00:00-04:00,40923900.0,0.017622546735304622,43.378943736386965,0.7229226589202881,-0.002167868643140558,0.0014437486390088683,0.27032258064516124,0.27032258064516124,-0.13759818765035603,-0.08113149900986838,1.982467286270562,1.9781320580009787,12.190451264627217,29.717676067051293
2018-05-01 00:00:00-04:00,40923900.0,0.017622586718166133,46.554540596931375,0.7255401134490966,0.0036206563683007786,-0.0021627762971424547,-0.2529202640934485,-0.2529202640934485,2.2688469556442215e-06,0.07320595171340383,1.9803021677950825,1.9817461755714179,11.89886790658953,29.426092709013606
2018-05-02 00:00:00-04:00,40923900.0,0.017548423694683506,49.01985650163342,0.7244932651519775,-0.0014428537826014498,-0.0007224478854436223,0.7070020394289598,0.7070020394289598,-0.0042084073506744035,0.05295543405844594,1.9795794588184077,1.9803022798729553,12.433606545145677,29.960831347569755
2018-05-03 00:00:00-04:00,40923900.0,0.016394927411091418,48.07588550607855,0.7234457492828369,-0.0014458600507775143,0.0014454222757056545,0.01712465153325371,0.01712465153325371,-0.06573218789682811,-0.01925691062607282,1.9810238374768598,1.9788553735579117,12.450586222580576,29.97781102500465
2018-05-04 00:00:00-04:00,40923900.0,0.01380248381094829,39.130555319026755,0.7229226589202881,-0.0007230540272955555,-0.003609640824259852,-0.10767423649177765,-0.10767423649177765,-0.15812473792285897,-0.18606688348820488,1.977407666179315,1.9781320580009787,12.336662215233776,29.863887017657852
2018-05-07 00:00:00-04:00,40923900.0,0.013802256785458758,28.571397587800632,0.721875810623169,-0.0014480778603379596,1.8142891766714797e-07,-0.060114085125054895,-0.060114085125054895,-1.6448161986093446e-05,-0.26984431079851967,1.9774078476082162,1.976682930662623,12.274665436995786,29.801890239419862
2018-05-08 00:00:00-04:00,40923900.0,0.015662882961767797,34.88212963198346,0.7234457492828369,0.00217480435909434,-0.00072531809827725,-0.13398692810457513,-0.13398692810457513,0.13480593827737541,0.22087586107014157,1.9766822663395047,1.9788553735579117,12.130810161029627,29.658034963453705
2018-05-09 00:00:00-04:00,40923900.0,0.01187148325966259,44.44495050707496,0.723969841003418,0.0007244381781226217,0.002176303934212198,-0.28787061994609164,-0.28787061994609164,-0.24206269761191457,0.27414670422884213,1.9788562055545866,1.9795795494573596,11.791314490510416,29.318539292934496
2018-05-10 00:00:00-04:00,40923900.0,0.013168801348001599,58.4854725916615,0.7251811027526854,0.013137649126495399,0.0023978993912854296,0.23542770628311893,0.23542770628311893,0.10928020197333632,0.3159081498437377,1.9812512345727882,1.9926316481447137,12.002731721512143,29.52995652393622
2018-05-11 00:00:00-04:00,40923900.0,0.014648036390654498,63.99856797734999,0.7267608165740966,-0.009162180393425534,-2.577461436503725e-07,-0.2322303921568627,-0.2322303921568627,0.11232875366271489,0.09426435559784663,1.9812509768266113,1.9834272368270252,11.73846614088416,29.265690943308236
2018-05-14 00:00:00-04:00,40923900.0,0.01838311680092862,57.0951752856819,0.7241277694702148,-0.003622989907867913,0.002178843278224152,0.18276137270550685,0.18276137270550685,0.2549884715371895,-0.10786792439029735,1.983427449868112,1.9797976679961664,11.906317991844123,29.433542794268202
2018-05-15 00:00:00-04:00,40923900.0,0.018189652566682563,50.343510072987435,0.7220210552215576,-0.0029093128829992265,-0.005797319937870138,0.14777327935222662,0.14777327935222662,-0.010524017028292199,-0.11825281521445152,1.977613260240087,1.9768841148362497,12.044141778383953,29.571366580808032
2018-05-16 00:00:00-04:00,40923900.0,0.018761483931984596,46.38506684850108,0.723600959777832,0.0021881696452599186,-0.0007288743365659878,0.057613168724279795,0.057613168724279795,0.03143717908881016,-0.07862866968845528,1.9768841201454779,1.9790698939249718,12.100156419938624,29.6273812223627
2018-05-17 00:00:00-04:00,40923900.0,0.01712448526610721,47.65885576309567,0.723600959777832,0.0,0.0014587530294463136,-0.4174541411895497,-0.4174541411895497,-0.08725315501758513,0.02746118527229746,1.978341810228316,1.9790698939249718,11.55980905086908,29.087033853293157
2018-05-18 00:00:00-04:00,40923900.0,0.017046426613634407,55.92252191419369,0.7251811027526854,0.00218372150216406,0.0021853118202634914,0.12786259541984735,0.12786259541984735,-0.004558306498549047,0.17339203845294437,1.980524737727728,1.9812512345727882,11.680133383954136,29.20735818637821
2018-05-21 00:00:00-04:00,40923900.0,0.018459965802708086,48.9087235442639,0.7251811027526854,0.0,0.002180213115710705,0.3028764805414552,0.3028764805414552,0.08292290349832454,-0.12541992259740375,1.9827025776276086,1.9812512345727882,11.944707881395766,29.471932683819844
2018-05-22 00:00:00-04:00,40923900.0,0.018098753028605453,48.88944911460189,0.7241277694702148,-0.0014525106604023064,-0.00290069446400687,-0.14415584415584415,-0.14415584415584415,-0.019567358789453593,-0.0003940898119038083,1.9797976679961664,1.9797976679961664,11.789040901050544,29.31626570347462
2018-05-23 00:00:00-04:00,40923900.0,0.014896456416709052,50.487014444354685,0.723600959777832,-0.00072750930787846,-0.0021820183760653533,-0.1532625189681336,-0.1532625189681336,-0.1769346543839294,0.032677098201862265,1.9776132655493153,1.9790698939249718,11.622676328929348,29.149901131353424
2018-05-24 00:00:00-04:00,40923900.0,0.014215779977670488,57.94797255180569,0.7257073402404786,0.002910969691490184,0.0021863338542658095,-0.34946236559139787,-0.34946236559139787,-0.04569384959734879,0.14777974474355693,1.9797972128536172,1.9819766349485513,11.192720200812888,28.719945003236965
2018-05-25 00:00:00-04:00,40923900.0,0.011776713456502188,59.72283393881566,0.7251811027526854,-0.0007251373365173563,4.998477642903509e-07,1.0,1.0,-0.17157458296340244,0.030628532955544463,1.9797977127012565,1.9812512345727882,12.556729517143344,30.08395431956742
2018-05-29 00:00:00-04:00,40923900.0,0.011319116894764381,53.787804068896925,0.7246543884277343,-0.0007263210844183909,0.0014544904799402847,-0.26267605633802815,-0.26267605633802815,-0.03885604956153177,-0.09937622645300126,1.9812511464344797,1.9805246495894195,12.252001577418573,29.77922637984265
2018-05-30 00:00:00-04:00,40923900.0,0.012324672423730343,53.79539926249522,0.7251811027526854,0.0007268490101797198,0.0007262519550463864,-0.4465138490926457,-0.4465138490926457,0.08883692414476951,0.00014120661234962029,1.9819771347961908,1.9812512345727882,11.660483029327843,29.187707831751922
2018-05-31 00:00:00-04:00,40923900.0,0.011260645512193178,50.0,0.7251811027526854,0.0,0.0,0.172562553925798,0.172562553925798,-0.08633307847504745,-0.07055248802923708,1.9819771347961908,1.9812512345727882,11.819674600139235,29.346899402563313
2018-06-01 00:00:00-04:00,40923900.0,0.011377209468274195,54.83833279785034,0.7283405780792236,0.004356808684817137,-0.0007260854009724094,0.02207505518763786,0.02207505518763786,0.010351445301674644,0.09676665595700684,1.9812507856675468,1.9855985798435472,11.841509528742435,29.36873433116651
2018-06-04 00:00:00-04:00,40923900.0,0.014214996296283767,60.713950788553895,0.7272874355316162,-0.0014459479250555907,0.004357408228362392,0.14182865370770337,0.14182865370770337,0.24942731659488682,0.10714435853407056,1.9855987278809073,1.984151585526984,11.974140588182884,29.501365390606964
2018-06-05 00:00:00-04:00,40923900.0,0.013499446967125657,65.38417337340564,0.726233959197998,-0.0014485006644561205,-0.0021694195644922365,-0.19104665825977296,-0.19104665825977296,-0.050337637396724255,0.07692173749516895,1.9834269517168726,1.9827020347712792,11.762126550603728,29.289351353027804
2018-06-06 00:00:00-04:00,40923900.0,0.01137636402919709,68.96632468919202,0.7293943405151367,0.004351739927762166,7.273516864358953e-07,0.7942322681215901,0.7942322681215901,-0.15727184551328477,0.05478621401740291,1.9834276790682943,1.9870443332600563,12.34670377526992,29.873928577693995
2018-06-07 00:00:00-04:00,40923900.0,0.013934013523833349,72.72787135327663,0.7315008640289307,0.002888044774663534,0.0028985088858000108,-0.14509122502172023,-0.14509122502172023,0.224821347846476,0.054541788054338625,1.9863219953767417,1.9899282156455946,12.18994326360029,29.717168066024367
2018-06-08 00:00:00-04:00,40923900.0,0.020135811201612005,65.6235587710193,0.7304471492767334,-0.001440483263948078,0.00288960263593685,-0.39583333333333337,-0.39583333333333337,0.4450833686339424,-0.09768349396269316,1.98920743113613,1.9884866938882215,11.686038082678873,29.21326288510295
2018-06-11 00:00:00-04:00,40923900.0,0.02013577247522372,59.99886176674526,0.7288672447204589,-0.002162927951514071,-0.0014409607478022002,-0.015979814970563444,-0.015979814970563444,-1.923259405622879e-06,-0.08571155099802397,1.987765431205989,1.9863214234296536,11.669929213779893,29.19715401620397
2018-06-12 00:00:00-04:00,40923900.0,0.01571465694530442,58.3327674450774,0.7272874355316162,-0.002167485506155087,-0.0007213230302787199,0.23076923076923084,0.23076923076923084,-0.21956523075334267,-0.027768765483336177,1.9870438478970822,1.984151585526984,11.877568578558138,29.404793380982216
2018-06-13 00:00:00-04:00,40923900.0,0.01604747220578473,55.26264373567409,0.7257073402404786,-0.002172587087226008,-0.0021663130483065007,0.2090277777777778,0.2090277777777778,0.021178652619569638,-0.052631202733420035,1.9848751849983763,1.9819766349485513,12.06738512575628,29.594609928180358
2018-06-14 00:00:00-04:00,40923900.0,0.01486025984341404,51.85270661845784,0.7263963699340821,0.012386576785381243,-0.0004917300276172654,-0.1154508902929351,-0.1154508902929351,-0.07398126927072834,-0.06170419811122807,1.9843833340319013,1.9942871257440533,11.944707881395766,29.471932683819844
2018-06-15 00:00:00-04:00,40923900.0,0.01706723653145039,57.133917093167355,0.727985954284668,-0.009133590315705709,-0.0021848265830517466,1.0,1.0,0.1485153497510654,0.10185023731875131,1.9821961172331446,1.985111568457455,12.693117740630761,30.220342543054837
2018-06-18 00:00:00-04:00,40923900.0,0.01717319352698323,52.852110305831665,0.7258666038513184,-0.0029112518186317216,0.002919658618981691,-0.5741935483870968,-0.5741935483870968,0.006208210411661641,-0.0749433437296696,1.9851115219268956,1.9821960707025854,11.83934736573794,29.366572168162016
2018-06-19 00:00:00-04:00,40923900.0,0.016782371216346622,55.09739184323297,0.7274559497833252,0.0021895840414396517,-0.0036392006188966652,-0.07792207792207795,-0.07792207792207795,-0.02275769559240881,0.042482344118500714,1.9814656833078568,1.9843832610983099,11.758221820925572,29.28544662334965
2018-06-20 00:00:00-04:00,40923900.0,0.013811434702194264,55.09739184323297,0.7274559497833252,0.0,0.003652314993969119,-0.20266040688575904,-0.20266040688575904,-0.17702721956588363,0.0,1.9851113447949658,1.9843832610983099,11.531747219210816,29.058972021634894
2018-06-21 00:00:00-04:00,40923900.0,0.0107684326637887,49.0992245846162,0.727985954284668,0.0007285726393475578,-0.0007275952083080073,0.57801766437684,0.57801766437684,-0.2203248325767425,-0.10886481297850148,1.984383484760799,1.985111568457455,11.987916635727004,29.51514143815108
2018-06-22 00:00:00-04:00,40923900.0,0.01179088866316965,53.20517127676783,0.7285157203674316,0.0007277147033477593,0.0014565935474180058,-0.5006218905472637,-0.5006218905472637,0.09494937947833293,0.08362548954465776,1.9858390185048462,1.9858390185048462,11.293524899934853,28.82074970235893
2018-06-25 00:00:00-04:00,40923900.0,0.01179090273788595,45.62141377154404,0.7242770671844483,-0.005818204143687722,-0.002181826737651771,1.0,1.0,1.193694275425372e-06,-0.14253797747917885,1.9836548081154635,1.980003822671964,12.004568269319446,29.53179307174352
2018-06-26 00:00:00-04:00,40923900.0,0.012875145249917782,45.66639873267935,0.7274559497833252,0.004389042181377478,-0.002186730421416927,-0.2691131498470948,-0.2691131498470948,0.09195585241730453,0.000986049256618271,1.9814656833078568,1.9843832610983099,11.691071650353702,29.21829645277778
2018-06-27 00:00:00-04:00,40923900.0,0.012399043183626404,34.58891985920937,0.7242770671844483,-0.004369862669793001,0.0029219300268319426,-0.24100418410041846,-0.24100418410041846,-0.036978384091971184,-0.24257395329802567,1.9843833527944639,1.980003822671964,11.415312636103227,28.942537438527307
2018-06-28 00:00:00-04:00,40923900.0,0.015119447951555955,39.09997721873272,0.7253365993499756,0.0014628823878770625,-0.004370092272403814,0.16097023153252477,0.16097023153252477,0.2194044111018172,0.1304191451448944,1.980003683757745,1.981465636089792,11.564568698122066,29.091793500546146
2018-06-29 00:00:00-04:00,40923900.0,0.015119795415317923,39.08383909237839,0.7237470149993895,-0.0021915126742680924,0.0014628694075771165,0.4719848053181386,0.4719848053181386,2.2981246609043993e-05,-0.00041274004493785377,1.9814654842142339,1.9792717185374333,11.951180395901384,29.47840519832546
2018-07-02 00:00:00-04:00,40923900.0,0.015555017931529781,44.592211853552286,0.7248071193695068,0.0014647443763455836,-0.0007298265390840442,-0.3541935483870968,-0.3541935483870968,0.028784947431956143,0.1409373513219705,1.9807353912221102,1.9807353912221102,11.513924965303312,29.04114976772739
2018-07-03 00:00:00-04:00,40923900.0,0.013483498680469027,43.56720453589739,0.7226874828338623,-0.0029244146187310527,-0.0014624632444415475,1.0,1.0,-0.1331736973997193,-0.022986240759287235,1.979271857534515,1.9778066921478932,12.290873247222638,29.818098049646718
2018-07-05 00:00:00-04:00,40923900.0,0.012875040959167045,44.44413334639929,0.7237470149993895,0.0014661000649582867,-1.3899707185238697e-07,-0.7326596233348646,-0.7326596233348646,-0.04512610085269175,0.020128186323713937,1.9792717185374333,1.9792717185374333,10.97164063371953,28.498865436143607
2018-07-06 00:00:00-04:00,40923900.0,0.01348354952794485,46.80840063877945,0.7263963699340821,0.003660609135216486,2.7202725161323826e-07,0.6512027491408934,0.6512027491408934,0.047262651102057074,0.053196386437619925,1.9792719905646479,1.9829256439490632,11.473144594958384,29.00036939738246
2018-07-09 00:00:00-04:00,40923900.0,0.008575339565704807,47.82647824717441,0.7248071193695068,-0.0021878558736732057,0.002928564959147506,1.0,1.0,-0.3640146796707875,0.021749890927730275,1.9821962756313614,1.9807353912221102,12.235631447771718,29.762856250195796
2018-07-10 00:00:00-04:00,40923900.0,0.008575339565704807,45.45450826546019,0.7253365993499756,0.0007305115613782664,-0.0021901898998909486,-0.43446601941747576,-0.43446601941747576,0.0,-0.049595330215524536,1.980003683757745,1.981465636089792,11.665646551987892,29.19287135441197
2018-07-11 00:00:00-04:00,40923900.0,0.00857602164391966,44.44506665920013,0.7248071193695068,-0.0007299783037878482,0.001463451412227812,0.06266094420600865,0.06266094420600865,7.953949923811265e-05,-0.022207733507197847,1.9814660653685627,1.9807353912221102,11.726422639232633,29.25364744165671
2018-07-12 00:00:00-04:00,40923900.0,0.01036342830432559,52.24531827801323,0.7292315006256103,0.01755554121373981,0.0009598075350865098,0.3109854604200324,0.3109854604200324,0.20841909391322355,0.175503204407917,1.9824254125829195,1.9981386140264135,11.997201753502683,29.52442655592676
2018-07-13 00:00:00-04:00,40923900.0,0.012796478378848666,47.58560611354989,0.7270989894866944,-0.014145173636741726,0.0014681079149923004,1.0,1.0,0.23477270291989627,-0.08918908560701244,1.9838924438810845,1.9838924438810845,12.800779753276867,30.328004555700943
2018-07-16 00:00:00-04:00,40923900.0,0.012027733136783101,51.265848273302055,0.7249665260314941,-0.0029328378749441386,-0.0007334446558930896,-0.3277241379310345,-0.3277241379310345,-0.06007475020129183,0.0773393986192017,1.9831587301230706,1.9809552968096278,12.403693239613297,29.930918042037376
2018-07-17 00:00:00-04:00,40923900.0,0.009088278653256014,46.02200001551483,0.7254997730255127,0.0007355470561345445,-0.0014670794247452212,-0.11079195732457936,-0.11079195732457936,-0.24438973247067441,-0.1022873596050119,1.9816905734836043,1.9816905734836041,12.28626918752445,29.813493989948526
2018-07-18 00:00:00-04:00,40923900.0,0.010323803587981063,59.8535743413689,0.7292315006256103,0.005143664738219478,0.002204651043085981,-0.2021227503461006,-0.2021227503461006,0.13594707885441037,0.3005426604926167,1.9838927978495757,1.9868210547665455,12.060468671671382,29.58769347409546
2018-07-19 00:00:00-04:00,40923900.0,0.011566523903938353,56.828854379765716,0.7286983013153077,-0.000731179755461997,0.0021992244736162014,0.06188548293811458,0.06188548293811458,0.1203742695574006,-0.050535327169468514,1.9860896075687924,1.9860896075687924,12.120514757168527,29.647739559592605
2018-07-20 00:00:00-04:00,40923900.0,0.011278090238723363,54.44876715990193,0.7260327816009522,-0.0036579194840226092,-0.000731807476087809,1.0,1.0,-0.024936935903169588,-0.041881668139191586,1.985357532190904,1.982424981537626,13.094992180608196,30.622216983032274
2018-07-23 00:00:00-04:00,40923900.0,0.01066168170319661,53.49485034252096,0.726565933227539,0.0007343354736837338,-0.0021960697745671,-0.74224049331963,-0.74224049331963,-0.05465540020333526,-0.017519530140683637,1.9831590475189396,1.9831590475189396,11.739263907180957,29.266488709605035
2018-07-24 00:00:00-04:00,40923900.0,0.010850364770651585,58.41557113975508,0.726565933227539,0.0,0.0014673150345880792,0.8229665071770336,0.8229665071770336,0.017697308239694065,0.09198494370443777,1.9846252870987144,1.9831590475189396,12.339729030342847,29.866953832766924
2018-07-25 00:00:00-04:00,40923900.0,0.011515379020283394,58.42778679961551,0.7276322364807128,0.0014675932415892934,-0.00219750550783282,-0.21259842519685035,-0.21259842519685035,0.061289575391102025,0.00020911650133847992,1.9824253635325393,1.984625564898058,12.100712129872347,29.627936932296425
2018-07-26 00:00:00-04:00,40923900.0,0.009158751132318853,54.224003025036346,0.72816481590271,0.0007319348914129886,0.0022019399523771632,0.11499999999999999,0.11499999999999999,-0.2046504838280645,-0.07194836574927099,1.9846248827680038,1.9853572320557629,12.209566534784429,29.73679133720851
2018-07-27 00:00:00-04:00,40923900.0,0.0102073666627799,57.1066324731375,0.7276322364807128,-0.0007313995545593643,0.0014659181717180392,-0.48430493273542596,-0.48430493273542596,0.11449328792882629,0.05316150205233261,1.9860897275305704,1.984625564898058,11.547326891687561,29.074551694111637
2018-07-30 00:00:00-04:00,40923900.0,0.00915909334707662,50.37983394752032,0.7254997730255127,-0.0029306885378170833,-0.002194855672945639,1.0,1.0,-0.10269772315769743,-0.11779364732776731,1.9838924596316072,1.9816905734836041,12.500606192931057,30.027830995355135
2018-07-31 00:00:00-04:00,40923900.0,0.012200049986913673,53.99434716221052,0.726565933227539,0.0014695527712988987,-0.002932537114229583,-0.3493482309124767,-0.3493482309124767,0.33201502862809673,0.07174523874880911,1.9809556142054967,1.9831590475189396,12.070825496122147,29.598050298546227
2018-08-01 00:00:00-04:00,40923900.0,0.012310375722191211,41.17597537554929,0.7260327816009522,-0.0007337966207946467,0.0036763098079952705,-0.11734401831711505,-0.11734401831711505,0.009043056003531058,-0.23740210707895237,1.984625182903145,1.982424981537626,11.946005740111366,29.473230542535443
2018-08-02 00:00:00-04:00,40923900.0,0.01263585450207054,48.387189852525744,0.726565933227539,0.0007343354736837338,-0.002197678730096797,-0.2931258106355382,-0.2931258106355382,0.02643938635378995,0.17513160067748013,1.9824250857331955,1.9831590475189396,11.59910316121128,29.126327963635358
2018-08-03 00:00:00-04:00,40923900.0,0.012310674958421364,64.70605258588499,0.7302973747253418,0.005135723169990891,0.002202639134944784,1.0,1.0,-0.025734669831461887,0.3372558477377132,1.9846253026148089,1.988281627842167,12.404923504275338,29.932148306699418
2018-08-06 00:00:00-04:00,40923900.0,0.01733207887919952,63.63619114222919,0.7302973747253418,0.0,0.0036630177386223206,-0.5733606557377049,-0.5733606557377049,0.4078902202956114,-0.016534178811723477,1.988281627842167,1.988281627842167,11.553107254603061,29.08033205702714
2018-08-07 00:00:00-04:00,40923900.0,0.02125918094068804,62.49944092850627,0.7334958553314209,0.004379696157722046,0.0007300467723461157,0.45437079731027863,0.45437079731027863,0.2265799785968834,-0.01786326606478128,1.9890114082599946,1.992651761042404,11.927680619985486,29.454905422409563
2018-08-08 00:00:00-04:00,40923900.0,0.02713098415996601,58.822616332146794,0.7318964004516602,-0.002180591571356638,0.002187853823046648,-0.5059445178335535,-0.5059445178335535,0.27620082051420414,-0.05882971978206064,1.9911968722160174,1.9904687885193615,11.222573163962569,28.749797966386645
2018-08-09 00:00:00-04:00,40923900.0,0.02637261782281323,71.87510482473306,0.7334958553314209,0.002185356942285388,0.000728128757050861,0.17245989304812825,0.17245989304812825,-0.027952039361395897,0.22189574871821915,1.9919247360159325,1.992651761042404,11.381677178360274,28.908901980784353
2018-08-10 00:00:00-04:00,40923900.0,0.02574909777482569,53.657722440270625,0.72816481590271,-0.007267988482773546,-0.00145510080564637,1.0,1.0,-0.023642705937526487,-0.2534588635228483,1.990468575523016,1.9853572320557629,12.186380012184438,29.713604814608516
2018-08-13 00:00:00-04:00,40923900.0,0.022971761395436184,50.0,0.726565933227539,-0.0021957702984986005,-0.006554529267432829,-0.19530851606323307,-0.19530851606323307,-0.10786150270883832,-0.0681676797658014,1.9838924709998518,1.9831590475189396,11.96908368739391,29.496308489817988
2018-08-14 00:00:00-04:00,40923900.0,0.024120990424459695,55.101664530780496,0.7302973747253418,0.005135723169990891,1.5516094853396112e-08,-0.17870722433460073,-0.17870722433460073,0.05002790205072505,0.10203329061560984,1.9838924865159464,1.988281627842167,11.772208062900312,29.299432865324388
2018-08-15 00:00:00-04:00,40923900.0,0.024510502388232182,53.06164919960642,0.7297642707824707,-0.0007299820064006202,0.002932510026589785,0.03780864197530853,0.03780864197530853,0.016148257468628024,-0.03702275327879612,1.9868207051227154,1.987551379269168,11.809319478024031,29.33654428044811
2018-08-16 00:00:00-04:00,40923900.0,0.024942682924586287,57.95566435096548,0.7320706367492675,0.014533961707147602,0.0031582772688227845,-0.17769516728624535,-0.17769516728624535,0.017632463403181697,0.09223262422449086,1.9899740055100459,2.0019807352933676,11.613675368070371,29.140900170494447
2018-08-17 00:00:00-04:00,40923900.0,0.024469397025409543,66.2642099033869,0.7347519874572754,-0.007588968299258703,0.0007327618523143009,-0.259493670886076,-0.259493670886076,-0.018974939488575204,0.14336037116418643,1.9907064990234717,1.9943628242508298,11.313254269841162,28.84047907226524
2018-08-20 00:00:00-04:00,40923900.0,0.02589230816576158,68.6369580023409,0.7379700183868408,0.004379751241914809,0.0021980107267982607,0.6971916971916972,0.6971916971916972,0.05815064175363438,0.03580738535045502,1.9929020976585814,1.998733012295058,11.842229212112828,29.369454014536906
2018-08-21 00:00:00-04:00,40923900.0,0.038804979945616186,68.62957768427614,0.7374335765838623,-0.0007269154431925884,0.005847791856071982,-0.15971223021582737,-0.15971223021582737,0.4987068629489564,-0.00010752688172033231,1.9987328575472008,1.998005832520729,11.668218349376264,29.19544315180034
2018-08-22 00:00:00-04:00,40923900.0,0.03811425445508171,62.498907909068144,0.7347519874572754,-0.003636380565974928,-0.002180285485890332,0.08047945205479445,0.08047945205479445,-0.017799918760491695,-0.08932984847162495,1.9965501917784838,1.9943628242508298,11.745623229089249,29.272848031513327
2018-08-23 00:00:00-04:00,40923900.0,0.03148139944759134,57.67622785134642,0.7347519874572754,0.0,0.0,-0.22028526148969885,-0.22028526148969885,-0.17402557395704277,-0.07716422924922806,1.9965501917784838,1.9943628242508298,11.496796083040344,29.024020885464424
2018-08-24 00:00:00-04:00,40923900.0,0.025317753775588904,63.12857560087275,0.7390426635742188,0.005839625057418196,0.000728562210666972,0.013211382113821113,0.013211382113821113,-0.19578690211225724,0.0945337091666103,1.9972784887165405,2.0001854647879185,11.50992095594993,29.037145758374006
2018-08-27 00:00:00-04:00,40923900.0,0.02658522745517695,60.614740435111074,0.7401153087615967,0.0014513981942398946,0.004366828936068101,0.5526579739217652,0.5526579739217652,0.05006264342495226,-0.03982087575768023,2.001635810721842,2.001635810721842,11.949889240137765,29.47711404256184
2018-08-28 00:00:00-04:00,40923900.0,0.0252369512243971,65.15553370843311,0.741187810897827,0.001449101408299347,0.001449101408299347,-0.2835917312661499,-0.2835917312661499,-0.050715241502186315,0.07491236027287829,2.003083863195915,2.003083863195915,11.616384173338458,29.143608975762536
2018-08-29 00:00:00-04:00,40923900.0,0.023112646817168046,62.09139267717672,0.7406516075134277,-0.0007234379417948578,0.0007237043523424802,-0.05139765554553655,-0.05139765554553655,-0.0841743675113753,-0.04702810117354306,2.00380730580054,2.002360163446617,11.563618579285746,29.090843381709824
2018-08-30 00:00:00-04:00,40923900.0,0.02398515718027324,68.19766721534907,0.7379700183868408,-0.0036205809848840476,-0.0014460982291791824,1.0,1.0,0.0377503437839537,0.09834333351032831,2.0023601609621955,1.998733012295058,12.261034203604147,29.788259006028227
2018-08-31 00:00:00-04:00,40923900.0,0.022267291198157766,74.64667299275408,0.7401153087615967,0.00290701562570983,-0.004344666622054794,-0.32039753904401325,-0.32039753904401325,-0.0716220439667723,0.09456343656214594,1.9980060288498966,2.001635810721842,11.87478693559626,29.402011738020338
2018-09-04 00:00:00-04:00,40923900.0,0.018430264948424143,72.5248716001295,0.7417240142822266,0.002173587685034839,0.0029087819318163177,-0.1580779944289693,-0.1580779944289693,-0.17231670505351238,-0.02842459425928523,2.00091058846144,2.0038070395826204,11.702719036602884,29.229943839026962
2018-09-05 00:00:00-04:00,40923900.0,0.015123876252248623,63.167624265427136,0.7374335765838623,-0.005784412552040874,0.0029007591903678076,0.3614557485525227,0.3614557485525227,-0.17939995466306247,-0.12902121890396645,2.0038071485682614,1.998005832520729,12.011273567225107,29.538498369649183
2018-09-06 00:00:00-04:00,40923900.0,0.015918071029723486,64.28566892329587,0.7406516075134277,0.004363824799614946,-0.0036151861424258414,-0.24483596597812884,-0.24483596597812884,0.05251264716985382,0.017699647103566418,2.000185411847942,2.002360163446617,11.730453277498803,29.25767807992288
2018-09-07 00:00:00-04:00,40923900.0,0.015303952721962659,59.615670678432444,0.7401153087615967,-0.0007240904446714769,0.0014514512110546107,-0.053901850362027326,-0.053901850362027326,-0.03857994518394203,-0.07264446840298977,2.001635810721842,2.001635810721842,11.675044314446664,29.202269116870742
2018-09-10 00:00:00-04:00,40923900.0,0.013797634111978702,53.19099027862643,0.7395787239074707,-0.0007250016960517192,0.0007243063136044281,-0.1071428571428571,-0.1071428571428571,-0.09842676838789777,-0.10776831538909981,2.0023598548522217,2.000910546084965,11.56171562913966,29.08894043156374
2018-09-11 00:00:00-04:00,40923900.0,0.01418920657631275,61.11090987523016,0.7438692569732666,0.005801320301816348,-0.002896428649063032,0.47142857142857153,0.47142857142857153,0.028379681701669268,0.14889588547078003,1.9994592234363946,2.006695103528055,11.947949375319936,29.475174177744016
2018-09-12 00:00:00-04:00,40923900.0,0.018243318879493157,67.99977950381256,0.7444055557250977,0.0007209583496072813,0.007262083384346418,-0.6142394822006472,-0.6142394822006472,0.2857180407781419,0.11272732876416613,2.0066950648641293,2.0074158021120376,10.995410853053441,28.52263565547752
2018-09-13 00:00:00-04:00,40923900.0,0.027458793161125754,67.05553519543679,0.7440279483795166,0.010642575936583354,0.0031146398652615037,0.7651006711409396,0.7651006711409396,0.5051424218644489,-0.0138859907379969,2.0098048642868647,2.018002144465603,11.563618579285746,29.090843381709824
2018-09-14 00:00:00-04:00,40923900.0,0.03179112980323007,56.86530739239084,0.7424095630645752,-0.013183592788630571,-0.0007227791537546269,-0.12357414448669202,-0.12357414448669202,0.15777593052551686,-0.1519669893521245,2.009081823802327,2.0047308766840386,11.431715409544685,28.958940211968763
2018-09-17 00:00:00-04:00,40923900.0,0.029084750671324273,53.657053008633035,0.7418698310852051,-0.0007270003057909813,-0.005065339497994481,0.027114967462039008,0.027114967462039008,-0.08513000791908998,-0.05641848309408948,2.0040036119853752,2.0040036119853752,11.45846927917417,28.985694081598247
2018-09-18 00:00:00-04:00,40923900.0,0.027280524719706812,53.670222490719645,0.7429491519927978,0.001454865614381351,0.001454865614381351,0.06969376979936648,0.06969376979936648,-0.062033399289075364,0.000245438043056323,2.0054574203081326,2.0054574203081326,11.525841690236774,29.053066492660854
2018-09-19 00:00:00-04:00,40923900.0,0.025592128851353372,52.4823067147038,0.7418698310852051,-0.001452752055369655,0.0007258770935361092,-0.16781836130306027,-0.16781836130306027,-0.061890153715913776,-0.02213361005204051,2.0061830340803097,2.0040036119853752,11.342137143989946,28.869361946414024
2018-09-20 00:00:00-04:00,40923900.0,0.015103222442060646,63.434929943974694,0.7445677757263184,0.0036366819731254996,0.0014517158597193713,0.48991696322657186,0.48991696322657186,-0.4098489215264344,0.20869172707689554,2.0076336972192714,2.0076336972192714,11.740857533016236,29.26808233544031
2018-09-21 00:00:00-04:00,40923900.0,0.01614313633602335,58.524630357632695,0.7440279483795166,-0.0007250210986839978,0.0014488717667808793,-0.36305732484076436,-0.36305732484076436,0.06885377593768793,-0.07740687332166585,2.0090815203840915,2.0069084131656845,11.289781913656018,28.817006716080098
2018-09-24 00:00:00-04:00,40923900.0,0.0140793489646541,55.39807703909607,0.7440279483795166,0.0,-0.0014471421513015947,-0.04500000000000004,-0.04500000000000004,-0.12784302433003158,-0.05342286315062328,2.0076333301112776,2.0069084131656845,11.243737975154612,28.77096277757869
2018-09-25 00:00:00-04:00,40923900.0,0.013215771097896617,71.1636690742097,0.7451071262359619,0.0014504533852468526,0.0007247480512431181,0.3337696335078535,0.3337696335078535,-0.061336491404927584,0.2845873517231903,2.0083578156594766,2.0083578156594766,11.531747219210816,29.058972021634894
2018-09-26 00:00:00-04:00,40923900.0,0.009564754364582978,68.37401704273395,0.7467260360717773,0.0021727209132915704,4.0056018901779566e-07,0.6977428851815506,0.6977428851815506,-0.2762621042895276,-0.039200508739462014,2.008358216219585,2.010528179628056,12.061046873479915,29.588271675903993
2018-09-27 00:00:00-04:00,40923900.0,0.00865244611146823,74.90031506307663,0.7494236946105957,0.0036126482920157965,0.0014481079344401682,-0.24104046242774568,-0.24104046242774568,-0.0953822982107001,0.09544997211826423,2.0098052766568677,2.014134317980268,11.785240060290887,29.312464862714965
2018-09-28 00:00:00-04:00,40923900.0,0.015077417664649923,72.78663652049762,0.7483443260192871,-0.0014402648315909872,0.003614993947430367,0.23610053313023616,0.23610053313023616,0.7425612908083681,-0.0282198885385061,2.013413752218239,2.0126930149703304,11.997201753502683,29.52442655592676
2018-10-01 00:00:00-04:00,40923900.0,0.019417592486168797,69.3935591802595,0.7505025386810302,0.0028839834641674056,0.0007205414976143576,-0.2908194701170672,-0.2908194701170672,0.28785929514274344,-0.046616762395423894,2.0141340342504583,2.0155728477326424,11.653556594709974,29.18078139713405
2018-10-02 00:00:00-04:00,40923900.0,0.025578892683963322,72.04480166249027,0.7526607513427734,0.002875690021696853,0.0021598715791557588,-0.16768027801911378,-0.16768027801911378,0.31730505221917893,0.03820588702394989,2.0162915766601963,2.0184444108676605,11.470017963958952,28.997242766383028
2018-10-03 00:00:00-04:00,40923900.0,0.03247795439418956,54.34709105299965,0.7461859226226807,-0.008602585837698351,0.0035915188658075525,0.3872651356993737,0.3872651356993737,0.26971698092902985,-0.24564868250174998,2.0198766614229884,2.009804609199785,11.797352244701337,29.324577047125413
2018-10-04 00:00:00-04:00,40923900.0,0.03346540567292183,46.29675392156058,0.7402515411376953,-0.00795295288354847,-0.012168195703054496,0.12189616252821667,0.12189616252821667,0.03040373992608769,-0.1481282065968964,2.007633827130645,2.0018198629065997,11.912372500752829,29.439597303176907
2018-10-05 00:00:00-04:00,40923900.0,0.04933687304420645,40.323104816639244,0.7353953361511231,-0.0065602092217312835,-0.007971489462006986,0.4782025486250838,0.4782025486250838,0.4742649028792989,-0.12902954524721832,1.9996303954820682,1.9952380409377342,12.303199356260896,29.830424158684973
2018-10-08 00:00:00-04:00,40923900.0,0.07194471352409071,33.82398619275311,0.7310791015625,-0.005869271093304929,-0.006573954503452217,-0.12613430127041747,-0.12613430127041747,0.4582341580429583,-0.1611760466719886,1.993034737368386,1.989351477979219,12.168370778346162,29.695595580770238
2018-10-09 00:00:00-04:00,40923900.0,0.08848281199301308,38.57208507242974,0.733237361907959,0.002952157079646023,-0.0036763549554761354,-0.48026998961578404,-0.48026998961578404,0.22987232360560572,0.1403766798099606,1.9893516080115312,1.9922992860004536,11.513924965303312,29.04114976772739
2018-10-10 00:00:00-04:00,40923900.0,0.09390942685231482,28.947738692298657,0.7273022174835205,-0.008094438080725519,-2.080415956173809e-07,0.46153846153846145,0.46153846153846145,0.061329593138724325,-0.2495158444781691,1.989351399969914,1.9841719100932618,11.893414587008216,29.420639389432292
2018-10-11 00:00:00-04:00,40923900.0,0.09429028513525249,31.449280663531454,0.7285509586334228,0.01312898671331042,-0.006428335936663698,0.46479835953520166,0.46479835953520166,0.004055591602498243,0.08641579909999386,1.982902313305558,1.9972154586588975,12.275132181461668,29.802356983885744
2018-10-12 00:00:00-04:00,40923900.0,0.05930733556872522,32.33054285188783,0.7290942192077636,-0.010526877022790204,0.008221702894657845,-0.5445636957536164,-0.5445636957536164,-0.3710132970363468,0.028021696196640855,1.9910904021186178,1.986632782124316,11.488632772401184,29.01585757482526
2018-10-15 00:00:00-04:00,40923900.0,0.03785554573311511,33.19821596055864,0.7307222843170166,0.002232996869762527,-0.0037072468632144417,-0.14446721311475408,-0.14446721311475408,-0.3617055062396425,0.026837566960931758,1.9873762663846508,1.9888632895618092,11.332601910838946,28.859826713263026
2018-10-16 00:00:00-04:00,40923900.0,0.024610616478023276,40.054377433365154,0.7372372150421143,0.008915741130280486,0.00446476016334163,-0.10299401197604785,-0.10299401197604785,-0.3498808166304017,0.20652198542692846,1.991831089074313,1.9977395201423682,11.22390916950531,28.751133971929388
2018-10-17 00:00:00-04:00,40923900.0,0.037973360802731546,34.78306572412161,0.7350658416748047,-0.0029452845339413836,0.008148345946948243,-0.21895861148197593,-0.21895861148197593,0.5429666638639832,-0.13160388569296688,1.999946416493417,1.9947898897225893,10.976782033219948,28.504006835644024
2018-10-18 00:00:00-04:00,40923900.0,0.03868877431385849,35.18298143808812,0.7345227241516114,-0.0007388692174239431,-0.006613024134984324,0.7863247863247864,0.7863247863247864,0.018839878693999612,0.011497425705324416,1.9933114294332088,1.9940507474067741,11.556942350387002,29.08416715281108
2018-10-19 00:00:00-04:00,40923900.0,0.04098774307130087,28.867356489034023,0.7296366691589355,-0.006652013385044397,0.0029584585499917715,0.014354066985645897,0.014354066985645897,0.05942211399079844,-0.17950795216624182,1.9962655203568787,1.9873765107729677,11.571194373094205,29.09841917551828
2018-10-22 00:00:00-04:00,40923900.0,0.0325741651320917,23.96226718153723,0.7263793468475341,-0.0044643073040121495,-0.008112200117997959,-0.2622641509433963,-0.2622641509433963,-0.20527058356380334,-0.16991820187484485,1.988120237305107,1.982902208691505,11.267024926533402,28.794249728957478
2018-10-23 00:00:00-04:00,40923900.0,0.045034197148864655,32.48771587414839,0.7296366691589355,0.004484326716526432,-0.006691400203950315,0.25959079283887476,0.25959079283887476,0.38251270496868295,0.3557863965050838,1.9814063493101337,1.9873765107729677,11.49781182716018,29.025036629584257
2018-10-24 00:00:00-04:00,40923900.0,0.045637397511384105,32.09374753882304,0.7231222629547119,-0.008928287844596539,0.005239848917137024,0.07817258883248734,0.07817258883248734,0.013394273701061277,-0.012126686186604063,1.9866325179863882,1.9784081269289517,11.573079387789976,29.100304190214054
2018-10-25 00:00:00-04:00,40923900.0,0.05480347136097614,38.81221917796644,0.7252937316894531,0.0030029067641597074,-0.006701518492207681,0.30508474576271194,0.30508474576271194,0.20084567371103024,0.20933895709799022,1.9799084434896626,1.9814065339745008,11.83934736573794,29.366572168162016
2018-10-26 00:00:00-04:00,40923900.0,0.04974179626865706,41.269078289776616,0.7236651420593262,-0.002245420798458353,-0.0014992163676394998,-0.01948051948051943,-0.01948051948051943,-0.0923604831339816,0.06330117586280459,1.9784081021726623,1.9791585884386549,11.819674600139235,29.346899402563313
2018-10-29 00:00:00-04:00,40923900.0,0.04801933659608429,35.71767470734302,0.7209504127502442,-0.003751361163198741,-4.106388915570136e-07,-0.29286239882266374,-0.29286239882266374,-0.03462801510564095,-0.13451726601339709,1.9784076915336863,1.9754001732732351,11.473144594958384,29.00036939738246
2018-10-30 00:00:00-04:00,40923900.0,0.032487796253432816,40.836651871604886,0.720407247543335,-0.0007534016172306979,-0.002252675721913011,0.8199791883454735,0.8199791883454735,-0.323443459315054,0.14331776091822346,1.976152474720933,1.9746464877063783,12.071969661006694,29.59919446343077
2018-10-31 00:00:00-04:00,40923900.0,0.024164210275793647,39.70589185034986,0.7209504127502442,0.0007539696591913891,0.0030102247333601007,1.0,1.0,-0.2562065433034615,-0.02768983179155493,1.979158177799679,1.9754001732732351,12.836013750186327,30.363238552610404
2018-11-01 00:00:00-04:00,40923900.0,0.028679073523471578,44.59419520932071,0.7247507572174072,0.005271297997688551,-0.005251126966909436,-0.5877496671105193,-0.5877496671105193,0.18684091870366926,0.12311279588920199,1.9738932152092263,1.980657626611206,11.949889240137765,29.47711404256184
2018-11-02 00:00:00-04:00,40923900.0,0.0159389884311773,43.05615702252502,0.7252937316894531,0.0007491878644330097,0.006033356095490383,-0.06201550387596899,-0.06201550387596899,-0.44422931172680713,-0.03448965004472648,1.9799084434896626,1.9814065339745008,11.885867381372833,29.41309218379691
2018-11-05 00:00:00-05:00,40923900.0,0.022036608163101688,40.579616058778825,0.7301795005798339,0.006736262395375059,0.003747864866737949,0.2568870523415978,0.2568870523415978,0.38256001993182953,-0.05751885758059139,1.983649302609809,1.98812020913331,12.114505452004684,29.64173025442876
2018-11-06 00:00:00-05:00,40923900.0,0.02727341515772246,48.610607907073764,0.7339796543121337,0.00520441032551866,0.0007466733493992628,-0.14136986301369858,-0.14136986301369858,0.23764124478055249,0.1979070436906598,1.9843956973373473,1.993311123321449,11.962088428344112,29.48931323076819
2018-11-07 00:00:00-05:00,40923900.0,0.05003762472151378,56.097297112020854,0.7399514198303223,0.008136145849689802,0.010447864133067641,-0.1314613911933631,-0.1314613911933631,0.8346666316684452,0.15401348650605207,1.9947893597392807,2.001414349177199,11.821145188639557,29.348369991063635
2018-11-08 00:00:00-05:00,40923900.0,0.07302740838441446,63.51319272174811,0.7404942512512207,0.0007336041344754296,0.00812396245636715,0.0073475385745775945,0.0073475385745775945,0.4594499397373708,0.13219702180870563,2.0028805004545545,2.0021476843556916,11.828465865550406,29.355690667974482
2018-11-09 00:00:00-05:00,40923900.0,0.08227218279010293,65.27756429493326,0.7383227825164795,-0.0029324585992018815,-0.0007324576065372845,-0.2290299051787017,-0.2290299051787017,0.1265932149340998,0.02777960763073062,2.002147774469886,1.999210917675531,11.568360171858329,29.095584974282406
2018-11-12 00:00:00-05:00,40923900.0,0.06922901036407497,54.666248193578035,0.7334365844726561,-0.006617970025480369,-0.0043991702617453,-0.15042573320719022,-0.15042573320719022,-0.15853684664359002,-0.16255686338742348,1.9977388993860765,1.9925709517874053,11.40534025429029,28.932565056714367
2018-11-13 00:00:00-05:00,40923900.0,0.05693783108544797,66.66613436174636,0.7350658416748047,0.0022214015998669456,-0.005153778890369942,0.5289532293986636,0.5289532293986636,-0.17754376689754425,0.2195117931941417,1.9925717939695824,1.9947898897225893,11.829923591756062,29.35714839418014
2018-11-14 00:00:00-05:00,40923900.0,0.046049707307453926,59.701220575299786,0.7323513507843018,-0.003692854077286589,0.0037008979342156856,0.16241806263656233,0.16241806263656233,-0.19122828478756027,-0.10447454098138176,1.9962658604309063,1.9910902002263593,11.980425963997845,29.50765076642192
2018-11-15 00:00:00-05:00,40923900.0,0.04087234730350187,61.81882596313856,0.7319687843322754,0.010810976916332038,-0.009392059280934117,0.5087719298245614,0.5087719298245614,-0.11242981349230008,0.03547005182528706,1.9868294176409032,2.0018431563315993,12.391721992416803,29.91894679484088
2018-11-16 00:00:00-05:00,40923900.0,0.04544160787421762,55.72661808882279,0.7254136562347412,-0.020067208576049267,0.0022469086787444414,-0.3397009966777409,-0.3397009966777409,0.11179344647828082,-0.09854939461238621,1.9890738057952284,1.9815718664827096,11.976659481202368,29.503884283626444
2018-11-19 00:00:00-05:00,40923900.0,0.051634472550887746,48.278892461388914,0.7188589096069335,-0.009035874320081128,-0.007473607765922874,0.5710691823899372,0.5710691823899372,0.13628181233841863,-0.13364754372072118,1.9815721306924987,1.9724949210541487,12.428415876673615,29.95564067909769
2018-11-20 00:00:00-05:00,40923900.0,0.07092931550328117,42.900523367989535,0.7139426708221437,-0.0068389481149758735,-0.01204821202822548,-0.1565252201761409,-0.1565252201761409,0.37368141861771953,-0.11140208109994931,1.9694507506681693,1.965632480161655,12.25819059979228,29.78541540221636
2018-11-21 00:00:00-05:00,40923900.0,0.08264719231196775,42.92759758883959,0.7177664279937744,0.005355832236820124,-0.0030487717494068756,-0.4907451352634077,-0.4907451352634077,0.16520498929874083,0.0006310930199573406,1.9663973219464,1.9709740209347453,11.58338392861879,29.110608731042866
2018-11-23 00:00:00-05:00,40923900.0,0.08649410071878777,41.82504659179798,0.7172200202941895,-0.0007612611544289827,0.0007643344302523669,-0.10344827586206895,-0.10344827586206895,0.04654614753637509,-0.0256839669343214,1.9671613644218495,1.9702124698739047,11.474184636653797,29.001409439077875
2018-11-26 00:00:00-05:00,40923900.0,0.06921828836882832,40.5466963643379,0.7210440158843994,0.005331691087821833,0.004584022499643625,1.0,1.0,-0.19973399580310214,-0.030564227218596085,1.9717349122887908,1.9755299978168366,12.28442161194115,29.811646414365228
2018-11-27 00:00:00-05:00,40923900.0,0.06045212524753518,32.66585981971211,0.7172200202941895,-0.005303414917769644,-4.098308262756589e-07,-0.5386037910309756,-0.5386037910309756,-0.12664518767905386,-0.19436445509176503,1.9717345024578807,1.9702124698739047,11.510923462299555,29.03814826472363
2018-11-28 00:00:00-05:00,40923900.0,0.03619485651730935,31.16271800017128,0.7221361637115479,0.006854442539601546,-0.0015209746717177453,0.7154308617234468,0.7154308617234468,-0.4012641181910287,-0.04601568205572726,1.9702123699299914,1.9770435275216898,12.050587742689778,29.577812545113858
2018-11-29 00:00:00-05:00,40923900.0,0.019294880008717208,33.4735038703634,0.7243215084075928,0.0030262224852621866,0.003808594827546141,-0.3399532710280374,-0.3399532710280374,-0.46691652170274867,0.07415225687885818,1.9740137304228724,1.9800651802128415,11.635143097694478,29.162367900118554
2018-11-30 00:00:00-05:00,40923900.0,0.03133399792772768,34.623281975293594,0.7237749099731445,-0.0007546351007163832,0.005310581219815758,1.0,1.0,0.6239540185568055,0.0343489020266019,1.9793102602317278,1.9793102602317278,12.502094842256955,30.029319644681035
2018-12-03 00:00:00-05:00,40923900.0,0.04283032808059463,50.16385364050766,0.733607816696167,0.013585586606459366,0.0052836483609859375,-0.23056898475269616,-0.23056898475269616,0.36689637177430723,0.44884744537804,1.9845799990964583,1.992804390153895,12.239990863733635,29.76721566615771
2018-12-04 00:00:00-05:00,40923900.0,0.05895370274510909,47.53380222471377,0.7325150489807128,-0.0014895802506241784,0.0075071903055197176,0.8994683421942968,0.8994683421942968,0.37644761053837383,-0.05242921396433764,1.9920591506893648,1.991313699375659,12.881564890851399,30.408789693275477
2018-12-06 00:00:00-05:00,40923900.0,0.05873670377727974,45.5927925314579,0.7275989055633545,-0.006711320708290058,-0.006706319534592886,-0.17277353689567432,-0.17277353689567432,-0.0036808369572232102,-0.040834303220260715,1.9853302427472275,1.984579756481235,12.691888106291996,30.219112908716074
2018-12-07 00:00:00-05:00,40923900.0,0.05402349442865334,45.000043644870374,0.7265061378479004,-0.0015018820219472317,-0.0007506227524706199,-0.5681328821900953,-0.5681328821900953,-0.08024300046693367,-0.01300093400022706,1.9845793381364436,1.9830767455039704,11.852250770573848,29.379475572997926
2018-12-10 00:00:00-05:00,40923900.0,0.0404754867683564,55.67008175514856,0.7314226150512695,0.006767289286685241,-0.001501106649337891,0.45584045584045585,0.45584045584045585,-0.25077992091365453,0.2371117280348345,1.9830771036977566,1.989821239472398,12.227834137311687,29.755058939735765
2018-12-11 00:00:00-05:00,40923900.0,0.03532095711315138,63.52869533427415,0.7314226150512695,0.0,0.009774444554631057,0.50440313111546,0.50440313111546,-0.12734941730793004,0.1411640387684323,1.9928040873876662,1.989821239472398,12.636230366228709,30.16345516865279
2018-12-12 00:00:00-05:00,40923900.0,0.030483264582087364,73.49252890003206,0.7352460384368895,0.005227379229109541,-0.0014896145622412815,-0.35674796747967474,-0.35674796747967474,-0.13696380071373404,0.15683988964877038,1.9913133622466264,1.9950350033823843,12.195011698170749,29.722236500594825
2018-12-13 00:00:00-05:00,40923900.0,0.037304006738980475,66.88991273075658,0.7326632499694824,0.007775916133798466,0.0054550093753302775,0.028816986855409565,0.028816986855409565,0.223753664523882,-0.08984064459472696,1.9967535469463737,2.002780842895229,12.223421283864786,29.750646086288864
2018-12-14 00:00:00-05:00,40923900.0,0.036331864586634545,59.47272638127402,0.726616907119751,-0.019361746821211945,-0.007463160929740642,-0.28697788697788695,-0.28697788697788695,-0.02605999294253014,-0.11088647072000246,1.9892623972878896,1.9832292023416054,11.885178438872279,29.412403241296357
2018-12-17 00:00:00-05:00,40923900.0,0.0430520625403686,46.119498229068945,0.7167235374450683,-0.01361566126213487,-0.009022451929298292,0.7491385251550655,0.7491385251550655,0.18496705385735202,-0.22452692124115503,1.9801989965473088,1.9695199978916138,12.444301834262424,29.9715266366865
2018-12-18 00:00:00-05:00,40923900.0,0.06247712211377784,45.64957697567483,0.7123264789581298,-0.006134943611050936,-0.008346005034305715,0.18124507486209618,0.18124507486209618,0.45119927890086453,-0.01018921001828943,1.971817968609296,1.9633661581900665,12.610870864650634,30.13809566707471
2018-12-19 00:00:00-05:00,40923900.0,0.07798183001379322,41.07472125451551,0.7128760814666748,0.0007715598461941475,-0.0022953750043257504,-0.15343562374916608,-0.15343562374916608,0.24816616667745306,-0.10021682618432837,1.9695199551935627,1.9641374205369784,12.444301834262424,29.9715266366865
2018-12-20 00:00:00-05:00,40923900.0,0.09618049047690802,32.39211137640581,0.7035321712493896,-0.01310734145836534,-0.009202611345798806,0.9546887312844761,0.9546887312844761,0.23337052310641937,-0.21138572856791293,1.9602747382299004,1.950943419797073,13.11453279828914,30.641757600713216
2018-12-21 00:00:00-05:00,40923900.0,0.12058071496118793,29.88636465261024,0.698036003112793,-0.007812248481595563,-0.01238360913675296,-0.43096149969764164,-0.43096149969764164,0.25369203632973947,-0.07735669634739328,1.9478138132429186,1.9431004958348794,12.55072561424158,30.077950416665658
2018-12-24 00:00:00-05:00,40923900.0,0.11932080472182624,16.81352918838668,0.6969366550445557,-0.001574915997649029,-0.004702378555091702,-0.4381863266029047,-0.4381863266029047,-0.010448687750501562,-0.43741805389106747,1.943100343722853,1.9415243383533707,11.974140588182884,29.501365390606964
2018-12-26 00:00:00-05:00,40923900.0,0.10876217183149961,31.131770282119135,0.7079296112060547,0.015773250096590585,-0.001574376012696943,0.619798234552333,0.619798234552333,-0.08848945424850319,0.8515904622583488,1.9415247270779226,1.9571744835627243,12.456442183097975,29.983666985522053
2018-12-27 00:00:00-05:00,40923900.0,0.08672732322934434,33.854513703583194,0.7080952167510987,0.011958258859410709,0.011247892034220497,0.5628649279875437,0.5628649279875437,-0.20259662188700012,0.08745867635506399,1.9527098319513283,1.9690618073909978,12.902962812368953,30.43018761479303
2018-12-28 00:00:00-05:00,40923900.0,0.07037598348057726,45.210530137395274,0.7197123527526856,0.004630315674957197,0.003924587774953636,0.17858032378580324,0.17858032378580324,-0.18853735062855692,0.33543581612900697,1.9566267386219003,1.9736814361308874,13.067273411086369,30.594498213510445
2018-12-31 00:00:00-05:00,40923900.0,0.07900404346149019,38.24493146341693,0.7147336006164551,-0.00691769721221025,0.01720103082874158,0.16842772612003376,0.16842772612003376,0.12259949423362793,-0.15407027196561984,1.9736815065855053,1.9667397007278893,13.222932432326024,30.7501572347501
2019-01-02 00:00:00-05:00,40923900.0,0.07918279402860506,43.925685113235055,0.7219250679016114,0.010061745073904005,-0.013067056304902125,-0.4237655995659251,-0.4237655995659251,0.0022625496023125358,0.14853611792328691,1.9605283252102117,1.9767511634490051,12.671691676458085,30.19891647888216
2019-01-03 00:00:00-05:00,40923900.0,0.09596629835423673,39.570390174411195,0.7191593647003174,-0.0038310114501673986,0.01557673787864955,-0.2313245448838669,-0.2313245448838669,0.21195898088123233,-0.09915144015617383,1.9759849909899079,1.9729127948783192,12.40860524294026,29.935830045364337
2019-01-04 00:00:00-05:00,40923900.0,0.09551262425600698,47.21020594298328,0.7280105113983154,0.012307629063116554,0.0007668378003349297,-0.32217231523070644,-0.32217231523070644,-0.00472743146302379,0.1930690027290276,1.976751534920361,1.9851453008383069,12.01974306733868,29.546967869762756
2019-01-07 00:00:00-05:00,40923900.0,0.09622806947165626,57.83726576670537,0.740734338760376,0.017477532484553526,0.013793343451111273,-0.11566265060240966,-0.11566265060240966,0.007490582749895225,0.22510089950797085,1.9904506160159856,2.002471857832867,11.896826395162552,29.42405119758663
2019-01-08 00:00:00-05:00,40923900.0,0.12964756194601298,66.80660238041017,0.7451596260070801,0.005974189416019016,0.01889603017186281,0.1846049046321525,0.1846049046321525,0.34729463718692144,0.15507884916074466,2.0091703338163547,2.0084282725371607,12.066235700342375,29.59346050276645
2019-01-09 00:00:00-05:00,40923900.0,0.13571040085907513,68.12008926749726,0.7423937797546387,-0.003711750014238069,2.1736601452104765e-07,-0.028177113283496258,-0.028177113283496258,0.046764002516196834,0.019661034093723773,2.0091705511823457,2.004709616885543,12.037653993905211,29.56487879632929
2019-01-10 00:00:00-05:00,40923900.0,0.13799459013840648,67.45478338380227,0.7418406486511231,-0.000745064302260734,-0.005934603978279163,-0.10414201183431948,-0.10414201183431948,0.016831350175608994,-0.009766661947291921,2.003218267458984,2.003964274884931,11.927680619985486,29.454905422409563
2019-01-11 00:00:00-05:00,40923900.0,0.10539175480206729,72.7365007439595,0.7385215759277344,-0.004474104687339109,-0.0007460856389868153,0.6928665785997359,0.6928665785997359,-0.23626169187965296,0.07830011594738173,2.002471903359594,1.9994801314370474,12.454103912352162,29.98132871477624
2019-01-14 00:00:00-05:00,40923900.0,0.08532638002480034,78.82340970771449,0.7401806354522705,0.0022464604672545185,-0.006722149249118292,-0.19313304721030045,-0.19313304721030045,-0.19038846838589096,0.08368437993988165,1.995727058700075,2.001724072384615,12.23950742161641,29.76673222404049
2019-01-15 00:00:00-05:00,40923900.0,0.05019590430555902,81.71271384822823,0.7468192100524902,0.008968857441350675,0.0060152872270640145,-0.10348162475822054,-0.10348162475822054,-0.4117188108651808,0.03665540670249601,2.001724326312923,2.0106529485040916,12.130270932113891,29.65749573453797
2019-01-16 00:00:00-05:00,40923900.0,0.04077732927703209,79.08335783593053,0.7479256629943848,0.0014815539383576937,0.009716041356370608,-0.3349514563106796,-0.3349514563106796,-0.18763632529046503,-0.032178052697912185,2.0113934704649057,2.012133406024215,11.722375689152436,29.249600491576512
2019-01-17 00:00:00-05:00,40923900.0,0.04342545787632615,79.20060848751814,0.748478889465332,0.0007396810917443819,8.968894960048601e-08,0.30575831305758316,0.30575831305758316,0.06494119762732042,0.0014826210570226817,2.0113935601538513,2.0128728136867258,11.9891596439666,29.516384446390678
2019-01-18 00:00:00-05:00,40923900.0,0.04882711903389777,75.47222131867406,0.7495849609375,0.0014777590760883808,0.0022200858113445854,-0.2211180124223603,-0.2211180124223603,0.1243892735214287,-0.047075233890806145,2.0136111852160674,2.0143494819513763,11.739263907180957,29.266488709605035
2019-01-22 00:00:00-05:00,40923900.0,0.05110226729338917,80.00105162804088,0.7479256629943848,-0.0022136222437546538,-0.0014766878138540163,0.13875598086124397,0.13875598086124397,0.04659599633375655,0.06000658560510996,2.012133406024215,2.012133406024215,11.86920032888762,29.396425131311698
2019-01-23 00:00:00-05:00,40923900.0,0.0540950907909521,77.27389381051081,0.748478889465332,0.0007396810917443819,0.0036982583170588335,-0.08823529411764708,-0.08823529411764708,0.058565375981861845,-0.03408902460694885,2.015824842597857,2.0128728136867258,11.776827008756605,29.304051811180685
2019-01-24 00:00:00-05:00,40923900.0,0.03380102993422729,81.92858797101646,0.748478889465332,0.0,-0.0022107393991050994,-0.32795698924731187,-0.32795698924731187,-0.3751553155747578,0.06023630919802958,2.013611655906858,2.0128728136867258,11.379394072345706,28.906618874769784
2019-01-25 00:00:00-05:00,40923900.0,0.012310800901525898,78.57239611168441,0.750138521194458,0.0022173393965880805,0.0007385630554714862,0.4731428571428571,0.4731428571428571,-0.6357862193702019,-0.040964844414496104,2.014349946358851,2.0150876984142005,11.766792188927278,29.294016991351356
2019-01-28 00:00:00-05:00,40923900.0,0.010797313217511402,72.22307358312263,0.7540110111236572,0.005162366442711175,-0.0007378779053673901,0.3079906904577192,0.3079906904577192,-0.12293982301564976,-0.08080856436574402,2.013611796087592,2.0202367855255106,12.035284324549892,29.562509126973968
2019-01-29 00:00:00-05:00,40923900.0,0.014436461517555142,68.08627314326587,0.7545642375946044,0.0007337113951728647,0.004431364590021802,-0.39798339264531435,-0.39798339264531435,0.3370420239492229,-0.057278100122610365,2.01803337109171,2.0209702278860653,11.52781407746398,29.055038879888055
2019-01-30 00:00:00-05:00,40923900.0,0.022999534743241495,83.05172406236166,0.7639683246612549,0.012462937677286012,0.002940766734974787,0.9822660098522167,0.9822660098522167,0.5931559624408942,0.21980129368523027,2.0209698222308936,2.0333561424514777,12.212054717207721,29.739279519631797
2019-01-31 00:00:00-05:00,40923900.0,0.04766492707155569,85.48478811244131,0.7661815166473389,0.0028969682572446143,0.01026440768885184,0.44483101391650104,0.44483101391650104,1.0,0.029295768119788956,2.031181908614036,2.0362489225828093,12.580047086546967,30.107271888971045
2019-02-01 00:00:00-05:00,40923900.0,0.07054522727602604,95.23883799078361,0.7700536727905274,0.005053836537498579,0.0058052166829309915,-0.5146198830409356,-0.5146198830409356,0.480023816466181,0.11410275551613269,2.0369703399569605,2.041290031353126,11.857224137840905,29.38444894026498
2019-02-04 00:00:00-05:00,40923900.0,0.08513015029356376,81.42962163014153,0.7645218849182129,-0.007183639358888216,0.004329334196864432,0.6236711552090717,0.6236711552090717,0.20674570882691357,-0.14499564097976936,2.041290329547439,2.0340804654176186,12.341913868441587,29.869138670865663
2019-02-05 00:00:00-05:00,40923900.0,0.07963751328104882,80.8832290924579,0.7700536727905274,0.007235617425008334,-0.007184231463097657,0.20864251418594493,0.20864251418594493,-0.0645204665277116,-0.00670999725585586,2.034080167223305,2.041290031353126,12.531411709159054,30.05863651158313
2019-02-06 00:00:00-05:00,40923900.0,0.07080347323723368,74.64883121802453,0.7672878265380859,-0.003591757756856717,0.007236130007143515,-0.6854460093896714,-0.6854460093896714,-0.11092812519947626,-0.07707899331401336,2.0412902420586128,2.037691807747225,11.374812162840595,28.90203696526467
2019-02-07 00:00:00-05:00,40923900.0,0.05351329080023944,67.5331304867646,0.7634154319763183,-0.005046860419041677,-0.005028732326715302,0.41331802525832373,0.41331802525832373,-0.24419963663451738,-0.09532233278344726,2.0362488231078615,2.0326321689160998,11.720752312172545,29.247977114596623
2019-02-08 00:00:00-05:00,40923900.0,0.031363651065370424,66.66758611178155,0.7634154319763183,0.0,-0.004332160141813146,-0.5816409423233144,-0.5816409423233144,-0.4139091317996446,-0.012816588965214537,2.031907251970506,2.0326321689160998,10.849337086651827,28.376561889075905
2019-02-11 00:00:00-05:00,40923900.0,0.027817990032406377,71.79533650127087,0.7667346000671387,0.004347787524058511,0.0021754703238021644,0.7825242718446601,0.7825242718446601,-0.11305000892829475,0.07691519505283462,2.0340803593850825,2.036970532118738,11.427367576608582,28.954592379032658
2019-02-12 00:00:00-05:00,40923900.0,0.028821131205329864,74.1178904413539,0.7711598396301269,0.005771540194743574,0.005064710154423446,0.766884531590414,0.766884531590414,0.0360608790122825,0.032349649061703456,2.039132287036646,2.042725480783882,11.99658542066345,29.523810223087526
2019-02-13 00:00:00-05:00,40923900.0,0.029961229860343518,73.25650974193576,0.7706069469451904,-0.0007169624979455058,0.002880113689793129,-0.18125770653514184,-0.18125770653514184,0.03955773445848698,-0.011621764924619749,2.0420082611454107,2.0420082611454107,11.79659951602447,29.323824318448548
2019-02-14 00:00:00-05:00,40923900.0,0.030675461313928145,73.66248929004348,0.772999906539917,0.01387602283773215,-0.0005056118558341982,-0.009789156626506035,-0.009789156626506035,0.02383852254776686,0.005541890400428295,2.0415025214248,2.0557888933933497,11.786762130599957,29.313986933024033
2019-02-15 00:00:00-05:00,40923900.0,0.03272490926596511,67.96298567253262,0.7707742214202881,-0.013472016355720817,0.001445537237943606,-0.45855513307984785,-0.45855513307984785,0.0668106644285873,-0.07737321494891736,2.0429470148795548,2.042225306064847,11.173248097400068,28.700472899824145
2019-02-19 00:00:00-05:00,40923900.0,0.034405664641362736,69.42350438562704,0.7735562324523926,0.0036093721803229784,-6.78488235039687e-07,-0.2556179775280899,-0.2556179775280899,0.05136012331577855,0.021489913938326,2.0429463363910894,2.0458281800928746,10.87804719253426,28.405271994958337
2019-02-20 00:00:00-05:00,40923900.0,0.02863430927349024,59.62086373363833,0.7718871116638184,-0.0021577239230334833,0.002886533192759222,-0.13962264150943393,-0.13962264150943393,-0.16774433594095228,-0.14120060257312772,2.0458287115465326,2.0436681249295248,10.727662995502477,28.254887797926553
2019-02-21 00:00:00-05:00,40923900.0,0.01647559349513925,54.22578769479536,0.7696608066558838,-0.002884236534453466,-0.0014391308698108451,1.0,1.0,-0.4246205369307644,-0.09048973297243679,2.044388544133291,2.040779720969722,11.896826395162552,29.42405119758663
2019-02-22 00:00:00-05:00,40923900.0,0.011280219742780172,56.034043500027835,0.7752261161804199,0.0072308599793680095,-0.001440782292773446,-0.40599455040871935,-0.40599455040871935,-0.31533757821178676,0.033346787240972287,2.0429467229156804,2.047984563624208,11.375959609897071,28.90318441232115
2019-02-25 00:00:00-05:00,40923900.0,0.01695924804571563,63.39286276178124,0.7746696949005127,-0.0007177535280270542,0.005050690738147345,-0.12729357798165142,-0.12729357798165142,0.5034501483510798,0.1313276501587779,2.047984701700159,2.047266552387796,11.239803543849778,28.767028346273854
2019-02-26 00:00:00-05:00,40923900.0,0.017724110240843482,54.32974967660198,0.772999906539917,-0.0021554842942580477,-3.3179044045539285e-07,-0.048620236530880434,-0.048620236530880434,0.04510000638389622,-0.14296740500956362,2.0479843699096634,2.045108741693653,11.189961578373808,28.717186380797884
2019-02-27 00:00:00-05:00,40923900.0,0.016338940804938123,64.78043405658573,0.7780082702636719,0.006479125911118322,-0.0021539698559650544,0.1574585635359116,0.1574585635359116,-0.07815170505503688,0.19235657153201502,2.045828076924061,2.0515669682927618,11.336188286470174,28.86341308889425
2019-02-28 00:00:00-05:00,40923900.0,0.021892875530024877,68.97017547543564,0.7763389110565185,-0.002145683112838359,0.005755612702866841,-0.01670644391408116,-0.01670644391408116,0.33992012036717756,0.06467603188935356,2.0515671893705845,2.049418979903728,11.319340715897564,28.84656551832164
2019-03-01 00:00:00-05:00,40923900.0,0.024769404006567724,66.788263777617,0.7752261161804199,-0.00143338799620929,-0.0007149873372365168,-0.02305825242718451,-0.02305825242718451,0.13139107617899914,-0.0316355828121061,2.050851946308001,2.047984563624208,11.296012463406655,28.82323726583073
2019-03-04 00:00:00-05:00,40923900.0,0.022589482282188118,66.27336802400822,0.7780082702636719,0.0035888291495644875,-0.0028637639596219566,0.3403726708074535,0.3403726708074535,-0.08800864662716912,-0.007709374738699815,2.0479840739308037,2.0515669682927618,11.588960151246226,29.116184953670302
2019-03-05 00:00:00-05:00,40923900.0,0.015217186820161493,62.033274755383,0.7785651206970214,0.0007157384498763797,4.1417583207525865e-07,-0.5987025023169601,-0.5987025023169601,-0.32635964693355124,-0.06397884089864281,2.0479844881065503,2.0522824507240283,10.675907913990581,28.203132716414657
2019-03-06 00:00:00-05:00,40923900.0,0.015647291354598823,54.18623255990243,0.7735562324523926,-0.0064334865658309814,0.002153294376018522,1.0,1.0,0.02826439206670428,-0.12649730691187855,2.050135467466912,2.0458281800928746,11.421906066583059,28.94913086900714
2019-03-07 00:00:00-05:00,40923900.0,0.018013096034548766,49.18035780507265,0.772443437576294,-0.0014385442575658436,-0.004297756060649416,0.07228915662650603,0.07228915662650603,0.15119579653347603,-0.09238277913667137,2.0458284495062333,2.044388600137134,11.491701828518602,29.01892663094268
2019-03-08 00:00:00-05:00,40923900.0,0.023548819177494094,58.461104453962186,0.7768953323364258,0.00576339255868441,-0.002877983336942558,0.8079673135852912,0.8079673135852912,0.30731658413011953,0.18870840032669056,2.0429463168121473,2.0501354478879694,12.083905011555967,29.611129813980043
2019-03-11 00:00:00-04:00,40923900.0,0.021792683067004954,60.29467726123783,0.7813477516174316,0.005731041358706168,0.007215423302940671,-0.46214689265536724,-0.46214689265536724,-0.07457427471214784,0.031363978227944234,2.050135833491892,2.055850129305719,11.463735220779457,28.990960023203534
2019-03-12 00:00:00-04:00,40923900.0,0.02666228188698498,64.70560810666075,0.7830171108245849,0.0021365124602938934,0.0035814545630028505,-0.2584033613445378,-0.2584033613445378,0.2234510915892136,0.07315622283392842,2.0537108899183742,2.0579843626689023,11.164785423481334,28.69201022590541
2019-03-13 00:00:00-04:00,40923900.0,0.0402230038379739,71.83130206642538,0.7869128227233887,0.004975257685877699,0.004996496367119407,0.19121813031161472,0.19121813031161472,0.5086107036325536,0.11012482794410405,2.0586949452214656,2.062947284658851,11.33976184596104,28.866986648385115
2019-03-14 00:00:00-04:00,40923900.0,0.053172327959159646,66.12943348664426,0.7863564491271973,-0.0007070333334585621,0.0035513471810939556,-0.3162901307966707,-0.3162901307966707,0.3219382663052255,-0.07937860536773178,2.062240001259448,2.062240001259448,10.959540226785442,28.48676502920952
2019-03-15 00:00:00-04:00,40923900.0,0.061505796407991926,68.75010041182236,0.7880258083343505,0.0021229039438872555,0.0007075111944923052,0.4956521739130435,0.4956521739130435,0.1567256648088271,0.03962935695959624,2.062947262285886,2.064360655026801,11.362102575235644,28.889327377659722
2019-03-18 00:00:00-04:00,40923900.0,0.06568022840251624,69.84197147353203,0.7869128227233887,-0.0014123720304470844,0.004243266066596307,-0.037209302325581395,-0.037209302325581395,0.06787054616500976,0.01588173770175194,2.0671815510853557,2.062947284658851,11.32418334037335,28.85140814279743
2019-03-19 00:00:00-04:00,40923900.0,0.05939507390542078,63.637553319769054,0.7863564491271973,-0.0007070333334585621,0.004929820722563649,0.857487922705314,0.857487922705314,-0.09569324970335624,-0.08883509475551188,2.0720992600313557,2.062240001259448,11.94340833605368,29.47063313847776
2019-03-20 00:00:00-04:00,40923900.0,0.04621233356257937,70.17612165562775,0.7891387462615966,0.0035382136656825214,-0.010511967518662346,-0.48179453836150843,-0.48179453836150843,-0.2219500621185062,0.10274701013414811,2.061531651507672,2.0657719701730017,11.286024864778307,28.813249667202385
2019-03-21 00:00:00-04:00,40923900.0,0.034413208340998494,63.435252360679485,0.784655237197876,0.006990520947568024,0.0028231597752308435,-0.1856963613550816,-0.1856963613550816,-0.25532415941737396,-0.0960564524786286,2.0643508336519107,2.072738170704813,11.080602902692181,28.607827705116257
2019-03-22 00:00:00-04:00,40923900.0,0.03234573567278412,60.286614568344,0.784655237197876,-0.012584073610666824,-0.004267455037411327,0.06779661016949157,0.06779661016949157,-0.06007788194950925,-0.049635457811896044,2.060074247039936,2.0600742470399354,11.146200185177994,28.673424987602072
2019-03-25 00:00:00-04:00,40923900.0,0.038562687129718345,56.59292622294991,0.7829736232757568,-0.002143124575481603,-0.002857426433378607,-0.09523809523809523,-0.09523809523809523,0.192203124387899,-0.0612687969268324,2.057212730370088,2.0579288226865864,11.046116726621012,28.573341529045088
2019-03-26 00:00:00-04:00,40923900.0,0.03948428057011183,67.83415641845002,0.7840947151184082,0.0014318385822003066,0.0035819109294810136,0.03668261562998398,0.03668261562998398,0.023898579403800246,0.19863313219067114,2.060788241534322,2.0593596371653744,11.082142548877775,28.609367351301852
2019-03-27 00:00:00-04:00,40923900.0,0.03756927854594559,63.03354778722575,0.7807317256927491,-0.0042890091730197755,-2.707398709667075e-07,1.0,1.0,-0.048500365120387245,-0.07076978449633331,2.060787970794414,2.0550614038079886,12.443513501545208,29.970738303969284
2019-03-28 00:00:00-04:00,40923900.0,0.02367290433265045,57.87862010512574,0.7812923431396485,0.0007180666910928668,-0.005709959372959594,-0.6320977917981072,-0.6320977917981072,-0.3698866401254014,-0.08178070032644891,2.0550616472813195,2.055779212812545,11.443575386835436,28.970800189259514
2019-03-29 00:00:00-04:00,40923900.0,0.024945539506863856,49.88186975174349,0.7812923431396485,0.0,0.0014357145478254285,0.4887459807073955,0.4887459807073955,0.05375914827899453,-0.13816415005847837,2.0564963321764207,2.055779212812545,11.841509528742435,29.36873433116651
2019-04-01 00:00:00-04:00,40923900.0,0.0185078419038452,48.68194782753524,0.7824133396148681,0.0014347977233655218,4.4548565725222034e-08,1.0,1.0,-0.2580700890933748,-0.024055271588256932,2.0564963767249855,2.0572129821971785,12.741688438103383,30.26891324052746
2019-04-02 00:00:00-04:00,40923900.0,0.01784944187249055,36.03899180366703,0.7812923431396485,-0.001432742028365075,0.002867336140898402,-0.30728709394205445,-0.30728709394205445,-0.03557411149151113,-0.259705221094649,2.0593596098987974,2.055779212812545,12.374548795502076,29.90177359792615
2019-04-03 00:00:00-04:00,40923900.0,0.018304427105263595,40.47273958998205,0.7824133396148681,0.0014347977233655218,-0.0028591380310899472,-0.3553020701309675,-0.3553020701309675,0.025490165800324815,0.12302641013014903,2.0564963767249855,2.0572129821971785,11.935575397832494,29.46280020025657
2019-04-04 00:00:00-04:00,40923900.0,0.017252740372517037,42.07534731876194,0.784655237197876,0.0028653621679193275,0.003584278533257601,-0.5013106159895151,-0.5013106159895151,-0.057455320873939564,0.03959721395229132,2.060074247039936,2.0600742470399354,11.239803543849778,28.767028346273854
2019-04-05 00:00:00-04:00,40923900.0,0.01512823872244307,43.19754513100768,0.7840947151184082,-0.0007143546017349678,-0.0007143546017350788,0.8659658344283836,0.8659658344283836,-0.12313995366546049,0.026671147922891603,2.0593596371653744,2.0593596371653744,11.863582336583399,29.390807139007475
2019-04-08 00:00:00-04:00,40923900.0,0.013674212688887818,49.955827661888954,0.7863366603851318,0.0028592786349606047,0.00071490863215673,-0.41619718309859155,-0.41619718309859155,-0.09611337183608637,0.15645061566311336,2.0600742903720852,2.062214835838494,11.325390341123386,28.852615143547464
2019-04-09 00:00:00-04:00,40923900.0,0.01608662830235255,38.46241102572102,0.7840947151184082,-0.002851126469959553,0.002142741955406091,0.32328106151990355,0.32328106151990355,0.17642080523035553,-0.23007158872349553,2.062214739930041,2.0593596371653744,11.605504646263322,29.1327294486874
2019-04-10 00:00:00-04:00,40923900.0,0.015324297923460352,56.75594889092761,0.7874573707580567,0.004288583476985464,-2.2332777283029515e-07,1.0,1.0,-0.047389071504854385,0.47562119423488913,2.0622145166022428,2.063639050875765,12.345834587905333,29.87305939032941
2019-04-11 00:00:00-04:00,40923900.0,0.022749748214746145,63.63569569639245,0.7913808345794677,0.0049824459927705345,0.0035640665436871277,-0.5665217391304348,-0.5665217391304348,0.48455402840465434,0.1212163119444305,2.0657722469114774,2.0686091255604,11.50992095594993,29.037145758374006
2019-04-12 00:00:00-04:00,40923900.0,0.03203341074125782,68.29235902458458,0.7913808345794677,0.0,0.004971569261613684,-0.26178535606820463,-0.26178535606820463,0.4080775944805446,0.0731769060938563,2.07073149873044,2.0686091255604,11.206400304716968,28.733625107141044
2019-04-15 00:00:00-04:00,40923900.0,0.03751743562371399,69.76667345957593,0.7936225414276123,0.002832652435076577,-2.0549392276691947e-07,0.2527173913043479,0.2527173913043479,0.17119703320861057,0.021588278045287623,2.0707312932364963,2.0714377735958336,11.431715409544685,28.958940211968763
2019-04-16 00:00:00-04:00,40923900.0,0.03687423352943603,82.05098000719872,0.7947437286376953,0.001412746175362134,2.840524542246925e-07,0.15726681127982656,0.15726681127982656,-0.017144084705816298,0.1760769997832925,2.07073157728891,2.0728495227842005,11.577776437289845,29.10500123971392
2019-04-17 00:00:00-04:00,40923900.0,0.03991524500961149,83.34419685511166,0.7970015525817871,0.015423618334306832,0.004967159179384284,0.40487347703842547,0.40487347703842547,0.08246982212519405,0.015761138353246773,2.0756864408325817,2.0881554061731755,11.917723684090689,29.444948486514768
2019-04-18 00:00:00-04:00,40923900.0,0.037848311221106976,76.05532075248637,0.7947440147399902,-0.015188989169329425,-0.0007079111463327292,-0.5123415610406938,-0.5123415610406938,-0.051783066545296186,-0.08745511238528725,2.0749782789988367,2.072849882777281,11.199583645737869,28.726808448161947
2019-04-22 00:00:00-04:00,40923900.0,0.026027695735475722,74.96828189238823,0.7947440147399902,0.0,-0.002834866252749979,0.05882352941176472,0.05882352941176472,-0.31231553282724056,-0.014292739144915023,2.0721393869024656,2.072849882777281,11.25674205957782,28.783966862001897
2019-04-23 00:00:00-04:00,40923900.0,0.016519937998027433,81.9842211684892,0.7992588520050049,0.005680869791126142,0.0007098099951656778,-0.1356589147286822,-0.1356589147286822,-0.36529387134679103,0.09358543505334516,2.072848945101661,2.0785146772799616,11.11095424611632,28.638179048540398
2019-04-24 00:00:00-04:00,40923900.0,0.027970359240112312,76.4365377671956,0.7975659370422363,-0.0021181059909711752,0.007813000067893094,0.19880418535127053,0.19880418535127053,0.6931273739315558,-0.06766769656678595,2.0806315817349907,2.0763943249299177,11.292278793854607,28.819503596278683
2019-04-25 00:00:00-04:00,40923900.0,0.026734896638968088,74.97114822126355,0.798129940032959,0.0007071553140975961,-0.0035241270438365335,1.0,1.0,-0.044170423073166876,-0.019171322887428843,2.077101230327509,2.077101230327509,12.056992422516021,29.584217224940097
2019-04-26 00:00:00-04:00,40923900.0,0.022510085007147896,73.4257406548365,0.7970015525817871,-0.0014137891520837886,-0.0021210193750058615,-0.596053395240859,-0.596053395240859,-0.15802610680986195,-0.02061336398191549,2.074977958405214,2.0756864408325817,11.150519846322512,28.67774464874659
2019-04-29 00:00:00-04:00,40923900.0,0.023042624289891202,72.30631030396174,0.798129940032959,0.0014157907817327064,0.002125527660355564,-0.1566091954022989,-0.1566091954022989,0.02365780860330835,-0.015245748165306772,2.077101230327509,2.077101230327509,10.980195005816189,28.507419808240265
2019-04-30 00:00:00-04:00,40923900.0,0.025121799992385667,81.58498042849833,0.8015169143676758,0.004243637739710593,0.0021220151076770666,0.7717206132879046,0.7717206132879046,0.09023172345029296,0.12832448627970172,2.079220997141175,2.08133588922958,11.55214617812351,29.079370980547587
2019-05-01 00:00:00-04:00,40923900.0,0.023241592903509762,77.22906588775876,0.8009528160095215,-0.0007037884641515335,0.0014118515742245208,0.45673076923076916,0.45673076923076916,-0.07484364533774612,-0.0533911329985195,2.080631852990066,2.080631852990066,11.928340903931561,29.45556570635564
2019-05-02 00:00:00-04:00,40923900.0,0.01797778716865922,72.94574334565556,0.8009528160095215,0.0,0.0,-0.4481848184818482,-0.4481848184818482,-0.2264821415943329,-0.05546257089692619,2.080631852990066,2.080631852990066,11.333798799072794,28.86102360149687
2019-05-03 00:00:00-04:00,40923900.0,0.02133488628727603,75.58776386714278,0.8032101631164551,0.0028183271995723125,0.0021136570126865095,-0.1722488038277512,-0.1722488038277512,0.18673594737339316,0.03621898140057245,2.0827432793724077,2.0834462161517604,11.144756141605761,28.671980944029837
2019-05-06 00:00:00-04:00,40923900.0,0.021334120826078426,65.84523664729565,0.8009528160095215,-0.002810406554338285,-0.005625321525369098,0.22398843930635848,0.22398843930635848,-3.587838188112702e-05,-0.12889026902517098,2.0771020761380896,2.080631852990066,11.346870880640147,28.874095683064223
2019-05-07 00:00:00-04:00,40923900.0,0.016247802437087698,52.08318665070759,0.7958724021911621,-0.006342962677465591,0.0028283224793446138,0.7532467532467533,0.7532467532467533,-0.2384123737957511,-0.20900600707543038,2.079926406439084,2.0742686882522516,11.908340237224891,29.435565039648967
2019-05-08 00:00:00-04:00,40923900.0,0.01750528840856526,50.0,0.7970015525817871,0.0014187580666402688,-0.003525754649981061,-0.6067340067340068,-0.6067340067340068,0.07739421847025829,-0.039997296338227906,2.0763944216679473,2.0756864408325817,10.975071168816319,28.502295971240397
2019-05-09 00:00:00-04:00,40923900.0,0.023692501347206418,45.99879352966906,0.792485761642456,-0.005665975084619079,-0.0021233823170992983,1.0,1.0,0.3534482148613891,-0.08002412940661885,2.074268781778257,2.0700043532201877,11.835008964139341,29.36223376656342
2019-05-10 00:00:00-04:00,40923900.0,0.03758295510921405,47.05771263290076,0.7930501937866211,0.0007122300128084014,-0.005673790068194795,-0.019565217391304346,-0.019565217391304346,0.5862805939502649,0.023020584280079026,2.068578834619583,2.070716329717568,11.815249814158879,29.342474616582958
2019-05-13 00:00:00-04:00,40923900.0,0.049468588789238536,30.187906282777703,0.7874058246612549,-0.0071172911495245295,-0.0035661730487511756,-0.026607538802660757,-0.026607538802660757,0.3162506419595126,-0.35849184769615006,2.0650062876174657,2.063573589828774,11.788281887731372,29.31550669015545
2019-05-14 00:00:00-04:00,40923900.0,0.047209166055376506,41.378903501808416,0.7919214725494385,0.005734841865217666,0.000715847548144799,-0.4677296886864085,-0.4677296886864085,-0.04567388698894015,0.37071127471384835,2.0657218790689647,2.069292050089151,11.157678073022682,28.68490287544676
2019-05-15 00:00:00-04:00,40923900.0,0.044852232147960754,42.37299784928996,0.7930501937866211,0.0014252943963608544,0.003576296115998412,0.11269614835948638,0.11269614835948638,-0.049925345104615104,0.02402418293752273,2.0692917954440455,2.070716329717568,11.26446410567173,28.791688908095807
2019-05-16 00:00:00-04:00,40923900.0,0.03323398438602402,47.5655555140275,0.7953243732452393,0.015477178562950611,0.001425804438332845,0.6269230769230769,0.6269230769230769,-0.2590338809361792,0.12254402398447617,2.0707165843883795,2.086074958399408,11.751154653702478,29.278379456126558
2019-05-17 00:00:00-04:00,40923900.0,0.02722927866465051,45.02141659068142,0.7947557449340821,-0.013123442754586545,0.0021503667230107215,-0.5728920409771474,-0.5728920409771474,-0.18067968172659687,-0.05348700116822547,2.072864642382019,2.0728646423820196,10.900436187427738,28.427660989851816
2019-05-20 00:00:00-04:00,40923900.0,0.021574022348711263,37.51748357147171,0.7936186790466309,-0.0014307111269079575,-0.0035766145608309152,0.5959409594095941,0.5959409594095941,-0.20769027287090758,-0.16667474254381598,2.069281616443414,2.071432906810708,11.36789969291997,28.89512449534405
2019-05-21 00:00:00-04:00,40923900.0,0.028462197030002613,44.3117597848407,0.7970297336578369,0.00429810273027309,0.005743073642101804,-0.138728323699422,-0.138728323699422,0.31928096531812566,0.18109626676921797,2.0750082615084264,2.0757217990796826,11.218554404367652,28.745779206791727
2019-05-22 00:00:00-04:00,40923900.0,0.02809931714022756,45.214988817969626,0.7975982666015625,0.000713314597582615,0.0007138917559441627,-0.0738255033557047,-0.0738255033557047,-0.012749538954864637,0.020383506263678575,2.0757218985648627,2.0764348593893254,11.141861783579396,28.669086586003473
2019-05-23 00:00:00-04:00,40923900.0,0.02221087453082949,36.95920521351724,0.7936186790466309,-0.004989463645511671,-0.0007134605009587736,0.6115942028985508,0.6115942028985508,-0.20955821025871324,-0.18258953104443376,2.0750081834298393,2.071432906810708,11.61908566079862,29.146310463222697
2019-05-24 00:00:00-04:00,40923900.0,0.019057818288833232,40.35865236949761,0.7941872596740722,0.0007164405809152452,-0.0021412850523173654,-0.4235611510791367,-0.4235611510791367,-0.14196002222333493,0.09197836198969678,2.0728646025487496,2.0721490908705844,11.06819964290876,28.59542444533284
2019-05-28 00:00:00-04:00,40923900.0,0.017279118220658092,43.10871427119779,0.7913451194763184,-0.0035786776520694286,4.3555889428503747e-07,0.20280811232449292,0.20280811232449292,-0.09333177812999482,0.06814057804810725,2.072865038107549,2.0685639944332284,11.25285855955142,28.7800833619755
2019-05-29 00:00:00-04:00,40923900.0,0.02560473708497763,34.838995075323524,0.78565993309021,-0.0071842060387895534,-0.0057227264142277745,0.5382619974059664,0.5382619974059664,0.48183123455720245,-0.1918340487691026,2.0671258741528185,2.0613538577173776,11.683511765545763,29.21073656796984
2019-05-30 00:00:00-04:00,40923900.0,0.03667413918983928,48.52146201020853,0.7913451194763184,0.007236192335463798,-0.003596795907588879,0.49409780775716694,0.49409780775716694,0.43231852247200364,0.3927342595646883,2.063522594222355,2.0685639944332284,12.085034317153118,29.612259119577196
2019-05-31 00:00:00-04:00,40923900.0,0.038537076659736644,36.34165295126227,0.7794060707092285,-0.015087031528027373,0.0021652092704005366,-0.0936794582392777,-0.0936794582392777,0.05079703330606056,-0.25101900384583886,2.0656854628052734,2.0533619958382348,11.986672080494799,29.513896882918875
2019-06-03 00:00:00-04:00,40923900.0,0.051867507035054265,40.97165791459166,0.7794060707092285,0.0,-0.009366002404111229,0.290161892901619,0.290161892901619,0.3459118213096115,0.12740215668061894,2.0562753235941726,2.0533619958382348,12.241439789367465,29.76866459179154
2019-06-04 00:00:00-04:00,40923900.0,0.05186846431385218,42.48940630200506,0.7850909233093262,0.007293826432381634,0.0014544322046028402,-0.44160231660231664,-0.44160231660231664,1.8456233056962645e-05,0.03704386067503673,2.0577286991366948,2.060629350958772,11.658755913181768,29.185980715605844
2019-06-05 00:00:00-04:00,40923900.0,0.04438571027579064,47.727344210920606,0.7907762050628662,0.007241558378455526,0.005810195314036148,-0.19706136560069143,-0.19706136560069143,-0.14426403667523213,0.12327632614316797,2.063522080363255,2.0678448151526645,11.439278924801929,28.96650372722601
2019-06-06 00:00:00-04:00,40923900.0,0.033542425879265904,48.314452143936194,0.7936186790466309,0.003594536564916817,0.0028880703268572283,-0.10118406889128095,-0.10118406889128095,-0.24429674165739346,0.012301290648417229,2.0664059882274035,2.071432906810708,11.332601910838946,28.859826713263026
2019-06-07 00:00:00-04:00,40923900.0,0.047093271556784846,54.54530050519812,0.7998721599578857,0.007879704795717757,0.00791941479067626,0.2790419161676647,0.2790419161676647,0.40399122372050433,0.12896448339513955,2.0742942090365863,2.0792817288578043,11.578713205508231,29.10593800793231
2019-06-10 00:00:00-04:00,40923900.0,0.07035246941024988,56.99972992150949,0.8015774726867676,0.002131981601874555,0.007142619665140293,-0.01217228464419473,-0.01217228464419473,0.4938964120472964,0.044997999709937675,2.081411441011945,2.081411441011945,11.566466231898259,29.093691034322337
2019-06-11 00:00:00-04:00,40923900.0,0.08934611391685991,56.56521669141987,0.8044198036193848,0.003545921672536645,0.003545921672536645,-0.46350710900473935,-0.46350710900473935,0.269978362747318,-0.007623075244180266,2.084951090726436,2.084951090726436,10.943764264191275,28.470989066615353
2019-06-12 00:00:00-04:00,40923900.0,0.08725401799286124,55.555113113584646,0.803851318359375,-0.000706702218732036,-3.9668878293319665e-08,0.4664310954063604,0.4664310954063604,-0.023415634237270222,-0.017857327115807564,2.084951051057557,2.0842441386759796,11.326595886778735,28.853820689202813
2019-06-13 00:00:00-04:00,40923900.0,0.07809053805863263,61.46953342405497,0.8061417579650879,0.015289443862326557,0.0035641841443163624,-0.44698795180722894,-0.44698795180722894,-0.10502072162428477,0.10646041343445845,2.0885088985497657,2.0994178768843543,10.734220396048636,28.261445198472714
2019-06-14 00:00:00-04:00,40923900.0,0.06533937250324608,61.47249476410983,0.8067145347595215,-0.011550962946769938,2.7249380218918873e-07,0.17211328976034856,0.17211328976034856,-0.16328694707946056,4.817573666016095e-05,2.088509171043531,2.0877996833449237,10.893028746149875,28.420253548573953
2019-06-17 00:00:00-04:00,40923900.0,0.040416401523642245,64.1384557905576,0.8061417579650879,-0.0007100117448662902,-0.0014187442506476966,0.4144981412639406,0.4144981412639406,-0.38143878682590115,0.04336835582609644,2.0870894194223455,2.0870894194223455,11.239803543849778,28.767028346273854
2019-06-18 00:00:00-04:00,40923900.0,0.024636678109536056,71.08386767080705,0.8055693626403808,-0.0007100430154516335,0.003551351301414263,0.5361366622864652,0.5361366622864652,-0.39042870763433946,0.10828779387719445,2.0906344795660674,2.086379124206963,11.66907414746016,29.196298949884238
2019-06-19 00:00:00-04:00,40923900.0,0.017330975625904032,71.10834848628565,0.8112945556640625,0.007107014354315044,-0.0014157911825172231,-0.22497861420017107,-0.22497861420017107,-0.2965376440423688,0.0003443934085294309,2.0892176852042406,2.09346100275817,11.414209492031071,28.94143429445515
2019-06-20 00:00:00-04:00,40923900.0,0.026865036891974572,95.70475156927519,0.8158753395080567,0.005646264740732487,0.006379006098037099,0.315673289183223,0.315673289183223,0.5501168238803762,0.34590035637986083,2.095576431555266,2.0990913870947434,11.688558033613386,29.215782836037462
2019-06-21 00:00:00-04:00,40923900.0,0.039310902328097766,95.76546386893652,0.8164473533630371,0.0007011044791787047,0.004928954417602105,-0.700503355704698,-0.700503355704698,0.46327371468606326,0.0006343707983755831,2.1004932784457107,2.099792245914992,10.48290596776773,28.010130770191807
2019-06-24 00:00:00-04:00,40923900.0,0.04494355912448582,95.23047358167041,0.8175929069519043,0.001403095477189753,-0.0007001824051979799,0.526610644257703,0.526610644257703,0.14328485134674884,-0.005586463696330979,2.0997928507983294,2.101194357973502,10.905955980651335,28.433180783075414
2019-06-25 00:00:00-04:00,40923900.0,0.04988149359479176,86.17535945707327,0.8147295951843262,-0.0035021240316931435,0.002804331825390527,1.0,1.0,0.10986968025003829,-0.09508630781754335,2.102593257821147,2.0976860871500276,11.663068123399947,29.190292925824025
2019-06-26 00:00:00-04:00,40923900.0,0.04225760467385694,85.94093746612883,0.817020034790039,0.002811288087791519,-0.002796940646595969,-0.25645438898450945,-0.25645438898450945,-0.15284002886655446,-0.002720290259551672,2.0997923984273528,2.1004934309580716,11.366742954792146,28.893967757216224
2019-06-27 00:00:00-04:00,40923900.0,0.03865012635713999,85.70915982913999,0.8227455139160156,0.007007758539786524,0.0028051363747139124,0.4097222222222223,0.4097222222222223,-0.0853687364572453,-0.0026969409902025676,2.1025936077492577,2.10747674927235,11.710135634257934,29.23736043668201
2019-06-28 00:00:00-04:00,40603500.0,0.029750358867593817,86.88651354438197,0.8273262977600098,0.005567680122849916,0.004895614728703368,0.4310344827586208,0.4198306764675326,-0.23026490023109802,0.013736614821438176,2.107477277924268,2.113028987156008,12.068533231508113,29.587898059261025
2019-07-01 00:00:00-04:00,40603500.0,0.04592248742499556,78.69563792660881,0.8244629859924316,-0.0034609219788257484,0.007654103693093273,-0.11703958691910499,-0.11703958691910499,0.5435944026550066,-0.09427096661657652,2.1151022375855124,2.1095620623324574,11.94405831982697,29.46342314757988
2019-07-02 00:00:00-04:00,40603500.0,0.05375235719470046,81.81611707376162,0.8278983116149903,0.0041667432994865194,-0.0006905105487100549,-0.3749187784275504,-0.3749187784275504,0.17050186539858703,0.039652504628820084,2.11441148852459,2.1137201487959594,11.474184636653797,28.99354946440671
2019-07-03 00:00:00-04:00,40603500.0,0.055016216443979304,82.85515777651935,0.8324790000915527,0.0055329119679286,0.0006914467099183863,-0.39604989604989604,-0.39604989604989604,0.02351262931039333,0.01269970685385835,2.1151026962953683,2.119237810433097,10.969920942840002,28.489285770592915
2019-07-05 00:00:00-04:00,40603500.0,0.05805336364016136,82.60659663216438,0.8324790000915527,0.0,0.0027624942535851016,0.19449225473321863,0.19449225473321863,0.05520458134874939,-0.002999947752503229,2.117861381874385,2.119237810433097,11.147642146494896,28.66700697424781
2019-07-08 00:00:00-04:00,40603500.0,0.049077145793520946,78.08052276367486,0.8296160697937012,-0.0034390420629669682,0.0013771357244227733,0.7521613832853027,0.7521613832853027,-0.15462011645490015,-0.054790707437609276,2.1192375702170887,2.1157928412720466,11.708492248514204,29.227857076267117
2019-07-09 00:00:00-04:00,40603500.0,0.03118408752501134,81.47972224107123,0.8347694396972656,0.006211752750698185,-0.002750472028351436,0.11184210526315796,0.11184210526315796,-0.36459044182784994,0.04353453789858297,2.1164833086903463,2.121985380611549,11.814510442591,29.333875270343913
2019-07-10 00:00:00-04:00,40603500.0,0.029907152667141,76.71001597079626,0.8336238861083984,-0.001372299385184239,0.008275257185656582,0.059171597633136175,0.059171597633136175,-0.040948283538717156,-0.0585385681134627,2.124724513666804,2.1206121387612353,11.871997533508683,29.391362361261596
2019-07-11 00:00:00-04:00,40603500.0,0.034328793697832885,69.56283506685044,0.8313335418701172,-0.002747455149075928,-0.0006842157141115912,-0.1466480446927374,-0.1466480446927374,0.1478456033546096,-0.09317141723274802,2.1240400637702934,2.117860902429921,11.713414325719633,29.232779153472542
2019-07-12 00:00:00-04:00,40603500.0,0.030268703271357257,69.5635697441183,0.831906509399414,0.000689214978633057,-0.004106182721984153,-0.5106382978723405,-0.5106382978723405,-0.11827069900017884,1.0561347408399868e-05,2.119925427530976,2.1185498800089837,10.998760939938723,28.518125767691636
2019-07-15 00:00:00-04:00,40603500.0,0.025358053400375516,73.74772028880506,0.8393492698669434,0.008946630881518702,-3.7995371870991335e-07,1.0,1.0,-0.16223522451418004,0.06014858869488271,2.119925047577185,2.127456726900813,12.223421283864786,29.742786111617697
2019-07-16 00:00:00-04:00,40603500.0,0.03489210424258177,76.6218119128631,0.8382041931152344,-0.00136424345956776,0.008934694644960661,-0.5410319410319411,-0.5410319410319411,0.37597723656757753,0.03897193856030734,2.128820064004648,2.1260915520139108,11.444646624216935,28.964011451969846
2019-07-17 00:00:00-04:00,40603500.0,0.03822236606472035,75.34075612037692,0.8382041931152344,0.0,-0.0006812144873259429,-0.21627408993576014,-0.21627408993576014,0.09544456817466407,-0.01671920515196157,2.1281386173853063,2.1260915520139108,11.200950699949402,28.720315527702315
2019-07-18 00:00:00-04:00,40603500.0,0.031796860210788896,72.73431350784072,0.839933967590332,0.013993934379525452,1.4475467291941158e-05,-0.28551912568306015,-0.28551912568306015,-0.16810853213669208,-0.034595386969195174,2.1281530927478296,2.1399884752907754,10.864751650053014,28.384116477805925
2019-07-19 00:00:00-04:00,40603500.0,0.034227911158361435,60.56618849928035,0.8353216171264648,-0.017192336135588238,0.0006857580028325483,0.6003824091778203,0.6003824091778203,0.07645569189714108,-0.16729552286554072,2.1288386157260835,2.122646634915095,11.334994256477566,28.854359084230477
2019-07-22 00:00:00-04:00,40603500.0,0.03388064658021758,58.7464426471595,0.8312863349914551,-0.004830812530497219,-0.0027433970869074065,0.7538829151732378,0.7538829151732378,-0.010145655004688225,-0.030045573235015,2.126091448628719,2.117804116294579,11.896826395162552,29.416191222915465
2019-07-23 00:00:00-04:00,40603500.0,0.03538036713889974,56.182952766027064,0.8324396133422851,0.0013873418848415753,-0.006877195029997618,-0.12193460490463215,-0.12193460490463215,0.04426481516907721,-0.04363651253794487,2.1191904967098227,2.1191904967098227,11.766792188927278,29.28615701668019
2019-07-24 00:00:00-04:00,40603500.0,0.03820670790225995,49.93873330742232,0.8324396133422851,0.0,-0.000692470602360884,0.2847168347556246,0.2847168347556246,0.07988443851541382,-0.11114082032335837,2.1184977862389536,2.1191904967098227,12.017330520933296,29.53669534868621
2019-07-25 00:00:00-04:00,40603500.0,0.03717312399391924,53.28907664453832,0.8347451210021972,0.0027695794661373174,0.003464449097651645,-0.626207729468599,-0.626207729468599,-0.02705241998302521,0.06708907325484859,2.121956247957492,2.121956247957492,11.033275458672687,28.5526402864256
2019-07-26 00:00:00-04:00,40603500.0,0.034656765669651625,59.594406042546,0.8358983993530273,0.0013815934011636166,0.002762841005586658,0.6978998384491115,0.6978998384491115,-0.06769294732073738,0.11832311225932868,2.1247152793331887,2.1233368878366443,11.562667556865042,29.082032384617953
2019-07-29 00:00:00-04:00,40603500.0,0.031043118183107322,48.97543583420896,0.8341687202453614,-0.0020692456272254356,-0.0006890199143099185,0.36917221693625124,0.36917221693625124,-0.10426961133619905,-0.1781873654509767,2.1240260219355642,2.1212654983627455,11.876873892875459,29.39623872062837
2019-07-30 00:00:00-04:00,40603500.0,0.023734634509180817,54.67696813803722,0.836474609375,0.0027642958476798984,-0.0027567580817663417,-0.40931202223766505,-0.40931202223766505,-0.23543007602578891,0.11641616264792454,2.121265456998241,2.12402598057106,11.350406535472453,28.869771363225365
2019-07-31 00:00:00-04:00,40603500.0,0.02373448424534673,59.93932260150201,0.8370511054992675,0.000689197397991892,0.004837575610806777,0.027058823529411802,0.027058823529411802,-6.330994228309628e-06,0.09624444519636643,2.1260913691403025,2.1247149405815904,11.377105741827693,28.896470569580604
2019-08-01 00:00:00-04:00,40603500.0,0.024457267137618876,61.487877802640554,0.8387805938720703,0.0020661681962310663,0.0006878445042624026,0.21649484536082464,0.21649484536082464,0.0304528585833439,0.025835380413520737,2.126778977187958,2.126778977187958,11.573079387789976,29.092444215542887
2019-08-02 00:00:00-04:00,40603500.0,0.017879622119280722,48.734931835250485,0.8387805938720703,0.0,-0.0006873009450683032,-0.2532956685499058,-0.2532956685499058,-0.2689443992792133,-0.20740585661979705,2.126091439943316,2.126778977187958,11.280993407622939,28.80035823537585
2019-08-05 00:00:00-04:00,40603500.0,0.016877657938938563,32.20396009622664,0.8260980606079101,-0.01512020349161114,-0.0034387120338253974,1.0,1.0,-0.056039449472574554,-0.3392017002282298,2.1226468019502533,2.1115432979295194,12.088414602061942,29.607779429814855
2019-08-06 00:00:00-04:00,40603500.0,0.030504732079741886,36.5081032255354,0.8284038543701172,0.0027911865093961374,-0.006211347005709356,-0.7384701912260967,-0.7384701912260967,0.807403147409701,0.13365260410358926,2.116416084275108,2.114330596311163,10.747207591575448,28.26657241932836
2019-08-07 00:00:00-04:00,40603500.0,0.0510685792283267,30.302832822847066,0.824945068359375,-0.004175241330054091,-0.006249857832665295,1.0,1.0,0.6741199068665551,-0.1699696739749572,2.1101466143229715,2.1101466143229715,11.563618579285746,29.082983407038657
2019-08-08 00:00:00-04:00,40603500.0,0.05483374921890696,38.71046066411409,0.8272513389587403,0.002795665660444424,0.004892083876107289,-0.5826996197718631,-0.5826996197718631,0.0737277215750658,0.2774535268837315,2.1150267708406942,2.1129383793783405,10.689669599063263,28.209034426816174
2019-08-09 00:00:00-04:00,40603500.0,0.053341912295244494,54.411628755625834,0.8347451210021972,0.009058652057172267,-0.000695943818887379,1.0,1.0,-0.027206546058099468,0.40560530208485135,2.1143305847404914,2.121956247957492,12.065660491813428,29.58502531956634
2019-08-12 00:00:00-04:00,40603500.0,0.0455660728414903,46.66643138535109,0.8295570373535156,-0.006215170976324846,0.006263305252495188,-0.3647871116225546,-0.3647871116225546,-0.14577354127679865,-0.1423445235403643,2.1205743570148847,2.1157216824038656,11.611865412825132,29.131230240578045
2019-08-13 00:00:00-04:00,40603500.0,0.03535823584488658,40.69735232335356,0.8232156753540039,-0.007644274852687816,-0.006915690971754596,-0.32699275362318836,-0.32699275362318836,-0.224022751140163,-0.12790948192947238,2.1136346418255423,2.108048040325676,11.215866230705851,28.735231058458762
2019-08-14 00:00:00-04:00,40603500.0,0.0400780160628677,29.524016593483296,0.8099567413330078,-0.016106270103875775,-0.008356396364913365,1.0,1.0,0.1334846070569351,-0.27454699364947677,2.105243135046013,2.0918106544905357,11.917723684090689,29.4370885118436
2019-08-15 00:00:00-04:00,40603500.0,0.06560499296283497,27.882481871408288,0.8093760490417481,0.011629396025815142,-0.009099029572709916,-0.13075383589059375,-0.13075383589059375,0.6369321490346431,-0.055599979659858856,2.0961024564675275,2.103372948824093,11.777594763112937,29.29695959086585
2019-08-16 00:00:00-04:00,40603500.0,0.08665182448688744,30.104714143715796,0.8105373382568359,-0.010787123684233735,-0.0035688506249116347,-0.5264773599386032,-0.5264773599386032,0.32081142872731405,0.07969994502484612,2.0925272223027656,2.0925272223027656,11.030039209893479,28.54940403764639
2019-08-19 00:00:00-04:00,40837400.0,0.08514223988393566,34.59887969997115,0.8169242858886718,0.007879893165158691,0.00859624212291732,0.2139384116693679,0.22093140967420655,-0.017421267375394067,0.14928444544601294,2.1010867271214098,2.100376231246594,11.22390916950531,28.749018055664052
2019-08-20 00:00:00-04:00,40837400.0,0.0811408578676367,34.603006709957356,0.8175047874450684,0.0007105940739231542,-0.0007103975762116077,0.1575433911882509,0.1575433911882509,-0.04699643821625521,0.00011928160743912564,2.100376077093272,2.101086572968088,11.370209162768633,28.895318048927376
2019-08-21 00:00:00-04:00,40837400.0,0.05544725227068616,37.47487965938326,0.8221497535705566,0.005681882475581768,0.002842995051377084,-0.039215686274509776,-0.039215686274509776,-0.3166543498820773,0.0829948961804956,2.1032150384775403,2.1067523744342855,11.330203828154934,28.855312714313676
2019-08-22 00:00:00-04:00,40837400.0,0.043527620071447524,38.01684903650625,0.8227302551269531,0.0007060776383809308,0.0049609127597767255,0.01680672268907557,0.01680672268907557,-0.2149724596098751,0.01446220460343195,2.108163686455894,2.1074582029171256,11.346870880640147,28.871979766798887
2019-08-23 00:00:00-04:00,40837400.0,0.045400714868738506,43.201851267487115,0.8180853843688964,-0.005645678798259168,-0.0014104230872115098,-0.09090909090909094,-0.09090909090909094,0.04303232738698859,0.13638695374258636,2.1067522677858013,2.101796527036314,11.251560700835821,28.776669586994565
2019-08-26 00:00:00-04:00,40837400.0,0.045699653924026334,43.77145694992911,0.8209881782531738,0.0035482774044626186,0.0014121103375037691,-0.3831168831168831,-0.3831168831168831,0.006584457010250011,0.013184751711569964,2.1081633820331183,2.1053385241562506,10.768484990022733,28.293593876181475
2019-08-27 00:00:00-04:00,40837400.0,0.02858463569035653,44.62373406196053,0.8186663627624512,-0.0028280742064554776,7.7954627708543e-07,0.7936842105263158,0.7936842105263158,-0.3745108937175492,0.019471070222916165,2.1081641615790914,2.102506443392259,11.352756712817406,28.87786559897615
2019-08-28 00:00:00-04:00,40837400.0,0.02482810142318826,46.24185260407501,0.8227302551269531,0.004964039747265447,-0.0035265799116980245,0.2699530516431925,0.2699530516431925,-0.13141795151286795,0.03626138816325186,2.1046313486259294,2.1074582029171256,11.591736645394517,29.11684553155326
2019-08-29 00:00:00-04:00,40837400.0,0.01857751563282581,40.55746062467566,0.8244719505310059,0.0021169701651289063,0.0049538166091647184,0.18946395563770801,0.18946395563770801,-0.25175448109474463,-0.12292742741233542,2.109572935458347,2.109572935458347,11.765239393584219,29.29034827974296
2019-08-30 00:00:00-04:00,40837400.0,0.019670092793391877,40.10223910220964,0.8186663627624512,-0.007041583118522765,0.0028175352182666646,-0.18803418803418803,-0.18803418803418803,0.058811801435683986,-0.011224113035051886,2.112386508864213,2.102506443392259,11.556942350387002,29.082051236545745
2019-09-03 00:00:00-04:00,40923900.0,0.028131808803683957,45.326799754696914,0.8186663627624512,0.0,-0.010533681245873727,-0.16746411483253587,-0.16570067362259144,0.43018180438552767,0.1302810209467682,2.1017969556936515,2.102506443392259,11.37366339763672,28.9008882000608
2019-09-04 00:00:00-04:00,40923900.0,0.028387471941335684,67.14404049268921,0.8238917350769043,0.006382786141134522,0.0070970557007628,0.4735632183908045,0.4735632183908045,0.009088044762278091,0.4813320343828493,2.1088689458192516,2.1088689458192516,11.761346823468706,29.288571625892786
2019-09-05 00:00:00-04:00,40408000.0,0.031086087335786584,69.86408946693368,0.8262137413024903,0.0028183390204408187,0.0028183390204408187,-0.17238689547581898,-0.18282005557600556,0.09506360411479187,0.04051065372720042,2.1116833207685928,2.1116833207685928,11.572137324602075,29.0866756677321
2019-09-06 00:00:00-04:00,40408000.0,0.033759395302854656,71.05376344086021,0.8291169166564941,0.0035138308755640058,0.0007028703920473056,-0.19415645617342125,-0.19415645617342125,0.08599692647683366,0.01702840447794851,2.1123859442629307,2.1151909925642056,11.356271654924852,28.870809998054877
2019-09-09 00:00:00-04:00,40408000.0,0.03758351664608935,69.86381822027604,0.8337615966796875,0.005601960266259587,0.00421323766942483,-0.057309941520467866,-0.057309941520467866,0.11327576542555362,-0.016747110398657283,2.116590331098262,2.1207773202061064,11.297253928494719,28.811792271624746
2019-09-10 00:00:00-04:00,40182900.0,0.052083463927297874,71.0535131875566,0.836083984375,0.002785433755357669,0.005594320988231205,-0.15384615384615385,-0.15855980536984293,0.3858060281518991,0.01702877108046863,2.1221690619898115,2.1235588818295725,11.130199843831553,28.63915193378966
2019-09-11 00:00:00-04:00,40182900.0,0.06834597203873884,69.44552178535415,0.8384068489074707,0.0027782669873854804,0.004172917049396707,0.11143695014662747,0.11143695014662747,0.31223937282937686,-0.022630709307193797,2.1263332965666355,2.1263332965666355,11.235853571630463,28.74480566158857
2019-09-12 00:00:00-04:00,40923900.0,0.06310343971210314,70.48108988558494,0.840453815460205,0.0149652481597502,0.0017438862858245585,-0.01187335092348285,0.006348376402461664,-0.07670579801929223,0.014911949303679783,2.1280756640482625,2.1411876702079873,11.22390916950531,28.751133971929388
2019-09-13 00:00:00-04:00,41066100.0,0.06314362780747745,74.44712696930824,0.8381139755249023,-0.015088762400529143,0.0020887367964950165,-0.19359145527369825,-0.19078939351858504,0.0006368606142179711,0.05627093863278154,2.1301622224668995,2.125983914225206,11.008744383922906,28.53943790552199
2019-09-16 00:00:00-04:00,41066100.0,0.05567512720062346,74.46050531234148,0.8410382270812988,0.0034890857828315802,-0.0020849392250809062,-0.13907284768211925,-0.13907284768211925,-0.11827797778146631,0.00017970261013244837,2.1280751067302432,2.129466927269675,10.858998997563564,28.389692519162647
2019-09-17 00:00:00-04:00,41066100.0,0.04132287175221281,76.61442471604514,0.8398686408996582,-0.0013906456852734728,0.0020893917982973687,0.2519230769230769,0.2519230769230769,-0.2577857684400572,0.02892700492252298,2.1301623187851946,2.1280753137393003,11.08367982819666,28.61437334979574
2019-09-18 00:00:00-04:00,41066100.0,0.024375201389717605,75.1754934402814,0.8416236877441406,0.002089668263601796,4.828979998094951e-07,0.032258064516129004,0.032258064516129004,-0.4101280875182076,-0.018781466820338655,2.1301628016830776,2.1301628016830776,11.115428526511241,28.646122048110325
2019-09-19 00:00:00-04:00,41066100.0,0.017902217236470515,75.9338788402926,0.8445478439331054,0.003474422395123744,0.002779545857394039,0.34970238095238093,0.34970238095238093,-0.2655561301732523,0.010088199828228062,2.1329384917461374,2.133631202217007,11.415312636103227,28.94600615770231
2019-09-20 00:00:00-04:00,41066100.0,0.024813769132667012,90.36117753988565,0.8480567932128906,0.004154825928444517,0.003464622839982834,-0.3748621830209482,-0.3748621830209482,0.3860723956648364,0.18999817894114357,2.1363971266071484,2.1377774206896207,10.945529489715843,28.476223011314925
2019-09-23 00:00:00-04:00,41094800.0,0.03371987583648505,90.94318911774913,0.8503965377807617,0.0027589479697542885,0.002762824165785105,1.0,1.0,0.35891793206430944,0.006440947248685269,2.1391561411894413,2.1405325697481534,11.649203083262776,29.180595234043558
2019-09-24 00:00:00-04:00,41094800.0,0.04678995408497962,89.71097684068077,0.850981330871582,0.0006876710626626537,0.004132091550850925,-0.2713787085514834,-0.2713787085514834,0.3876075437488027,-0.013549252989940141,2.1432797190947173,2.141220004473413,11.332601910838946,28.863994061619728
2019-09-25 00:00:00-04:00,41094800.0,0.04240625490442573,65.02880728834265,0.8392839431762695,-0.013745763004379796,-0.0041152622570211905,1.0,1.0,-0.093688896821575,-0.27512987174547887,2.139155965842854,2.1273788937086664,13.11835535600679,30.64974750678757
2019-09-26 00:00:00-04:00,41094800.0,0.046105457826161766,61.63839936245086,0.8386989593505859,-0.0006970034759270494,-0.01101946072837734,-0.7592369477911647,-0.7592369477911647,0.0872324832757152,-0.05213701538240523,2.1280753411125026,2.1266816472128864,11.694413341015606,29.225805491796386
2019-09-27 00:00:00-04:00,41094800.0,0.051921810191624,57.44132372443997,0.8392839431762695,0.000697489628622483,-0.0013925998122317207,-0.23853211009174313,-0.23853211009174313,0.12615322870000534,-0.06809189857982723,2.1266817707319725,2.1273788937086664,11.421906066583059,28.95329821736384
2019-09-30 00:00:00-04:00,41094800.0,0.05555892796921947,56.07707182247168,0.840453815460205,0.0013938933223340833,0.0020922313995683783,1.0,1.0,0.07004990319428828,-0.023750356250718307,2.1287718164635105,2.1287718164635105,12.127029438189721,29.6584215889705
2019-10-01 00:00:00-04:00,41094800.0,0.057772510075155034,48.03127567789647,0.8369444847106934,-0.004175518850598747,-1.9143695262346938e-07,-0.43939393939393945,-0.43939393939393945,0.03984205935654339,-0.1434774656217166,2.12877162502654,2.124587555791162,11.54829260880752,29.0796847595883
2019-10-02 00:00:00-04:00,41094800.0,0.06123559567601608,44.261997107810245,0.8363594055175781,-0.0006990657132025513,-0.005567385089193411,0.5675675675675675,0.5675675675675675,0.0599434851689149,-0.07847550407287662,2.123188684285913,2.123888245617588,11.997817706709714,29.529209857490496
2019-10-03 00:00:00-04:00,41094800.0,0.04361872472835116,43.548777344715674,0.8334352493286132,-0.0034962913906076976,0.0013998386683533592,-0.5548029556650247,-0.5548029556650247,-0.287690039644129,-0.016113592013423217,2.1245875440935094,2.12038582791649,11.188579408146856,28.719971558927636
2019-10-04 00:00:00-04:00,41094800.0,0.026740971002699798,42.623787783206986,0.8357748985290527,0.00280723571786079,-0.0041926820083995064,1.0,1.0,-0.38693826632398576,-0.021240310702337784,2.1203860481492507,2.12318913070688,12.16629177551833,29.69768392629911
2019-10-07 00:00:00-04:00,41094800.0,0.03113223538474853,41.93585714473563,0.8340200424194336,-0.00209967553788426,-0.0007020949314059388,-0.44380853277835586,-0.44380853277835586,0.16421484401614972,-0.0161395942089968,2.119683706633775,2.1210872477598772,11.579649097013137,29.111041247793917
2019-10-08 00:00:00-04:00,41094800.0,0.03441199708126743,34.32863063672582,0.8293416023254394,-0.005609505594640574,-0.0007016732357868483,0.8802619270346117,0.8802619270346117,0.10534938002317795,-0.1814014789719106,2.118981787110107,2.115461949802808,12.211060187041213,29.742452337821994
2019-10-09 00:00:00-04:00,41094800.0,0.029794523064677354,35.29394838248659,0.8328503608703614,0.004230775997590586,0.0007022605901538803,-0.5054726368159204,-0.5054726368159204,-0.13418209950690863,0.028119902479536885,2.1196838012306767,2.1196838012306767,11.506907392644665,29.038299543425445
2019-10-10 00:00:00-04:00,41094800.0,0.021110668046193534,30.721023255336306,0.833734130859375,0.01366844576631654,-0.002476125644579774,-0.08853118712273644,-0.08853118712273644,-0.291458097840099,-0.1295668333163722,2.1172046049170374,2.1332596763693585,11.414209492031071,28.94560164281185
2019-10-11 00:00:00-04:00,41094800.0,0.019814560691370237,28.485826654793712,0.8349128723144531,-0.011041082330364271,0.004964868283175994,0.0596026490066226,0.0596026490066226,-0.06139584744486559,-0.0727578825081725,2.1221571888849056,2.1221571888849056,11.472103470449973,29.003495621230755
2019-10-14 00:00:00-04:00,41094800.0,0.022616068176377215,34.88988782480497,0.8390370368957519,0.004939634682917582,0.003528237586257532,0.0697916666666667,0.0697916666666667,0.14138630316578804,0.2248157038803562,2.125679216842674,2.127084663599849,11.53956739591665,29.07095954669743
2019-10-15 00:00:00-04:00,41094800.0,0.027780693225230385,54.38593772758686,0.8419833183288574,0.003511503430177587,2.531355602908292e-07,-0.08471275559883151,-0.08471275559883151,0.22836087195066423,0.5587879789318544,2.125679469978202,2.130590016096999,11.451050061252142,28.98244221203292
2019-10-16 00:00:00-04:00,41094800.0,0.03486991031391728,48.77582387650677,0.8378588676452636,-0.004898494535235942,0.0028129514620129914,0.3468085106382979,0.3468085106382979,0.2551850319648783,-0.10315375785521119,2.128488472495977,2.1256794846126996,11.748787788692212,29.280179939472994
2019-10-17 00:00:00-04:00,41094800.0,0.03386643292527213,55.637262571580564,0.8437508583068848,0.007032199442108977,-0.0021039429364708706,-0.48104265402843605,-0.48104265402843605,-0.028777745041823066,0.14067294306388245,2.1263823131622384,2.132687073450735,11.092854204472703,28.624246355253483
2019-10-18 00:00:00-04:00,41094800.0,0.0392110180333899,51.90155273317081,0.8419833183288574,-0.002094860065178672,0.005622081468941609,-0.0821917808219178,-0.0821917808219178,0.15781364160526867,-0.06714402660633323,2.1319886497163885,2.130590016096999,11.007087382715277,28.53847953349606
2019-10-21 00:00:00-04:00,41094800.0,0.03288073357807461,61.22035244245659,0.8461074829101562,0.004898154739555016,0.0013972362193614973,0.4461028192371477,0.4461028192371477,-0.16144147162730582,0.17954760924387592,2.133384910709532,2.1354762139053314,11.375959609897071,28.90735176067785
2019-10-22 00:00:00-04:00,41094800.0,0.031125294524461382,62.65743117166391,0.8466971397399903,0.0006969053480130327,0.0006983632453181343,-0.2580275229357798,-0.2580275229357798,-0.05338807449185934,0.023473872198924273,2.134083030212713,2.1361728765275774,11.077516480488992,28.608908631269774
2019-10-23 00:00:00-04:00,41094800.0,0.035491898675171614,70.2627207171553,0.85023193359375,0.004174803111824943,0.0027888069386632353,0.32766615146831524,0.32766615146831524,0.1402911753101168,0.12137889158996984,2.1368679556441474,2.1403389893273896,11.360939107972346,28.892331258753128
2019-10-24 00:00:00-04:00,41094800.0,0.03469075603798653,68.48366022634994,0.85023193359375,0.0,0.0006954262032163872,0.7729918509895226,0.7729918509895226,-0.02257254942930198,-0.025320119583285505,2.13756314015061,2.1403389893273896,11.933607538883253,29.464999689664033
2019-10-25 00:00:00-04:00,40923900.0,0.03574719039937331,72.14064526507345,0.8508213043212891,0.0006931881810741114,0.001390057466443162,-0.49376231122783976,-0.4958675902658486,0.030452906827109327,0.05339938062067007,2.138952232381558,2.141031937364507,11.25285855955142,28.7800833619755
2019-10-28 00:00:00-04:00,40754100.0,0.029006899969088625,78.13449413609487,0.8490534782409668,-0.0020777877461971572,0.0027756024490064313,0.2619974059662775,0.25676117091700146,-0.1885544109895375,0.08308560103666451,2.1417239899590004,2.138951988022607,11.485554268174097,29.008621274260975
2019-10-29 00:00:00-04:00,40754100.0,0.025326020555951234,77.7777470361199,0.8519998550415039,0.003470189895036224,-0.0020757441351784145,0.07605344295991778,0.07605344295991778,-0.12689668379109598,-0.00456580802012474,2.139646088481053,2.14241617070213,11.558854396858628,29.081921402945508
2019-10-30 00:00:00-04:00,40754100.0,0.025779122348023677,75.86215557031471,0.8514106750488282,-0.0006915259306553567,0.0034674726370194087,-0.26361031518624645,-0.26361031518624645,0.017890761443213332,-0.024629042866407436,2.143107563295686,2.14172440555713,11.25285855955142,28.7759255656383
2019-10-31 00:00:00-04:00,40754100.0,0.020652505985617648,68.85115844663079,0.8484640121459961,-0.0034609184371138246,-0.0006918003261094929,0.42931258106355386,0.42931258106355386,-0.19886698597398356,-0.09241758385293453,2.1424155235653113,2.138257484287591,11.610052175700952,29.13311918178783
2019-11-01 00:00:00-04:00,40754100.0,0.017298177404555703,68.33281631441943,0.8519998550415039,0.004167345750546003,-0.0006909320695400734,-0.24773139745916517,-0.24773139745916517,-0.1624175092067709,-0.007528444602905915,2.1417243526922047,2.14241617070213,11.325390341123386,28.848457347210267
2019-11-04 00:00:00-05:00,40754100.0,0.014994553382393321,67.24076828414124,0.8537675857543945,0.002074801659214476,0.0020762374502936165,0.10373944511459587,0.10373944511459587,-0.13317148785603805,-0.01598131160368621,2.1437984377402737,2.14448882293296,11.424094251263613,28.947161257350494
2019-11-05 00:00:00-05:00,40754100.0,0.014994819757938812,76.92180798416365,0.8543566703796387,0.0006899824203605576,0.001381082501874742,-0.2546448087431694,-0.2546448087431694,1.7764820244847712e-05,0.1439757448801442,2.1451785674248884,2.1451785674248884,11.130199843831553,28.653266849918435
2019-11-06 00:00:00-05:00,40952100.0,0.02089179747961244,72.09203414582737,0.8549460411071778,0.0006898415474150266,0.0020691179266369986,0.6246334310850439,0.6325265613309539,0.39326766289081605,-0.06278809566372401,2.1472455476752565,2.1458681711409944,11.61548205329532,29.143395702295077
2019-11-07 00:00:00-05:00,40952100.0,0.01790959929349048,75.60770536454427,0.8543566703796387,-0.0006893659941109576,-0.0006883517309946852,0.07851985559566788,0.07851985559566788,-0.1427449308290577,0.048766431137251987,2.146556958921433,2.1451785674248884,11.691071650353702,29.218985299353456
2019-11-08 00:00:00-05:00,40867700.0,0.017489414304271155,73.68248451860748,0.8567134857177734,0.0027585848157392068,-0.002754916962943388,-0.056903765690376584,-0.058847434566349555,-0.023461439998383904,-0.025463288915518523,2.1437982401907782,2.1479333543285066,11.632484700027868,29.15833527798771
2019-11-11 00:00:00-05:00,40867700.0,0.01590439520880003,74.99817927284204,0.858481502532959,0.002063720070548669,0.001381711513119388,-0.12954747116237797,-0.12954747116237797,-0.09062733993808136,0.017856275651268128,2.145178998018922,2.149994947854017,11.493742645553455,29.019593223513297
2019-11-12 00:00:00-05:00,40867700.0,0.015375534130753562,71.42705212148115,0.8590703964233398,0.0006859715540092903,0.0034479019832129865,0.08868501529051986,0.08868501529051986,-0.03325251108912619,-0.04761618463255202,2.1486209696157768,2.150680684237081,11.578713205508231,29.104563783468073
2019-11-13 00:00:00-05:00,40867700.0,0.01845294068401619,67.56522689994533,0.8578915596008301,-0.0013722237751617739,0.001374019258836734,-0.15636704119850187,-0.15636704119850187,0.20014957055100369,-0.054066703116457004,2.149994045773945,2.149307518100689,11.40867544359643,28.934526021556273
2019-11-14 00:00:00-05:00,40867700.0,0.01881595652805558,63.98030857379539,0.8570016860961914,0.011202029426461424,-0.001031516393445342,0.025527192008879096,0.025527192008879096,0.01967251996609054,-0.05305862927773042,2.148961997001328,2.1604472694577677,11.433882257629776,28.95973283558962
2019-11-15 00:00:00-05:00,40586600.0,0.019672958916897302,73.42063800617953,0.8599691390991211,-0.008683034416875013,-1.8332149909205953e-08,-0.32359307359307354,-0.32824559837457556,0.045546575724911165,0.14755054551660352,2.148961978669178,2.1517263178471246,11.042921835724492,28.561870356557126
2019-11-18 00:00:00-05:00,40979700.0,0.024925365057887342,62.30784721756058,0.8575952529907227,-0.002760431741638092,0.003460311589226217,0.22239999999999993,0.2342395095918357,0.2669860778532249,-0.15135786190912193,2.152416317155489,2.148962069087757,11.243737975154612,28.772325355258626
2019-11-19 00:00:00-05:00,40979700.0,0.01881717169823036,63.965818739393725,0.8575952529907227,0.0,-0.002068947101461549,-0.29450261780104714,-0.29450261780104714,-0.24505933395443358,0.026609353329830165,2.150345226826313,2.148962069087757,10.89488575689709,28.423473137001103
2019-11-20 00:00:00-05:00,40979700.0,0.011152338672260599,69.4880756867534,0.8564082145690918,-0.0013841476121646545,-9.900501651838312e-08,0.18367346938775508,0.18367346938775508,-0.4073318322694899,0.08633137285177539,2.1503451278212915,2.147576962658421,11.06350846933288,28.592095849436895
2019-11-21 00:00:00-05:00,40979700.0,0.011709629150313068,55.29224967748338,0.8540342330932618,-0.0027720209071377955,-0.0020733232770935306,0.4670846394984327,0.4670846394984327,0.049970727614166544,-0.2042915402243063,2.1482696522340214,2.144801092586372,11.446785662465684,28.9753730425697
2019-11-22 00:00:00-05:00,40979700.0,0.018406368290243332,55.322619832702784,0.8558150291442871,0.002085157692772288,-0.0027696872547998685,-0.2681623931623932,-0.2681623931623932,0.5719001903447318,0.0005492660435513219,2.1454961222984874,2.1468840793551314,11.134589024250317,28.66317640435433
2019-11-25 00:00:00-05:00,40979700.0,0.0209626234274276,57.9281588666788,0.8575952529907227,0.002080150249541113,0.000694185688310478,0.6364963503649634,0.6364963503649634,0.13887884328269484,0.04709717366703248,2.146190067151363,2.148962069087757,11.62714660906025,29.155733989164265
2019-11-26 00:00:00-05:00,40979700.0,0.021515173363323894,57.936015162903175,0.8581884384155274,0.0006916845944937577,0.004163430250061495,0.25958965209634255,0.25958965209634255,0.026358816099960825,0.00013562136926292823,2.1503448543073422,2.149653514578711,11.85793260404128,29.386519984145295
2019-11-27 00:00:00-05:00,40979700.0,0.017756579022641206,64.90679333963354,0.8611561775207519,0.0034581438905234574,-0.0006907860671290234,0.31303116147308785,0.31303116147308785,-0.17469505251999606,0.12031856449101808,2.1496538295375833,2.1531056928390333,12.130270932113891,29.658858312217905
2019-11-29 00:00:00-05:00,40979700.0,0.025837276578429,63.00984652815119,0.8623434066772461,0.0013786455784503548,0.0048412405400446445,-0.6429341963322546,-0.6429341963322546,0.4550818908013863,-0.029225705259483648,2.154483388958213,2.154483388958213,11.1004357419251,28.629023122029114
2019-12-02 00:00:00-05:00,40979700.0,0.030973784928651906,54.80578632531341,0.8605624198913574,-0.0020652871838506837,-6.130523221292705e-07,0.9501510574018126,0.9501510574018126,0.1988022357786452,-0.13020282788932702,2.154482775905703,2.1524159661277977,11.768342576834733,29.296929956938747
2019-12-03 00:00:00-05:00,40979700.0,0.03042742987182599,53.542109100129956,0.8605624198913574,0.0,-0.004817597805275686,1.0,1.0,-0.017639273278498124,-0.023057368754506813,2.1496535360699904,2.1524159661277977,12.52379883933033,30.052386219434347
2019-12-04 00:00:00-05:00,40979700.0,0.025641731490717298,56.7166470007003,0.8605624198913574,0.0,0.0027662490835065334,-0.7358078602620087,-0.7358078602620087,-0.15728237321614758,0.05929049030611755,2.1524159661277977,2.1524159661277977,11.192720200812888,28.721307580916903
2019-12-05 00:00:00-05:00,40979700.0,0.01989659949803957,61.764358391500984,0.8617497444152832,0.00137970761502193,0.002069313053588928,0.005509641873278293,0.005509641873278293,-0.2240539799255583,0.08899876240459625,2.1544831411021916,2.1537947228208303,11.198214720130528,28.726802100234544
2019-12-06 00:00:00-05:00,40979700.0,0.019642259769882386,61.764719781855646,0.8647173881530762,0.0034437419413528847,2.675020174258691e-07,0.5356164383561643,0.5356164383561643,-0.012783075227615792,5.851114851296302e-06,2.154483408604173,2.157232548661363,11.62714660906025,29.155733989164265
2019-12-09 00:00:00-05:00,40979700.0,0.020106188327089106,76.31420936014749,0.8694648742675781,0.0054902170114121684,0.0027524115498387403,0.18644067796610164,0.18644067796610164,0.02361889938539896,0.23556311158989485,2.157232039205571,2.1627077493681335,11.79810440720389,29.326691787307904
2019-12-10 00:00:00-05:00,40979700.0,0.02541291297669408,77.49877481501716,0.8706521987915039,0.0013655807831522981,0.001373076833751652,-0.3315789473684211,-0.3315789473684211,0.26393489224684186,0.015522213553695874,2.1586041742313444,2.16407239859383,11.395267421501996,28.923854801606012
2019-12-11 00:00:00-05:00,40979700.0,0.04039878737378374,84.44305582831944,0.8748064041137695,0.004771371769383803,0.005482952001209185,0.1417322834645669,0.1417322834645669,0.5896952628308707,0.08960504252973922,2.164072149570502,2.1688324234481846,11.52781407746398,29.056401457567993
2019-12-12 00:00:00-05:00,40979700.0,0.055620482256417816,93.10460689797772,0.8763009071350097,0.01371103705326826,0.006488155167748699,-0.322167487684729,-0.322167487684729,0.37678593522616466,0.10257268622855165,2.17053934726091,2.1824503146843153,11.138959023921435,28.66754640402545
2019-12-13 00:00:00-05:00,40979700.0,0.060973932819445874,78.87020879146863,0.8721164703369141,-0.01655888788559856,-2.3830215523101828e-07,0.7936046511627908,0.7936046511627908,0.09624962506344215,-0.15288607707787083,2.1705391089587263,2.165752795901755,11.723186390453424,29.25177377055744
2019-12-16 00:00:00-05:00,40979700.0,0.056873376283145295,80.90120237666326,0.8768989562988281,0.005483769799768279,-0.003410091855733377,0.46515397082658017,0.46515397082658017,-0.06725097671562408,0.025751086707080262,2.1671231894875196,2.171221584579642,12.105146726940212,29.63373410704423
2019-12-17 00:00:00-05:00,40979700.0,0.05078232600496966,81.26237527371634,0.8780941963195801,0.0013630304976035568,0.0041065420724113455,1.0,1.0,-0.10709844704578841,0.004464369953014025,2.171221322728986,2.1725836869944177,13.082374369187965,30.61096174929198
2019-12-18 00:00:00-05:00,40979700.0,0.04247593358540148,79.75512740430517,0.8786916732788086,0.0006804246762281974,0.0006813527385174378,-0.5643213988343048,-0.5643213988343048,-0.1635685694813448,-0.018547917955072157,2.17190244345211,2.1732638802867292,12.251523908434091,29.780111288538105
2019-12-19 00:00:00-05:00,40923900.0,0.027540150864331814,80.921357636093,0.8816801071166992,0.0034010039343372878,0.0013619951324108648,-0.19875776397515532,-0.19984877529954725,-0.3516292982952335,0.014622636434092007,2.1732635119104717,2.176659113886771,12.029931947811301,29.55715675023538
2019-12-20 00:00:00-05:00,41166800.0,0.02916629198161763,87.11523665771993,0.8846693992614746,0.0033904498021977147,0.004762556130966988,-0.06738223017292788,-0.06184676419116664,0.05904619496445407,0.07654195632111227,2.178014762950865,2.1800438290723356,11.960172107093348,29.493314771318694
2019-12-23 00:00:00-05:00,41166800.0,0.051353921777469703,87.34811217928386,0.8852671623229981,0.000675690898795045,0.006770441518711978,-0.4008951406649617,-0.4008951406649617,0.7607285084383049,0.0026731893351665814,2.184762387957741,2.180719291794814,11.447853468226514,28.98099613245186
2019-12-24 00:00:00-05:00,41166800.0,0.05593696888060013,88.39665627371801,0.8882558822631836,0.0033760655171517495,-0.002689957504412921,-0.23159018143009602,-0.23159018143009602,0.08924434482316657,0.012004198697299628,2.1820688060164604,2.1840896711969817,11.184421397998193,28.71756406222354
2019-12-26 00:00:00-05:00,41166800.0,0.05575277608057428,88.86639008360928,0.8909646987915039,0.014870508365974144,0.004399545110724379,0.5180555555555555,0.5180555555555555,-0.0032928634445498206,0.005313931880372769,2.18645870142112,2.198850697587414,11.60185167416463,29.134994338389976
2019-12-27 00:00:00-05:00,41166800.0,0.061229418089908665,88.51140820804466,0.892771053314209,-0.009643911169177843,0.00405722962219035,1.0,1.0,0.09823083968804536,-0.003994557168696011,2.1905077226818546,2.1891599827502217,12.60786434827203,30.141007012497376
2019-12-30 00:00:00-05:00,41166800.0,0.05380315321339757,87.9358366992304,0.8957808494567872,0.0033712967410906014,-0.002020507113166703,-0.6303111408497826,-0.6303111408497826,-0.1212858966846041,-0.006502794616727536,2.1884851715904783,2.192525609410563,11.612770799939945,29.145913464165293
2019-12-31 00:00:00-05:00,41166800.0,0.042048447902911866,90.01935758300895,0.9042088508605955,0.009408552782657953,0.0026989809249440277,0.3782805429864253,0.3782805429864253,-0.21847614142359695,0.02369364939239582,2.1911805168067424,2.201890177433879,11.933607538883253,29.4667502031086
2020-01-02 00:00:00-05:00,41166800.0,0.0572472758421929,89.42725439215809,0.9060151100158691,0.001997612778900093,0.010767510623896692,1.0,1.0,0.36145990392735783,-0.006577509624025812,2.201890470582159,2.2038857976375263,12.653319287653293,30.18646195187864
2020-01-03 00:00:00-05:00,41166800.0,0.06746788781585433,89.81712269952888,0.9090249061584472,0.0033220153938993136,-2.5552469906653386e-07,-0.3350383631713555,-0.3350383631713555,0.17853446864153755,0.00435961396803175,2.2018902150574275,2.207202307328271,12.245293358683455,29.778436022908803
2020-01-06 00:00:00-05:00,41166800.0,0.06728153092403276,89.75317546272392,0.904811191558838,-0.004635422606203865,0.002663497837440243,-0.0043269230769230616,-0.0043269230769230616,-0.002762156899445478,-0.0007119715582394326,2.204550172070428,2.2025561078341815,12.240957047383676,29.774099711609022
2020-01-07 00:00:00-05:00,41166800.0,0.06044417576948877,82.91000290424364,0.9024028778076172,-0.002661675467421798,-0.0033203994522384983,-0.43940125543215836,-0.43940125543215836,-0.10162306149460265,-0.07624435038872102,2.2012242478589332,2.1998908838104776,11.662207167685983,29.19534983191133
2020-01-08 00:00:00-05:00,41166800.0,0.05506591631108964,85.00947742473112,0.9090249061584472,0.007338217234987399,-0.0006662864447668504,0.8975021533161067,0.8975021533161067,-0.08897895272672385,0.02532233080382662,2.2005577393467073,2.207202307328271,12.302745532790434,29.835888197015784
2020-01-09 00:00:00-05:00,41166800.0,0.04267061977923588,77.32681466699954,0.904811191558838,-0.004635422606203865,0.005333713884151381,-0.681343622333182,-0.681343622333182,-0.22509925126511499,-0.09037419109573919,2.2058772793562165,2.2025561078341815,11.159103590013903,28.69224625423925
2020-01-10 00:00:00-05:00,41166800.0,0.017674874982001026,77.89358584984056,0.9090249061584472,0.00465700981477668,-0.001989755051018949,0.41880341880341887,0.41880341880341887,-0.5857834952141504,0.00732955554010295,2.2038855421127947,2.207202307328271,11.50891744357269,29.042060107798036
2020-01-13 00:00:00-05:00,41166800.0,0.021101735321971116,72.65676531916209,0.9066169738769532,-0.0026489178296226212,0.002657891398946788,0.1887550200803212,0.1887550200803212,0.19388314448955302,-0.067230446172728,2.2065399075647383,2.2045498749078676,11.681824001432043,29.21496666565739
2020-01-14 00:00:00-05:00,41166800.0,0.02026717844255499,72.99467944429769,0.9078207969665527,0.0013278188300973603,-0.0019882227458090096,-0.060810810810810856,-0.060810810810810856,-0.03954920610473145,0.0046508280908355015,2.2045497056803383,2.2058768129661264,11.61908566079862,29.152228325023966
2020-01-15 00:00:00-05:00,41166800.0,0.021345203885673746,72.327337290841,0.9096268653869627,0.0019894547761463155,0.0013280707809912862,-0.07733812949640284,-0.07733812949640284,0.05319070171382245,-0.009142339668275934,2.205876895355358,2.2078642913979167,11.538593211718807,29.071735875944153
2020-01-16 00:00:00-05:00,41166800.0,0.025642167297299134,73.8099234496144,0.9150448799133301,0.005956304428258674,0.003978781615153748,1.0,1.0,0.20130814559749322,0.02049828203700721,2.209847782552124,2.2138029271701694,12.25247901834433,29.785621682569676
2020-01-17 00:00:00-05:00,41166800.0,0.03166440219370996,71.95133024607298,0.9144428253173829,-0.0006579508930799616,0.003962935244593346,-0.3599045346062052,-0.3599045346062052,0.2348567040604692,-0.025180803836088117,2.2138028860531507,2.2131447597324114,11.80634106926977,29.33948373349512
2020-01-21 00:00:00-05:00,41166800.0,0.03575984296221313,67.50021782695865,0.9126368522644045,-0.0019749436520009045,-0.0013157344846116414,-0.35719612229679343,-0.35719612229679343,0.12933895746551372,-0.061862823159649305,2.212486285229924,2.2111678633076957,11.364425456651784,28.897568120877132
2020-01-22 00:00:00-05:00,41166800.0,0.03689949839793556,63.888956119757374,0.9162487030029297,0.003957599048913796,0.0019760550621801265,0.06612529002320189,0.06612529002320189,0.0318696991182732,-0.05350000079198236,2.214460390463523,2.2151176516624416,11.428456308343778,28.961598972569128
2020-01-23 00:00:00-05:00,41166800.0,0.036899460456256035,62.31864758567982,0.9162487030029297,0.0,-0.0006574772423902919,0.5418933623503808,0.5418933623503808,-1.0282437750142037e-06,-0.024578716408107715,2.2138026969881865,2.2151176516624416,11.861467425678772,29.39461008990412
2020-01-24 00:00:00-05:00,41166800.0,0.029869626271789178,53.52131217771794,0.9120349884033203,-0.00459887646858248,0.0013161994729848914,-0.12350035285815097,-0.12350035285815097,-0.1905131971455425,-0.14116698209579592,2.2151180310299488,2.2105081678276672,11.729648448481516,29.262791112706864
2020-01-27 00:00:00-05:00,41166800.0,0.027959438768921586,44.705516178391676,0.8993928909301758,-0.0138614171976853,-0.00854142861751861,0.3969404186795491,0.3969404186795491,-0.06395083371604482,-0.16471561777210064,2.2065399153550502,2.196549784081315,12.063932878369052,29.5970755425944
2020-01-28 00:00:00-05:00,41166800.0,0.05918830997020263,54.73686316951524,0.9078207969665527,0.009370661166401506,-0.009277865362725346,-0.2253602305475504,-0.2253602305475504,1.0,0.22438723112142922,2.197218742524107,2.2058768129661264,11.808575707071187,29.341718371296533
2020-01-29 00:00:00-05:00,41166800.0,0.06133612735076333,48.80938909760254,0.9078207969665527,0.0,0.00668898881241109,-0.4776785714285714,-0.4776785714285714,0.036287864641548095,-0.10829035002528065,2.2038854593138937,2.2058768129661264,11.159103590013903,28.69224625423925
2020-01-30 00:00:00-05:00,41166800.0,0.06250664291158994,53.24638718809649,0.9078207969665527,0.0,-0.000664467026916471,1.0,1.0,0.019083623492118784,0.09090460201461292,2.2032207714309227,2.2058768129661264,12.200557464842063,29.73370012906741
2020-01-31 00:00:00-05:00,41166800.0,0.05686891213131411,43.58958735729528,0.9030048370361328,-0.005304967617521306,0.0013298852594916255,-0.44142785319255906,-0.44142785319255906,-0.09019410606085332,-0.18136065826753478,2.2045497731762405,2.200557724043709,11.618185975627721,29.15132863985307
2020-02-03 00:00:00-05:00,41166800.0,0.04876623018392338,49.36722821694918,0.9060151100158691,0.003333617779520237,-0.0013277811392375938,-0.3204320432043204,-0.3204320432043204,-0.1424799885160648,0.13254635361183187,2.2032211097545544,2.2038857976375263,11.231887935237117,28.765030599462463
2020-02-04 00:00:00-05:00,41166800.0,0.033234344587252655,54.02318733964702,0.9120349884033203,0.006644346568729587,0.005983919202242394,0.1258278145695364,0.1258278145695364,-0.3184967453520956,0.09431275141145812,2.209187196415915,2.2105081678276672,11.350406535472453,28.8835491996978
2020-02-05 00:00:00-05:00,41166800.0,0.04252775785189314,52.94118743383714,0.9126368522644045,0.0006599131269491298,0.0026435832525595337,1.0,1.0,0.279632812984826,-0.020028435179273663,2.2118272915483397,2.2111678633076957,12.163686929033735,29.696829593259086
2020-02-06 00:00:00-05:00,41166800.0,0.03626299899627623,52.94118743383697,0.9180548667907716,0.005936659814825829,-2.5619737442639234e-08,-0.2723004694835681,-0.2723004694835681,-0.14730987881925284,-3.219646771412954e-15,2.211827265928602,2.2170869705923173,11.845819880243557,29.378962544468905
2020-02-07 00:00:00-05:00,41166800.0,0.04504878640285845,51.72403118843071,0.9162487030029297,-0.001967381093633036,0.003954952872480266,-0.16559139784946242,-0.16559139784946242,0.2422796693534479,-0.022990724318894484,2.2157744185346635,2.2151176516624416,11.664787814279475,29.197930478504823
2020-02-10 00:00:00-05:00,41031100.0,0.04435345842533781,56.17973528134348,0.9192587852478027,0.0032852240172431824,-0.0006564910593983564,0.021477663230240474,0.01811051983069656,-0.015434999098588698,0.08614379023708807,2.2151177118906515,2.218397491121028,11.686038082678873,29.215878956389343
2020-02-11 00:00:00-05:00,41031100.0,0.04685213358847825,55.1730102861138,0.9216673851013184,0.002620154294055821,0.003942788509301964,0.5248107653490328,0.5248107653490328,0.05633552042726442,-0.01791971767378553,2.2190527479800926,2.2210142187950317,12.107908396742943,29.637749270453412
2020-02-12 00:00:00-05:00,41031100.0,0.045107475046186285,57.608860358436715,0.9246768951416016,0.003265288637670949,0.004580692936192454,0.01765030336458917,0.01765030336458917,-0.03723754733596607,0.044149305243472936,2.2236229814712383,2.2242741879543684,12.125404742462718,29.65524561617319
2020-02-13 00:00:00-05:00,41165100.0,0.04937485790540611,61.98574490909432,0.9243739128112791,0.011027654874101733,0.0016354719541680218,-0.0840108401084011,-0.08101938856492619,0.09460478235260084,0.07597589196219223,2.225257117497533,2.2352414815989077,12.037653993905211,29.57075536186507
2020-02-14 00:00:00-05:00,41761300.0,0.04772413772673573,83.21416930769227,0.9267983436584473,-0.00863813723130602,-0.0013099537440233178,-0.3846153846153846,-0.3757026816778888,-0.03343240363005984,0.34247268351345395,2.223946305014083,2.2265658194067366,11.55214617812351,29.09962680944583
2020-02-18 00:00:00-05:00,41761300.0,0.042814641576934154,77.47418563523287,0.9261921882629396,-0.0006540315912897388,0.0026229539531272827,0.2701923076923076,0.2701923076923076,-0.10287239086252165,-0.06897844105413431,2.226565825026891,2.2259115738434843,11.791314490510416,29.338795121832735
2020-02-19 00:00:00-05:00,41761300.0,0.04028842597604399,80.01108653062437,0.9304354667663575,0.004581423334368617,0.0006542652934709015,-0.17789553368660105,-0.17789553368660105,-0.05900354429805921,0.032745112124648035,2.2272198763821347,2.230482534402068,11.595426686481972,29.14290731780429
2020-02-20 00:00:00-05:00,41761300.0,0.03605340335933092,77.51745413614569,0.9292234420776367,-0.0013026423991907565,0.00457546425926636,0.3186003683241252,0.3186003683241252,-0.10511759926365138,-0.031166085883913563,2.231784905024561,2.2291790428267384,11.871997533508683,29.419478164831002
2020-02-21 00:00:00-05:00,41761300.0,0.02714156275568212,73.99328191383506,0.9225552558898926,-0.007176084766904789,-0.00260310700511146,0.7548882681564246,0.7548882681564246,-0.24718444788215366,-0.0454629510422393,2.229178404045211,2.221977086116402,12.434402723531683,29.981883354854002
2020-02-24 00:00:00-05:00,41761300.0,0.05403810583587492,52.51483876683219,0.9086140632629396,-0.015111498783349608,-0.015655333900947976,-0.09311579785117385,-0.09311579785117385,0.9909725288224966,-0.29027558437013845,2.213399231210829,2.2067502451647547,12.336662215233776,29.884142846556095
2020-02-25 00:00:00-05:00,41761300.0,0.07736575626583606,35.432749548719215,0.8946725845336914,-0.015343674826232334,-0.003976315311554068,0.9938569548047389,0.9938569548047389,0.43168889932619225,-0.32528118945500484,2.2094149893382315,2.191287638018962,13.026733146389079,30.5742137777114
2020-02-26 00:00:00-05:00,41761300.0,0.12252839460187263,43.48476507839128,0.903765106201172,0.010162959975150931,-0.013971683505817789,-0.38512323943661975,-0.38512323943661975,0.5837548873800635,0.22724783236482193,2.1953447831002975,2.2013993023672325,12.540399725804999,30.087880357127318
2020-02-27 00:00:00-05:00,41761300.0,0.15819636019897082,27.447903590258633,0.8783068656921387,-0.02816908988226252,-0.008097230282954837,0.3539727988546886,0.3539727988546886,0.2910995913477272,-0.3687926440265348,2.187214592201168,2.1728258519283816,12.84344281062112,30.39092344194344
2020-02-28 00:00:00-05:00,41761300.0,0.23323741271307946,23.837468303988572,0.8631532669067383,-0.017253194045635523,-0.029251573624360483,1.0,1.0,0.4743538499857143,-0.131537742924433,2.15752666078972,2.155422087132899,13.678774034390804,31.226254665713125
2020-03-02 00:00:00-05:00,41761300.0,0.25001037618684907,35.4231030666018,0.8843683242797852,0.0245785519054742,-0.002102484251796155,-0.6035313001605136,-0.6035313001605136,0.07191369205592735,0.4860262262278361,2.1554219632150478,2.1797034462974634,12.753615852231327,30.301096483553646
2020-03-03 00:00:00-05:00,41761300.0,0.20363810821547035,32.906092247030216,0.8801251411437988,-0.004797981813111529,0.025982936321230055,-0.22614227877385773,-0.22614227877385773,-0.1854813735279599,-0.07105562758968764,2.181073078559467,2.174893917219094,12.49724860723621,30.04472923855853
2020-03-04 00:00:00-05:00,41761300.0,0.1745382577072024,43.8414108607796,0.9067956924438476,0.030303135376167134,0.009582633693467901,-0.11958146487294474,-0.11958146487294474,-0.14289982736176898,0.3323189679180547,2.190610090041087,2.2047469823515207,12.369890730759568,29.917371362081887
2020-03-05 00:00:00-05:00,41761300.0,0.14921525687688417,39.0335072574981,0.8886112213134766,-0.020053548204847838,0.004067764021938203,-0.34125636672325976,-0.34125636672325976,-0.14508567441299303,-0.10966580474677723,2.194669603078759,2.184489632515771,11.952469886731256,29.499950518053577
2020-03-06 00:00:00-05:00,41761300.0,0.13846263278819138,37.6866565378808,0.8867926597595215,-0.0020465210322991867,-0.0222824517121466,1.0,1.0,-0.07206115724188089,-0.034504988514927226,2.1721351469874763,2.1824410144977984,12.94753368636867,30.49501431769099
2020-03-09 00:00:00-04:00,41761300.0,0.2700357577994337,26.233900931575988,0.8152674674987793,-0.0806560490477427,-0.06767936921936091,0.01762744163887575,0.01762744163887575,0.9502428370874034,-0.303894180551492,2.1020566479708362,2.0983460543932697,12.965007566628122,30.512488197950443
2020-03-10 00:00:00-04:00,41761300.0,0.3185090809585258,26.233870786482456,0.8195106506347656,0.005204651608391009,0.011111226043095224,-0.27551498127340823,-0.27551498127340823,0.17950705326623906,-1.1490892495302774e-06,2.11310659782641,2.103537208615019,12.642713371106789,30.19019400242911
2020-03-11 00:00:00-04:00,41761300.0,0.3767036290463891,23.16519807454668,0.7873846530914307,-0.03920143993058689,-0.016849995639860227,-0.04458804523424875,-0.04458804523424875,0.18270922735619277,-0.11697369164130256,2.0961130258847063,2.063546701718737,12.59710070584057,30.14458133716289
2020-03-12 00:00:00-04:00,41761300.0,0.6100159140731143,18.61935835851996,0.7161932468414307,-0.07707974242539939,-0.10979374032715972,0.6486303686168413,0.6486303686168413,0.6193523689096023,-0.19623573696188557,1.9798109352196995,1.983334258680119,13.09704556942004,30.64452620074236
2020-03-13 00:00:00-04:00,41761300.0,0.6563039968605989,27.340738686733616,0.7504141807556153,0.03264229304082211,0.01265837013496074,0.24082051282051276,0.24082051282051276,0.07588012332074467,0.46840391383427415,1.9923898579348234,2.0154551091208024,13.312818434095005,30.860299065417326
2020-03-16 00:00:00-04:00,41761300.0,0.7377312618754469,23.36558603048782,0.6770834922790527,-0.09772028615280637,-0.09166713119278258,-0.4071747396263845,-0.4071747396263845,0.12406943337897025,-0.14539302327536008,1.8962454859768922,1.91262440617242,12.78996284015317,30.33744347147549
2020-03-17 00:00:00-04:00,41761300.0,0.6589507913548193,23.608005403156056,0.6874722480773926,0.015343389577216593,0.03761518526987162,-0.06553262688232009,-0.06553262688232009,-0.1067874910443044,0.010375060670505976,1.9331704748839924,1.927851276305005,12.722184273725402,30.269664905047723
2020-03-18 00:00:00-04:00,41761300.0,0.6761354284423103,19.426424590393907,0.5738101482391358,-0.16533336459199333,-0.04951381029887669,1.0,1.0,0.026078786630119977,-0.17712554454952523,1.8823888282151828,1.7471284034242756,13.773020506343322,31.32050113766564
2020-03-19 00:00:00-04:00,41761300.0,0.7926456978901842,23.148706310482638,0.593364953994751,0.03407887750961458,-0.1525580862310083,-0.3697829716193656,-0.3697829716193656,0.17231794777607168,0.19160920234026735,1.7168558478131193,1.7806394604594753,13.311329476916953,30.858810108239272
2020-03-20 00:00:00-04:00,41761300.0,0.6260068418591078,19.76021769849781,0.593364953994751,0.0,0.09769488220237443,0.35397350993377485,0.35397350993377485,-0.21023119973353233,-0.14637917845328519,1.8100682672216604,1.7806394604594753,13.614373086912678,31.161853718234998
2020-03-23 00:00:00-04:00,41761300.0,0.607183183837431,18.124594194468685,0.5457003116607666,-0.08032938584102156,-0.028999844675540176,0.10809488872584994,0.10809488872584994,-0.030069412605419066,-0.0827735569003103,1.7806396164942337,1.6968997593249995,13.717015311215174,31.264495942537494
2020-03-24 00:00:00-04:00,41761300.0,0.5207923067880462,20.653082021269512,0.5890872955322266,0.07950698019471059,-0.046344220655954116,-0.25866254689913926,-0.25866254689913926,-0.14228140592331573,0.13950590008644048,1.7331871255521527,1.7734041964136515,13.417715956160329,30.965196587482648
2020-03-25 00:00:00-04:00,41761300.0,0.4887782815997603,30.683043921245243,0.6593621730804443,0.11929450538349506,0.03887679927343157,-0.3274784161952963,-0.3274784161952963,-0.061471770552315674,0.4856399587067153,1.7713272543858107,1.8861027773389838,13.02099488301604,30.56847551433836
2020-03-26 00:00:00-04:00,41761300.0,0.4024035894253232,34.75391360443791,0.6954164981842041,0.05468060889104276,0.1174639857590738,-0.15559982293050023,-0.15559982293050023,-0.1767154872179153,0.13267489671629207,1.8823890738634215,1.939340758044254,12.851866129706648,30.39934676102897
2020-03-27 00:00:00-04:00,41761300.0,0.37755255419879286,38.17517963090895,0.6801390647888184,-0.021968753164868127,-0.018605022586065334,0.4372214941022281,0.4372214941022281,-0.06175649492098312,0.0984426118281585,1.8636088007472793,1.9171270983157265,13.21457786139214,30.76205849271446
2020-03-30 00:00:00-04:00,41761300.0,0.39665279642527407,38.442234521932996,0.6868610382080078,0.0098832338372985,0.04265407795776932,-0.7058179828561006,-0.7058179828561006,0.05058962524307109,0.006995511052103165,1.9053782611194339,1.9269618124234555,11.9910212641133,29.53850189543562
2020-03-31 00:00:00-04:00,41761300.0,0.4815760992900232,39.911582182028205,0.6758615493774414,-0.016014140006053612,0.030909144068863803,1.0,1.0,0.21409984659152137,0.03822222298906386,1.9358193381865854,1.9108180604654723,12.693117740630761,30.24059837195308
2020-04-01 00:00:00-04:00,41761300.0,0.4559009672908088,43.2853798809196,0.6477515220642089,-0.04159139891761188,-0.060846682550535824,0.3235023041474654,0.3235023041474654,-0.053314797052982255,0.08453179539473576,1.8730428024533836,1.8683369832224348,12.973399224264371,30.520879855586692
2020-04-02 00:00:00-04:00,41761300.0,0.3233126504583103,40.27775862034992,0.6563065528869629,0.01320727243602815,0.000938774606559889,-0.3500464252553389,-0.3500464252553389,-0.29082701363939734,-0.06948353621578018,1.8739811366866486,1.8814578000325717,12.542544882151386,30.090025513473705
2020-04-03 00:00:00-04:00,41761300.0,0.16998866503955576,45.636663562169694,0.6398075580596924,-0.025139159063237604,-0.0018756550316038068,-0.4792857142857143,-0.4792857142857143,-0.47422822831525724,0.13304873769992365,1.8721037204114777,1.8559972546174333,11.889991098556695,29.437471729879015
2020-04-06 00:00:00-04:00,41761300.0,0.17955290161697698,47.513792325961475,0.6654729843139648,0.0401142905096441,-0.008458974258035101,0.6481481481481481,0.6481481481481481,0.05626396663092592,0.04113203326607384,1.8636087659834606,1.8953278564535436,12.38964342172456,29.93712405304688
2020-04-07 00:00:00-04:00,41761300.0,0.1901584956713985,64.66303336208215,0.6721950054168702,0.010101117943705828,0.05971579612711442,-0.42655014565126925,-0.42655014565126925,0.0590666815123122,0.36093185150262874,1.9216095212964721,1.9053782990713082,11.833558637561696,29.381039268884017
2020-04-08 00:00:00-04:00,41761300.0,0.1967808491685742,64.66303336208215,0.6917498111724854,0.02909097151575546,-0.006261151443535229,0.6081277213352685,0.6081277213352685,0.034825441134217705,0.0,1.915328686641514,1.934054159708159,12.308629233855266,29.856109865177586
2020-04-09 00:00:00-04:00,41761300.0,0.2485253843820861,67.504196624898,0.7210819244384765,0.04240277740918286,0.048604763595394784,0.7639891696750902,0.7639891696750902,0.2629551373120891,0.043937983034397554,1.9627891706020957,1.9755825709701598,12.876207051781046,30.423687683103367
2020-04-13 00:00:00-04:00,41761300.0,0.3089811732263804,74.62964464179584,0.7082491874694824,-0.017796503468017533,0.014592394967043898,-0.0990023023791251,-0.0990023023791251,0.24325800358223693,0.10555563021499181,1.9772761211272196,1.9576258054850002,12.771954475044243,30.319435106366562
2020-04-14 00:00:00-04:00,41761300.0,0.32277854674165135,72.65470843217668,0.7278038501739502,0.02760986253204889,-0.0016921214627192427,-0.6448040885860307,-0.6448040885860307,0.044654414931495134,-0.02646315976845892,1.9755825664099227,1.9848613893297953,11.736868696455003,29.284349327777324
2020-04-15 00:00:00-04:00,41761300.0,0.29981527518543793,62.094768333134205,0.7186375141143799,-0.012594514383758026,0.0033897379858724985,-0.03996802557953638,-0.03996802557953638,-0.07114249626569202,-0.14534419484870964,1.9789665721841332,1.9721868917740046,11.696080008068074,29.243560639390395
2020-04-16 00:00:00-04:00,41761300.0,0.19439620326994322,55.4736649772653,0.7183291912078857,0.014181944155901238,-0.0029218554322726353,1.0,1.0,-0.3516134121261575,-0.10662900488406901,1.9760404397991538,1.9862692129533928,12.546821438918647,30.094302070240968
2020-04-17 00:00:00-04:00,41761300.0,0.1655456373704204,61.19814009242546,0.7251118183135986,-0.005100472016119961,0.006837714100119685,-0.2997866287339972,-0.2997866287339972,-0.1484111593448162,0.1031926611934908,1.982854882752953,1.981155689130715,12.190451264627217,29.737931895949536
2020-04-20 00:00:00-04:00,41761300.0,0.045325663241119696,54.805003149464596,0.7072307586669921,-0.024659727224130235,-0.010186612760416103,-0.3676993397663789,-0.3676993397663789,-0.7262044233778253,-0.1044661967390762,1.9726160313937262,1.9561868179797275,11.732060994886899,29.27954162620922
2020-04-21 00:00:00-04:00,41761300.0,0.09460437039350537,55.917401175045086,0.7004479885101318,-0.009590604019605542,-0.02915984259039761,0.7887550200803213,0.7887550200803213,1.0,0.020297380926094455,1.9430225906841674,1.9465499279390535,12.313580853245458,29.861061484567777
2020-04-22 00:00:00-04:00,41761300.0,0.1051876612062741,66.28753235892069,0.7090803623199463,0.01232407537949487,0.010600797840795373,-0.428378985181859,-0.428378985181859,0.11186894187602214,0.18545445542815386,1.9535675940319148,1.9587986801292496,11.754301784545499,29.30178241586782
2020-04-23 00:00:00-04:00,41761300.0,0.1050426150505243,65.3950665363999,0.7127799034118653,0.005217379141364109,0.00699303520626815,-0.19481539670070702,-0.19481539670070702,-0.0013789274719718803,-0.013463554770578035,1.9605362913653437,1.9640024959044224,11.5376180775606,29.08509870888292
2020-04-24 00:00:00-04:00,41761300.0,0.09792757495947657,70.30099143609829,0.7090803623199463,-0.005190299381632846,0.006076410849448877,-0.12292682926829268,-0.12292682926829268,-0.06773479589807885,0.07501980133268438,1.9665943152771834,1.9587986801292496,11.406453220459712,28.953933851782033
2020-04-27 00:00:00-04:00,41761300.0,0.09241093480995063,63.16160716196751,0.7047643184661865,-0.006086819044936798,-0.007765217237468147,0.49499443826473866,0.49499443826473866,-0.05633387890804786,-0.10155453185351282,1.9587987917484395,1.9526932608854974,11.808575707071187,29.356056338393508
2020-04-28 00:00:00-04:00,41761300.0,0.0668307914433307,61.42438703902062,0.7047643184661865,0.0,-0.001739170240319332,-0.5029761904761905,-0.5029761904761905,-0.2768086203134643,-0.027504368571434124,1.9570581073957702,1.9526932608854974,11.109458359524737,28.656938990847056
2020-04-29 00:00:00-04:00,41761300.0,0.052647610804972156,60.44667562354889,0.7207956314086914,0.02274705532396215,0.004355380892442584,1.0,1.0,-0.2122252382778559,-0.01591731660017426,1.9614040310667782,1.9751854595339127,11.875483072067116,29.422963703389435
2020-04-30 00:00:00-04:00,41761300.0,0.04879279739352743,50.97196641548004,0.7232621192932129,0.0034218962727354807,0.013009763336970792,0.018789144050104456,0.018789144050104456,-0.0732191518761316,-0.15674491790211342,1.9743298943292982,1.9786015144415015,11.894097880509348,29.44157851183167
2020-05-01 00:00:00-04:00,41761300.0,0.042099993833735805,54.51214211144698,0.7177129745483398,-0.007672384045628977,-0.013698435590580593,-0.3340163934426229,-0.3340163934426229,-0.13716785913732943,0.0694533867324334,1.9605367694453821,1.9708995462395813,11.487607656985938,29.03508828830826
2020-05-04 00:00:00-04:00,41761300.0,0.04460546837608676,46.40982827622153,0.7214122772216797,0.005154292599583776,0.008680203943434162,0.1333333333333333,0.1333333333333333,0.05951246815488265,-0.14863319475981562,1.9691795170151416,1.9760406009415779,11.612770799939945,29.160251431262264
2020-05-05 00:00:00-04:00,41761300.0,0.06835667115146385,55.19718070153167,0.7275781631469727,0.008546965611729185,0.013769274100341233,0.4316742081447964,0.4316742081447964,0.5324728926758728,0.18934248954789634,1.9828548559579342,1.9845512480380645,11.97161533431569,29.51909596563801
2020-05-06 00:00:00-04:00,41761300.0,0.08042692862250177,52.38095238095238,0.7226453304290772,-0.006779797646152108,0.0025466031016507795,-0.45069532237673826,-0.45069532237673826,0.1765776078283976,-0.051021234867184906,1.9853982219604793,1.977748363153477,11.372513311253483,28.919993942575804
2020-05-07 00:00:00-04:00,41761300.0,0.07888125357158929,50.70423302265244,0.7263450145721435,0.005119640281726623,0.0008469097047472118,0.5638665132336018,0.5638665132336018,-0.019218377195123093,-0.03201009684027156,1.9862447732395578,1.98285494263566,11.819674600139235,29.367155231461556
2020-05-08 00:00:00-04:00,41761300.0,0.07550366745542983,67.71642515401416,0.7349771976470947,0.01188441154240727,0.0025379628182884417,-0.19720382634289924,-0.19720382634289924,-0.042818616125238185,0.3355181829446354,1.9887795208690835,1.9946692891341082,11.600020171821162,29.147500803143483
2020-05-11 00:00:00-04:00,41761300.0,0.07780655522988959,72.26926581238675,0.7331276416778564,-0.002516480749551686,-0.001687526703675335,-0.5591200733272228,-0.5591200733272228,0.03050034325576534,0.06723391921557598,1.9870905686883076,1.9921496367248106,10.781037456093852,28.32851808741617
2020-05-12 00:00:00-04:00,41761300.0,0.054389486725736104,68.5717610596525,0.7331276416778564,0.0,0.00591713400470506,0.1288981288981288,0.1288981288981288,-0.300965239175089,-0.0511628935366949,1.9929902652084082,1.9921496367248106,10.902279505922026,28.449760137244347
2020-05-13 00:00:00-04:00,41761300.0,0.027901598553455764,56.410403860136164,0.7220289230346679,-0.01513886261031916,-6.630729532108859e-08,1.0,1.0,-0.48700382678453846,-0.1773522658829898,1.9929901989011105,1.9768950117071735,12.099044072771651,29.64652470409397
